Command: /root/miniconda3/envs/torchtitan/bin/torchrun --nnodes=1 --node_rank=0 --nproc_per_node=1 --rdzv_backend=c10d --rdzv_endpoint=localhost:0 --rdzv_id=glm5-2-gpu-npu-training-migration-cuda-single-vs-npu-single-mixed-bfloat16-random-seed-steps1000-global-batch16-seq128-seed61 --local-ranks-filter=0 --role=rank --tee=3 -m tests.glm5_2_precision.capture_metrics --module glm5 --config glm5_debugmodel --dump_folder=/workspace/y50064852_yyb/torchtitan-test/precision_runs/glm5-2-gpu-npu-training-migration-cuda-single-vs-npu-single-mixed-bfloat16-random-seed-steps1000-global-batch16-seq128-seed61/candidate-npu-candidate-single-run-1/trainer_output --training.steps=1000 --training.local_batch_size=2 --training.global_batch_size=16 --training.seq_len=128 --training.dtype=float32 --training.mixed_precision_param=bfloat16 --training.mixed_precision_reduce=float32 --debug.seed=61 --metrics.log_freq=1 --metrics.enable_tensorboard --metrics.disable_color_printing --metrics.save_tb_folder=tensorboard --debug.deterministic --parallelism.data_parallel_replicate_degree=1 --parallelism.data_parallel_shard_degree=1 --parallelism.tensor_parallel_degree=1 --parallelism.pipeline_parallel_degree=1 --parallelism.expert_parallel_degree=1 --checkpoint.enable --checkpoint.load_only --checkpoint.initial_load_path=/workspace/y50064852_yyb/torchtitan-test/precision_fixtures/glm5-2-gpu-npu-training-migration-cuda-single-vs-npu-single-mixed-bfloat16-random-seed-steps1000-global-batch16-seq128-seed61/seed_generation/checkpoint/step-0

[rank0]:W0813 22:49:13.678000 163737 site-packages/torch/utils/_pytree.py:630] <enum 'KernelPreference'> is an Enum subclass and is now natively supported by torch.compile as an opaque value type. Calling register_constant() on Enum subclasses is deprecated and will be an error in a future release.
[rank0]:W0813 22:49:13.825000 163737 site-packages/torch/utils/_pytree.py:630] <enum 'ScaleCalculationMode'> is an Enum subclass and is now natively supported by torch.compile as an opaque value type. Calling register_constant() on Enum subclasses is deprecated and will be an error in a future release.
[rank0]:I0813 22:49:15.467000 163737 site-packages/torch_npu/utils/patch_getenv.py:15] get env RANK = 0
[rank0]:I0813 22:49:15.469000 163737 site-packages/torch_npu/utils/patch_getenv.py:15] get env LOCAL_RANK = 0
[rank0]:I0813 22:49:16.621000 163737 site-packages/torch_npu/utils/patch_getenv.py:15] get env WORLD_SIZE = 1
[rank0]:I0813 22:49:16.621000 163737 site-packages/torch_npu/utils/patch_getenv.py:15] get env MASTER_ADDR = localhost.localdomain
[rank0]:I0813 22:49:16.621000 163737 site-packages/torch_npu/utils/patch_getenv.py:15] get env MASTER_PORT = 36103
[rank0]:I0813 22:49:16.621000 163737 site-packages/torch_npu/utils/patch_getenv.py:15] get env TORCHELASTIC_USE_AGENT_STORE = True
[rank0]:[W813 22:49:16.108614260 ProcessGroupHCCL.cpp:1235] Warning: The watchdog timeout 300000ms(which is set by init_process_group) is less than or equal to HCCL execution timeout 1836000ms! The plog may not be recorded. (function ProcessGroupHCCL)
[rank0]:[rank0]:[W813 22:49:16.307287200 NPUCachingAllocator.cpp:177] Warning: The current CANN and Soc versions require processing for 32 padding size, with memory allocation. (function operator())
[rank0]:/root/miniconda3/envs/torchtitan/lib/python3.12/site-packages/torchdata/stateful_dataloader/stateful_dataloader.py:379: UserWarning: 'set_vital' is deprecated, please do not call
[rank0]:  torch.set_vital("Dataloader", "enabled", "True")  # type: ignore[attr-defined]
[rank0]:/root/miniconda3/envs/torchtitan/lib/python3.12/site-packages/torch_npu/distributed/distributed_c10d.py:221: UserWarning: HCCL doesn't support gather at the moment. Implemented with allgather instead.
[rank0]:  warnings.warn(
[rank0]:[rank0]:[W813 22:49:17.093070740 VariableFallbackKernel.cpp:249] Warning: CAUTION: The operator 'aten::_assert_async.msg' is not currently supported on the NPU backend and will fall back to run on the CPU. This may have performance implications. (function npu_cpu_fallback)
[rank0]:[rank0]:[W813 22:49:18.888265640 ArgSortKernelNpuOpApi.cpp:45] Warning: Warning: kernel [ArgSort] can not support dtype int32 or int64 on AiCore, Now this kernel is running on AiCpu.If you are more concerned about high-performance execution,please cast dtype to float32. (function operator())
[rank0]:[titan] 2026-08-13 22:49:15,305 - root - INFO - torchtitan version: 0.2.2 (0.0.0 means __version__ is not defined correctly).
[rank0]:[titan] 2026-08-13 22:49:15,314 - root - WARNING - initial_load_model_only=True has no effect without an initial_load_path.
[rank0]:[titan] 2026-08-13 22:49:15,469 - torchtitan.observability.structured_logger.jsonl_handler - INFO - Structured logging -> JSONL: /workspace/y50064852_yyb/torchtitan-test/precision_runs/glm5-2-gpu-npu-training-migration-cuda-single-vs-npu-single-mixed-bfloat16-random-seed-steps1000-global-batch16-seq128-seed61/candidate-npu-candidate-single-run-1/trainer_output/structured_logs/training.global_rank_0.20260813-224915-N73ZON.jsonl
[rank0]:[titan] 2026-08-13 22:49:16,620 - root - WARNING - ENV[TORCH_NCCL_ASYNC_ERROR_HANDLING] = 1 will be overridden to 3 based on job config
[rank0]:[titan] 2026-08-13 22:49:16,624 - root - INFO - [GC] Initial GC collection took 0.00 seconds
[rank0]:[titan] 2026-08-13 22:49:16,624 - root - INFO - Deterministic algorithm enabled (expect perf degradation).
[rank0]:[titan] 2026-08-13 22:49:16,659 - root - INFO - Building glm5 debugmodel
[rank0]:[titan] 2026-08-13 22:49:16,733 - root - INFO - TensorBoard logging enabled. Logs will be saved at /workspace/y50064852_yyb/torchtitan-test/precision_runs/glm5-2-gpu-npu-training-migration-cuda-single-vs-npu-single-mixed-bfloat16-random-seed-steps1000-global-batch16-seq128-seed61/candidate-npu-candidate-single-run-1/trainer_output/tensorboard/20260813-2249
[rank0]:[titan] 2026-08-13 22:49:16,818 - root - INFO - NPU capacity: Ascend910B2 with 60.96GiB memory
[rank0]:[titan] 2026-08-13 22:49:16,820 - root - WARNING - Error running lspci: [Errno 2] No such file or directory: 'lspci', fallback to use device_name
[rank0]:[titan] 2026-08-13 22:49:16,821 - root - INFO - Total parameter count: dense 3,251,712, sparse 5,314,560, vision 0, active 5,027,328
[rank0]:[titan] 2026-08-13 22:49:16,821 - root - INFO - Model glm5 debugmodel size: 8,566,272 total parameters
[rank0]:[titan] 2026-08-13 22:49:17,069 - root - WARNING - Error running lspci: [Errno 2] No such file or directory: 'lspci', fallback to use device_name
[rank0]:[titan] 2026-08-13 22:49:17,069 - root - INFO - Peak FLOPS used for computing MFU: 3.539e+14
[rank0]:[titan] 2026-08-13 22:49:17,070 - root - INFO - NPU memory usage for model: 0.05GiB(0.08%)
[rank0]:[titan] 2026-08-13 22:49:17,071 - root - INFO - Optimizer AdamW (model_part=0): 83 params [.*] {'fused': True, 'foreach': False, 'lr': 0.0008, 'betas': (0.9, 0.95), 'eps': 1e-08, 'weight_decay': 0.1}
[rank0]:[titan] 2026-08-13 22:49:17,072 - root - INFO - Loading tokenizer from tokenizer.json
[rank0]:[titan] 2026-08-13 22:49:17,081 - root - INFO - Preparing c4_test dataset from tests/assets/c4_test
[rank0]:[titan] 2026-08-13 22:49:17,234 - root - WARNING - model.safetensors.index.json not found at hf_assets_path: ./tests/assets/tokenizer/model.safetensors.index.json.                     Defaulting to saving a single safetensors file if checkpoint is saved in HF format
[rank0]:[titan] 2026-08-13 22:49:17,236 - root - INFO - Checkpointing active. Checkpoints will be loaded from and saved to /workspace/y50064852_yyb/torchtitan-test/precision_runs/glm5-2-gpu-npu-training-migration-cuda-single-vs-npu-single-mixed-bfloat16-random-seed-steps1000-global-batch16-seq128-seed61/candidate-npu-candidate-single-run-1/trainer_output/checkpoint
[rank0]:[titan] 2026-08-13 22:49:17,236 - root - INFO - Trainer is initialized with local batch size 2, global batch size 16, gradient accumulation steps 8, sequence length 128, total steps 1000 (warmup 200)
[rank0]:[titan] 2026-08-13 22:49:17,236 - root - INFO - Loading the checkpoint from /workspace/y50064852_yyb/torchtitan-test/precision_fixtures/glm5-2-gpu-npu-training-migration-cuda-single-vs-npu-single-mixed-bfloat16-random-seed-steps1000-global-batch16-seq128-seed61/seed_generation/checkpoint/step-0.
[rank0]:[titan] 2026-08-13 22:49:17,592 - root - INFO - [GC] GC collection for checkpoint loading. took 0.01 seconds
[rank0]:[titan] 2026-08-13 22:49:17,592 - root - INFO - Finished loading the checkpoint in 0.36 seconds.
[rank0]:[titan] 2026-08-13 22:49:17,593 - root - INFO - Training starts at step 1
[rank0]:[titan] 2026-08-13 22:49:19,048 - root - INFO - Building device mesh with parallelism: pp=1, dp_replicate=1, dp_shard=1, cp=1, tp=1, ep=1
[rank0]:[titan] 2026-08-13 22:49:19,057 - root - INFO - Successfully created meshes with active dimensions: []
[rank0]:[titan] 2026-08-13 22:49:19,421 - root - INFO - step:  1  loss:  8.10081  grad_norm:  1.3505  memory:  0.16GiB(0.27%)  tps: 788  tflops: 0.02  mfu: 0.01%
[rank0]:[titan] 2026-08-13 22:49:19,422 - root - INFO - Synchronizing and adjusting timeout for all ProcessGroups to 0:01:40
[rank0]:[titan] 2026-08-13 22:49:19,854 - root - INFO - step:  2  loss:  8.09182  grad_norm:  1.2229  memory:  0.20GiB(0.32%)  tps: 4,748  tflops: 0.14  mfu: 0.04%
[rank0]:[titan] 2026-08-13 22:49:20,277 - root - INFO - step:  3  loss:  8.07004  grad_norm:  1.3301  memory:  0.20GiB(0.32%)  tps: 4,851  tflops: 0.15  mfu: 0.04%
[rank0]:[titan] 2026-08-13 22:49:20,733 - root - INFO - step:  4  loss:  8.05594  grad_norm:  1.3712  memory:  0.20GiB(0.32%)  tps: 4,508  tflops: 0.14  mfu: 0.04%
[rank0]:[titan] 2026-08-13 22:49:21,203 - root - INFO - step:  5  loss:  8.11591  grad_norm:  1.2711  memory:  0.20GiB(0.32%)  tps: 4,362  tflops: 0.13  mfu: 0.04%
[rank0]:[titan] 2026-08-13 22:49:21,638 - root - INFO - step:  6  loss:  8.06991  grad_norm:  1.4607  memory:  0.20GiB(0.32%)  tps: 4,722  tflops: 0.14  mfu: 0.04%
[rank0]:[titan] 2026-08-13 22:49:22,927 - root - INFO - step:  7  loss:  8.02896  grad_norm:  1.4292  memory:  0.20GiB(0.32%)  tps: 1,592  tflops: 0.05  mfu: 0.01%
[rank0]:[titan] 2026-08-13 22:49:24,264 - root - INFO - step:  8  loss:  7.99075  grad_norm:  1.4618  memory:  0.20GiB(0.32%)  tps: 1,533  tflops: 0.05  mfu: 0.01%
[rank0]:[titan] 2026-08-13 22:49:25,229 - root - INFO - step:  9  loss:  7.99302  grad_norm:  1.4187  memory:  0.20GiB(0.32%)  tps: 2,124  tflops: 0.06  mfu: 0.02%
[rank0]:[titan] 2026-08-13 22:49:26,317 - root - INFO - step: 10  loss:  7.95920  grad_norm:  1.4058  memory:  0.20GiB(0.32%)  tps: 1,885  tflops: 0.06  mfu: 0.02%
[rank0]:[titan] 2026-08-13 22:49:27,066 - root - INFO - step: 11  loss:  7.96747  grad_norm:  1.4602  memory:  0.20GiB(0.32%)  tps: 2,740  tflops: 0.08  mfu: 0.02%
[rank0]:[titan] 2026-08-13 22:49:27,710 - root - INFO - step: 12  loss:  7.91970  grad_norm:  1.4378  memory:  0.20GiB(0.32%)  tps: 3,186  tflops: 0.10  mfu: 0.03%
[rank0]:[titan] 2026-08-13 22:49:28,221 - root - INFO - step: 13  loss:  7.88501  grad_norm:  1.4651  memory:  0.20GiB(0.32%)  tps: 4,014  tflops: 0.12  mfu: 0.03%
[rank0]:[titan] 2026-08-13 22:49:28,957 - root - INFO - step: 14  loss:  7.86609  grad_norm:  1.4537  memory:  0.20GiB(0.32%)  tps: 2,789  tflops: 0.08  mfu: 0.02%
[rank0]:[titan] 2026-08-13 22:49:29,831 - root - INFO - step: 15  loss:  7.83331  grad_norm:  1.4670  memory:  0.20GiB(0.32%)  tps: 2,347  tflops: 0.07  mfu: 0.02%
[rank0]:[titan] 2026-08-13 22:49:30,584 - root - INFO - step: 16  loss:  7.75142  grad_norm:  1.4652  memory:  0.20GiB(0.32%)  tps: 2,724  tflops: 0.08  mfu: 0.02%
[rank0]:[titan] 2026-08-13 22:49:31,326 - root - INFO - step: 17  loss:  7.71835  grad_norm:  1.5329  memory:  0.20GiB(0.32%)  tps: 2,765  tflops: 0.08  mfu: 0.02%
[rank0]:[titan] 2026-08-13 22:49:31,775 - root - INFO - step: 18  loss:  7.69386  grad_norm:  1.4930  memory:  0.20GiB(0.32%)  tps: 4,579  tflops: 0.14  mfu: 0.04%
[rank0]:[titan] 2026-08-13 22:49:32,203 - root - INFO - step: 19  loss:  7.65209  grad_norm:  1.6102  memory:  0.20GiB(0.32%)  tps: 4,800  tflops: 0.15  mfu: 0.04%
[rank0]:[titan] 2026-08-13 22:49:32,633 - root - INFO - step: 20  loss:  7.67639  grad_norm:  1.6566  memory:  0.20GiB(0.32%)  tps: 4,775  tflops: 0.15  mfu: 0.04%
[rank0]:[titan] 2026-08-13 22:49:33,053 - root - INFO - step: 21  loss:  7.47942  grad_norm:  1.7119  memory:  0.20GiB(0.32%)  tps: 4,898  tflops: 0.15  mfu: 0.04%
[rank0]:[titan] 2026-08-13 22:49:33,480 - root - INFO - step: 22  loss:  7.39432  grad_norm:  1.6646  memory:  0.20GiB(0.32%)  tps: 4,806  tflops: 0.15  mfu: 0.04%
[rank0]:[titan] 2026-08-13 22:49:33,898 - root - INFO - step: 23  loss:  7.27589  grad_norm:  1.7884  memory:  0.20GiB(0.32%)  tps: 4,910  tflops: 0.15  mfu: 0.04%
[rank0]:[titan] 2026-08-13 22:49:34,314 - root - INFO - step: 24  loss:  7.38072  grad_norm:  1.5495  memory:  0.20GiB(0.32%)  tps: 4,943  tflops: 0.15  mfu: 0.04%
[rank0]:[titan] 2026-08-13 22:49:34,733 - root - INFO - step: 25  loss:  7.32186  grad_norm:  1.5692  memory:  0.20GiB(0.32%)  tps: 4,901  tflops: 0.15  mfu: 0.04%
[rank0]:[titan] 2026-08-13 22:49:35,154 - root - INFO - step: 26  loss:  7.24235  grad_norm:  1.6324  memory:  0.20GiB(0.32%)  tps: 4,882  tflops: 0.15  mfu: 0.04%
[rank0]:[titan] 2026-08-13 22:49:35,579 - root - INFO - step: 27  loss:  6.75844  grad_norm:  2.1622  memory:  0.20GiB(0.32%)  tps: 4,837  tflops: 0.15  mfu: 0.04%
[rank0]:[titan] 2026-08-13 22:49:36,004 - root - INFO - step: 28  loss:  6.81006  grad_norm:  2.0274  memory:  0.20GiB(0.32%)  tps: 4,831  tflops: 0.15  mfu: 0.04%
[rank0]:[titan] 2026-08-13 22:49:36,434 - root - INFO - step: 29  loss:  6.56035  grad_norm:  2.2962  memory:  0.20GiB(0.32%)  tps: 4,780  tflops: 0.15  mfu: 0.04%
[rank0]:[titan] 2026-08-13 22:49:36,860 - root - INFO - step: 30  loss:  6.49837  grad_norm:  2.1740  memory:  0.20GiB(0.32%)  tps: 4,819  tflops: 0.15  mfu: 0.04%
[rank0]:[titan] 2026-08-13 22:49:37,283 - root - INFO - step: 31  loss:  6.49808  grad_norm:  2.0425  memory:  0.20GiB(0.32%)  tps: 4,862  tflops: 0.15  mfu: 0.04%
[rank0]:[titan] 2026-08-13 22:49:37,727 - root - INFO - step: 32  loss:  6.19086  grad_norm:  2.1881  memory:  0.20GiB(0.32%)  tps: 4,624  tflops: 0.14  mfu: 0.04%
[rank0]:[titan] 2026-08-13 22:49:38,159 - root - INFO - step: 33  loss:  5.78965  grad_norm:  2.5213  memory:  0.20GiB(0.32%)  tps: 4,757  tflops: 0.14  mfu: 0.04%
[rank0]:[titan] 2026-08-13 22:49:38,647 - root - INFO - step: 34  loss:  5.86934  grad_norm:  2.3556  memory:  0.20GiB(0.32%)  tps: 4,207  tflops: 0.13  mfu: 0.04%
[rank0]:[titan] 2026-08-13 22:49:39,073 - root - INFO - step: 35  loss:  5.55833  grad_norm:  2.5104  memory:  0.20GiB(0.32%)  tps: 4,816  tflops: 0.15  mfu: 0.04%
[rank0]:[titan] 2026-08-13 22:49:40,409 - root - INFO - step: 36  loss:  5.45102  grad_norm:  2.3831  memory:  0.20GiB(0.32%)  tps: 1,535  tflops: 0.05  mfu: 0.01%
[rank0]:[titan] 2026-08-13 22:49:41,809 - root - INFO - step: 37  loss:  5.13151  grad_norm:  2.3799  memory:  0.20GiB(0.32%)  tps: 1,463  tflops: 0.04  mfu: 0.01%
[rank0]:[titan] 2026-08-13 22:49:42,674 - root - INFO - step: 38  loss:  4.94160  grad_norm:  2.3148  memory:  0.20GiB(0.32%)  tps: 2,373  tflops: 0.07  mfu: 0.02%
[rank0]:[titan] 2026-08-13 22:49:43,486 - root - INFO - step: 39  loss:  4.95737  grad_norm:  2.2229  memory:  0.20GiB(0.32%)  tps: 2,527  tflops: 0.08  mfu: 0.02%
[rank0]:[titan] 2026-08-13 22:49:44,362 - root - INFO - step: 40  loss:  4.75984  grad_norm:  2.1880  memory:  0.20GiB(0.32%)  tps: 2,342  tflops: 0.07  mfu: 0.02%
[rank0]:[titan] 2026-08-13 22:49:45,138 - root - INFO - step: 41  loss:  4.51101  grad_norm:  2.1513  memory:  0.20GiB(0.32%)  tps: 2,645  tflops: 0.08  mfu: 0.02%
[rank0]:[titan] 2026-08-13 22:49:45,652 - root - INFO - step: 42  loss:  4.35498  grad_norm:  2.0504  memory:  0.20GiB(0.32%)  tps: 3,997  tflops: 0.12  mfu: 0.03%
[rank0]:[titan] 2026-08-13 22:49:46,401 - root - INFO - step: 43  loss:  4.37719  grad_norm:  1.9782  memory:  0.20GiB(0.32%)  tps: 2,738  tflops: 0.08  mfu: 0.02%
[rank0]:[titan] 2026-08-13 22:49:47,158 - root - INFO - step: 44  loss:  4.34545  grad_norm:  1.9507  memory:  0.20GiB(0.32%)  tps: 2,709  tflops: 0.08  mfu: 0.02%
[rank0]:[titan] 2026-08-13 22:49:47,909 - root - INFO - step: 45  loss:  4.26884  grad_norm:  1.8300  memory:  0.20GiB(0.32%)  tps: 2,734  tflops: 0.08  mfu: 0.02%
[rank0]:[titan] 2026-08-13 22:49:48,569 - root - INFO - step: 46  loss:  4.16017  grad_norm:  1.7210  memory:  0.20GiB(0.32%)  tps: 3,105  tflops: 0.09  mfu: 0.03%
[rank0]:[titan] 2026-08-13 22:49:49,009 - root - INFO - step: 47  loss:  4.20222  grad_norm:  1.7223  memory:  0.20GiB(0.32%)  tps: 4,672  tflops: 0.14  mfu: 0.04%
[rank0]:[titan] 2026-08-13 22:49:49,427 - root - INFO - step: 48  loss:  4.13141  grad_norm:  1.4815  memory:  0.20GiB(0.32%)  tps: 4,917  tflops: 0.15  mfu: 0.04%
[rank0]:[titan] 2026-08-13 22:49:49,851 - root - INFO - step: 49  loss:  4.04769  grad_norm:  1.4444  memory:  0.20GiB(0.32%)  tps: 4,840  tflops: 0.15  mfu: 0.04%
[rank0]:[titan] 2026-08-13 22:49:49,855 - root - INFO - [GC] Performing periodic GC collection took 0.00 seconds
[rank0]:[titan] 2026-08-13 22:49:50,291 - root - INFO - step: 50  loss:  3.64128  grad_norm:  1.4951  memory:  0.20GiB(0.32%)  tps: 4,668  tflops: 0.14  mfu: 0.04%
[rank0]:[titan] 2026-08-13 22:49:50,726 - root - INFO - step: 51  loss:  3.61969  grad_norm:  1.3938  memory:  0.20GiB(0.32%)  tps: 4,730  tflops: 0.14  mfu: 0.04%
[rank0]:[titan] 2026-08-13 22:49:51,153 - root - INFO - step: 52  loss:  3.69601  grad_norm:  1.4501  memory:  0.20GiB(0.32%)  tps: 4,811  tflops: 0.15  mfu: 0.04%
[rank0]:[titan] 2026-08-13 22:49:51,581 - root - INFO - step: 53  loss:  3.68487  grad_norm:  1.3973  memory:  0.20GiB(0.32%)  tps: 4,797  tflops: 0.15  mfu: 0.04%
[rank0]:[titan] 2026-08-13 22:49:52,011 - root - INFO - step: 54  loss:  3.77986  grad_norm:  1.1196  memory:  0.20GiB(0.32%)  tps: 4,780  tflops: 0.15  mfu: 0.04%
[rank0]:[titan] 2026-08-13 22:49:52,435 - root - INFO - step: 55  loss:  3.47026  grad_norm:  1.2262  memory:  0.20GiB(0.32%)  tps: 4,842  tflops: 0.15  mfu: 0.04%
[rank0]:[titan] 2026-08-13 22:49:52,872 - root - INFO - step: 56  loss:  3.47141  grad_norm:  1.3183  memory:  0.20GiB(0.32%)  tps: 4,700  tflops: 0.14  mfu: 0.04%
[rank0]:[titan] 2026-08-13 22:49:53,299 - root - INFO - step: 57  loss:  3.50753  grad_norm:  1.1448  memory:  0.20GiB(0.32%)  tps: 4,816  tflops: 0.15  mfu: 0.04%
[rank0]:[titan] 2026-08-13 22:49:53,725 - root - INFO - step: 58  loss:  3.43835  grad_norm:  1.1152  memory:  0.20GiB(0.32%)  tps: 4,820  tflops: 0.15  mfu: 0.04%
[rank0]:[titan] 2026-08-13 22:49:54,153 - root - INFO - step: 59  loss:  3.48488  grad_norm:  1.1206  memory:  0.20GiB(0.32%)  tps: 4,800  tflops: 0.15  mfu: 0.04%
[rank0]:[titan] 2026-08-13 22:49:54,593 - root - INFO - step: 60  loss:  3.36774  grad_norm:  1.1832  memory:  0.20GiB(0.32%)  tps: 4,662  tflops: 0.14  mfu: 0.04%
[rank0]:[titan] 2026-08-13 22:49:55,019 - root - INFO - step: 61  loss:  3.17512  grad_norm:  1.1757  memory:  0.20GiB(0.32%)  tps: 4,829  tflops: 0.15  mfu: 0.04%
[rank0]:[titan] 2026-08-13 22:49:55,437 - root - INFO - step: 62  loss:  3.26118  grad_norm:  0.8399  memory:  0.20GiB(0.32%)  tps: 4,910  tflops: 0.15  mfu: 0.04%
[rank0]:[titan] 2026-08-13 22:49:55,865 - root - INFO - step: 63  loss:  3.22185  grad_norm:  0.7564  memory:  0.20GiB(0.32%)  tps: 4,802  tflops: 0.15  mfu: 0.04%
[rank0]:[titan] 2026-08-13 22:49:56,330 - root - INFO - step: 64  loss:  3.35269  grad_norm:  0.8284  memory:  0.20GiB(0.32%)  tps: 4,417  tflops: 0.13  mfu: 0.04%
[rank0]:[titan] 2026-08-13 22:49:56,798 - root - INFO - step: 65  loss:  3.30221  grad_norm:  0.9556  memory:  0.20GiB(0.32%)  tps: 4,390  tflops: 0.13  mfu: 0.04%
[rank0]:[titan] 2026-08-13 22:49:57,232 - root - INFO - step: 66  loss:  3.28752  grad_norm:  1.0061  memory:  0.20GiB(0.32%)  tps: 4,727  tflops: 0.14  mfu: 0.04%
[rank0]:[titan] 2026-08-13 22:49:58,444 - root - INFO - step: 67  loss:  3.22151  grad_norm:  0.9427  memory:  0.20GiB(0.32%)  tps: 1,692  tflops: 0.05  mfu: 0.01%
[rank0]:[titan] 2026-08-13 22:49:59,674 - root - INFO - step: 68  loss:  3.59749  grad_norm:  0.7311  memory:  0.20GiB(0.32%)  tps: 1,666  tflops: 0.05  mfu: 0.01%
[rank0]:[titan] 2026-08-13 22:50:00,549 - root - INFO - step: 69  loss:  3.09047  grad_norm:  0.7606  memory:  0.20GiB(0.32%)  tps: 2,345  tflops: 0.07  mfu: 0.02%
[rank0]:[titan] 2026-08-13 22:50:01,480 - root - INFO - step: 70  loss:  4.30945  grad_norm:  1.3515  memory:  0.20GiB(0.32%)  tps: 2,204  tflops: 0.07  mfu: 0.02%
[rank0]:[titan] 2026-08-13 22:50:02,365 - root - INFO - step: 71  loss:  4.70605  grad_norm:  1.7557  memory:  0.20GiB(0.32%)  tps: 2,316  tflops: 0.07  mfu: 0.02%
[rank0]:[titan] 2026-08-13 22:50:03,187 - root - INFO - step: 72  loss:  4.00711  grad_norm:  1.0814  memory:  0.20GiB(0.32%)  tps: 2,498  tflops: 0.08  mfu: 0.02%
[rank0]:[titan] 2026-08-13 22:50:03,703 - root - INFO - step: 73  loss:  3.03423  grad_norm:  0.9183  memory:  0.20GiB(0.32%)  tps: 3,977  tflops: 0.12  mfu: 0.03%
[rank0]:[titan] 2026-08-13 22:50:04,569 - root - INFO - step: 74  loss:  3.01865  grad_norm:  1.0328  memory:  0.20GiB(0.32%)  tps: 2,369  tflops: 0.07  mfu: 0.02%
[rank0]:[titan] 2026-08-13 22:50:05,332 - root - INFO - step: 75  loss:  3.26056  grad_norm:  0.9225  memory:  0.20GiB(0.32%)  tps: 2,689  tflops: 0.08  mfu: 0.02%
[rank0]:[titan] 2026-08-13 22:50:06,023 - root - INFO - step: 76  loss:  3.21004  grad_norm:  0.9278  memory:  0.20GiB(0.32%)  tps: 2,972  tflops: 0.09  mfu: 0.03%
[rank0]:[titan] 2026-08-13 22:50:06,833 - root - INFO - step: 77  loss:  3.01412  grad_norm:  1.0304  memory:  0.20GiB(0.32%)  tps: 2,531  tflops: 0.08  mfu: 0.02%
[rank0]:[titan] 2026-08-13 22:50:07,399 - root - INFO - step: 78  loss:  2.77826  grad_norm:  1.3339  memory:  0.20GiB(0.32%)  tps: 3,629  tflops: 0.11  mfu: 0.03%
[rank0]:[titan] 2026-08-13 22:50:07,830 - root - INFO - step: 79  loss:  2.87271  grad_norm:  0.8873  memory:  0.20GiB(0.32%)  tps: 4,766  tflops: 0.15  mfu: 0.04%
[rank0]:[titan] 2026-08-13 22:50:08,258 - root - INFO - step: 80  loss:  2.99354  grad_norm:  1.0928  memory:  0.20GiB(0.32%)  tps: 4,803  tflops: 0.15  mfu: 0.04%
[rank0]:[titan] 2026-08-13 22:50:08,683 - root - INFO - step: 81  loss:  3.21939  grad_norm:  1.1725  memory:  0.20GiB(0.32%)  tps: 4,831  tflops: 0.15  mfu: 0.04%
[rank0]:[titan] 2026-08-13 22:50:09,108 - root - INFO - step: 82  loss:  3.05978  grad_norm:  1.0903  memory:  0.20GiB(0.32%)  tps: 4,830  tflops: 0.15  mfu: 0.04%
[rank0]:[titan] 2026-08-13 22:50:09,531 - root - INFO - step: 83  loss:  2.90356  grad_norm:  0.8791  memory:  0.20GiB(0.32%)  tps: 4,866  tflops: 0.15  mfu: 0.04%
[rank0]:[titan] 2026-08-13 22:50:09,954 - root - INFO - step: 84  loss:  2.97826  grad_norm:  0.8118  memory:  0.20GiB(0.32%)  tps: 4,847  tflops: 0.15  mfu: 0.04%
[rank0]:[titan] 2026-08-13 22:50:10,378 - root - INFO - step: 85  loss:  2.79598  grad_norm:  0.9110  memory:  0.20GiB(0.32%)  tps: 4,849  tflops: 0.15  mfu: 0.04%
[rank0]:[titan] 2026-08-13 22:50:10,800 - root - INFO - step: 86  loss:  2.92277  grad_norm:  0.8291  memory:  0.20GiB(0.32%)  tps: 4,870  tflops: 0.15  mfu: 0.04%
[rank0]:[titan] 2026-08-13 22:50:11,220 - root - INFO - step: 87  loss:  2.89933  grad_norm:  0.9123  memory:  0.20GiB(0.32%)  tps: 4,884  tflops: 0.15  mfu: 0.04%
[rank0]:[titan] 2026-08-13 22:50:11,663 - root - INFO - step: 88  loss:  2.89174  grad_norm:  0.7647  memory:  0.20GiB(0.32%)  tps: 4,642  tflops: 0.14  mfu: 0.04%
[rank0]:[titan] 2026-08-13 22:50:12,101 - root - INFO - step: 89  loss:  2.85307  grad_norm:  1.0824  memory:  0.20GiB(0.32%)  tps: 4,685  tflops: 0.14  mfu: 0.04%
[rank0]:[titan] 2026-08-13 22:50:12,531 - root - INFO - step: 90  loss:  2.80247  grad_norm:  0.9496  memory:  0.20GiB(0.32%)  tps: 4,781  tflops: 0.15  mfu: 0.04%
[rank0]:[titan] 2026-08-13 22:50:12,966 - root - INFO - step: 91  loss:  2.74976  grad_norm:  0.7307  memory:  0.20GiB(0.32%)  tps: 4,729  tflops: 0.14  mfu: 0.04%
[rank0]:[titan] 2026-08-13 22:50:13,398 - root - INFO - step: 92  loss:  3.06732  grad_norm:  1.0845  memory:  0.20GiB(0.32%)  tps: 4,748  tflops: 0.14  mfu: 0.04%
[rank0]:[titan] 2026-08-13 22:50:13,868 - root - INFO - step: 93  loss:  2.93395  grad_norm:  0.8741  memory:  0.20GiB(0.32%)  tps: 4,369  tflops: 0.13  mfu: 0.04%
[rank0]:[titan] 2026-08-13 22:50:14,365 - root - INFO - step: 94  loss:  2.84441  grad_norm:  0.7722  memory:  0.20GiB(0.32%)  tps: 4,137  tflops: 0.13  mfu: 0.04%
[rank0]:[titan] 2026-08-13 22:50:14,795 - root - INFO - step: 95  loss:  2.84952  grad_norm:  0.5762  memory:  0.20GiB(0.32%)  tps: 4,772  tflops: 0.15  mfu: 0.04%
[rank0]:[titan] 2026-08-13 22:50:16,242 - root - INFO - step: 96  loss:  2.73616  grad_norm:  0.7695  memory:  0.20GiB(0.32%)  tps: 1,417  tflops: 0.04  mfu: 0.01%
[rank0]:[titan] 2026-08-13 22:50:17,504 - root - INFO - step: 97  loss:  2.85114  grad_norm:  0.6295  memory:  0.20GiB(0.32%)  tps: 1,625  tflops: 0.05  mfu: 0.01%
[rank0]:[titan] 2026-08-13 22:50:18,417 - root - INFO - step: 98  loss:  2.82224  grad_norm:  0.9159  memory:  0.20GiB(0.32%)  tps: 2,246  tflops: 0.07  mfu: 0.02%
[rank0]:[titan] 2026-08-13 22:50:19,450 - root - INFO - step: 99  loss:  2.84412  grad_norm:  0.7042  memory:  0.20GiB(0.32%)  tps: 1,985  tflops: 0.06  mfu: 0.02%
[rank0]:[titan] 2026-08-13 22:50:19,453 - root - INFO - [GC] Performing periodic GC collection took 0.00 seconds
[rank0]:[titan] 2026-08-13 22:50:20,193 - root - INFO - step: 100  loss:  2.75042  grad_norm:  0.5253  memory:  0.20GiB(0.32%)  tps: 2,762  tflops: 0.08  mfu: 0.02%
[rank0]:[titan] 2026-08-13 22:50:20,922 - root - INFO - step: 101  loss:  3.11156  grad_norm:  0.7476  memory:  0.20GiB(0.32%)  tps: 2,815  tflops: 0.09  mfu: 0.02%
[rank0]:[titan] 2026-08-13 22:50:21,498 - root - INFO - step: 102  loss:  2.89355  grad_norm:  0.8793  memory:  0.20GiB(0.32%)  tps: 3,564  tflops: 0.11  mfu: 0.03%
[rank0]:[titan] 2026-08-13 22:50:22,321 - root - INFO - step: 103  loss:  2.87747  grad_norm:  0.9116  memory:  0.20GiB(0.32%)  tps: 2,493  tflops: 0.08  mfu: 0.02%
[rank0]:[titan] 2026-08-13 22:50:23,086 - root - INFO - step: 104  loss:  2.84718  grad_norm:  0.6969  memory:  0.20GiB(0.32%)  tps: 2,680  tflops: 0.08  mfu: 0.02%
[rank0]:[titan] 2026-08-13 22:50:23,835 - root - INFO - step: 105  loss:  2.85379  grad_norm:  0.5240  memory:  0.20GiB(0.32%)  tps: 2,739  tflops: 0.08  mfu: 0.02%
[rank0]:[titan] 2026-08-13 22:50:24,521 - root - INFO - step: 106  loss:  2.80309  grad_norm:  0.6477  memory:  0.20GiB(0.32%)  tps: 2,991  tflops: 0.09  mfu: 0.03%
[rank0]:[titan] 2026-08-13 22:50:24,955 - root - INFO - step: 107  loss:  2.90076  grad_norm:  0.7527  memory:  0.20GiB(0.32%)  tps: 4,729  tflops: 0.14  mfu: 0.04%
[rank0]:[titan] 2026-08-13 22:50:25,379 - root - INFO - step: 108  loss:  2.88958  grad_norm:  0.8000  memory:  0.20GiB(0.32%)  tps: 4,850  tflops: 0.15  mfu: 0.04%
[rank0]:[titan] 2026-08-13 22:50:25,793 - root - INFO - step: 109  loss:  2.86246  grad_norm:  0.8707  memory:  0.20GiB(0.32%)  tps: 4,967  tflops: 0.15  mfu: 0.04%
[rank0]:[titan] 2026-08-13 22:50:26,209 - root - INFO - step: 110  loss:  2.82171  grad_norm:  0.8550  memory:  0.20GiB(0.32%)  tps: 4,935  tflops: 0.15  mfu: 0.04%
[rank0]:[titan] 2026-08-13 22:50:26,628 - root - INFO - step: 111  loss:  3.06017  grad_norm:  0.7474  memory:  0.20GiB(0.32%)  tps: 4,910  tflops: 0.15  mfu: 0.04%
[rank0]:[titan] 2026-08-13 22:50:27,043 - root - INFO - step: 112  loss:  2.94467  grad_norm:  0.6681  memory:  0.20GiB(0.32%)  tps: 4,949  tflops: 0.15  mfu: 0.04%
[rank0]:[titan] 2026-08-13 22:50:27,458 - root - INFO - step: 113  loss:  2.85106  grad_norm:  0.7048  memory:  0.20GiB(0.32%)  tps: 4,946  tflops: 0.15  mfu: 0.04%
[rank0]:[titan] 2026-08-13 22:50:27,872 - root - INFO - step: 114  loss:  2.82497  grad_norm:  0.6893  memory:  0.20GiB(0.32%)  tps: 4,966  tflops: 0.15  mfu: 0.04%
[rank0]:[titan] 2026-08-13 22:50:28,290 - root - INFO - step: 115  loss:  2.89956  grad_norm:  0.6647  memory:  0.20GiB(0.32%)  tps: 4,914  tflops: 0.15  mfu: 0.04%
[rank0]:[titan] 2026-08-13 22:50:28,702 - root - INFO - step: 116  loss:  2.80968  grad_norm:  0.6279  memory:  0.20GiB(0.32%)  tps: 4,983  tflops: 0.15  mfu: 0.04%
[rank0]:[titan] 2026-08-13 22:50:29,115 - root - INFO - step: 117  loss:  2.77334  grad_norm:  0.6909  memory:  0.20GiB(0.32%)  tps: 4,974  tflops: 0.15  mfu: 0.04%
[rank0]:[titan] 2026-08-13 22:50:29,524 - root - INFO - step: 118  loss:  2.73628  grad_norm:  0.7495  memory:  0.20GiB(0.32%)  tps: 5,030  tflops: 0.15  mfu: 0.04%
[rank0]:[titan] 2026-08-13 22:50:29,939 - root - INFO - step: 119  loss:  2.79134  grad_norm:  0.5822  memory:  0.20GiB(0.32%)  tps: 4,950  tflops: 0.15  mfu: 0.04%
[rank0]:[titan] 2026-08-13 22:50:30,357 - root - INFO - step: 120  loss:  2.95163  grad_norm:  0.8149  memory:  0.20GiB(0.32%)  tps: 4,908  tflops: 0.15  mfu: 0.04%
[rank0]:[titan] 2026-08-13 22:50:30,771 - root - INFO - step: 121  loss:  2.83661  grad_norm:  0.6720  memory:  0.20GiB(0.32%)  tps: 4,967  tflops: 0.15  mfu: 0.04%
[rank0]:[titan] 2026-08-13 22:50:31,178 - root - INFO - step: 122  loss:  2.63797  grad_norm:  0.7397  memory:  0.20GiB(0.32%)  tps: 5,047  tflops: 0.15  mfu: 0.04%
[rank0]:[titan] 2026-08-13 22:50:31,581 - root - INFO - step: 123  loss:  2.65099  grad_norm:  0.6816  memory:  0.20GiB(0.32%)  tps: 5,099  tflops: 0.16  mfu: 0.04%
[rank0]:[titan] 2026-08-13 22:50:32,028 - root - INFO - step: 124  loss:  2.99470  grad_norm:  0.9614  memory:  0.20GiB(0.32%)  tps: 4,594  tflops: 0.14  mfu: 0.04%
[rank0]:[titan] 2026-08-13 22:50:32,453 - root - INFO - step: 125  loss:  2.87091  grad_norm:  0.7328  memory:  0.20GiB(0.32%)  tps: 4,833  tflops: 0.15  mfu: 0.04%
[rank0]:[titan] 2026-08-13 22:50:32,890 - root - INFO - step: 126  loss:  3.06701  grad_norm:  0.9495  memory:  0.20GiB(0.32%)  tps: 4,698  tflops: 0.14  mfu: 0.04%
[rank0]:[titan] 2026-08-13 22:50:33,306 - root - INFO - step: 127  loss:  2.84141  grad_norm:  0.8151  memory:  0.20GiB(0.32%)  tps: 4,940  tflops: 0.15  mfu: 0.04%
[rank0]:[titan] 2026-08-13 22:50:34,610 - root - INFO - step: 128  loss:  2.85850  grad_norm:  0.6128  memory:  0.20GiB(0.32%)  tps: 1,572  tflops: 0.05  mfu: 0.01%
[rank0]:[titan] 2026-08-13 22:50:35,941 - root - INFO - step: 129  loss:  2.84301  grad_norm:  0.7015  memory:  0.20GiB(0.32%)  tps: 1,540  tflops: 0.05  mfu: 0.01%
[rank0]:[titan] 2026-08-13 22:50:37,012 - root - INFO - step: 130  loss:  2.82949  grad_norm:  0.6832  memory:  0.20GiB(0.32%)  tps: 1,916  tflops: 0.06  mfu: 0.02%
[rank0]:[titan] 2026-08-13 22:50:37,916 - root - INFO - step: 131  loss:  2.84437  grad_norm:  0.6609  memory:  0.20GiB(0.32%)  tps: 2,269  tflops: 0.07  mfu: 0.02%
[rank0]:[titan] 2026-08-13 22:50:38,707 - root - INFO - step: 132  loss:  2.70402  grad_norm:  0.7256  memory:  0.20GiB(0.32%)  tps: 2,594  tflops: 0.08  mfu: 0.02%
[rank0]:[titan] 2026-08-13 22:50:39,434 - root - INFO - step: 133  loss:  2.70490  grad_norm:  0.7997  memory:  0.20GiB(0.32%)  tps: 2,820  tflops: 0.09  mfu: 0.02%
[rank0]:[titan] 2026-08-13 22:50:39,993 - root - INFO - step: 134  loss:  2.69600  grad_norm:  0.7780  memory:  0.20GiB(0.32%)  tps: 3,671  tflops: 0.11  mfu: 0.03%
[rank0]:[titan] 2026-08-13 22:50:40,664 - root - INFO - step: 135  loss:  2.63448  grad_norm:  0.9692  memory:  0.20GiB(0.32%)  tps: 3,061  tflops: 0.09  mfu: 0.03%
[rank0]:[titan] 2026-08-13 22:50:41,389 - root - INFO - step: 136  loss:  2.77908  grad_norm:  0.6641  memory:  0.20GiB(0.32%)  tps: 2,828  tflops: 0.09  mfu: 0.02%
[rank0]:[titan] 2026-08-13 22:50:42,146 - root - INFO - step: 137  loss:  2.66550  grad_norm:  0.7550  memory:  0.20GiB(0.32%)  tps: 2,710  tflops: 0.08  mfu: 0.02%
[rank0]:[titan] 2026-08-13 22:50:42,880 - root - INFO - step: 138  loss:  2.68421  grad_norm:  0.9303  memory:  0.20GiB(0.32%)  tps: 2,795  tflops: 0.09  mfu: 0.02%
[rank0]:[titan] 2026-08-13 22:50:43,313 - root - INFO - step: 139  loss:  2.64857  grad_norm:  1.0322  memory:  0.20GiB(0.32%)  tps: 4,750  tflops: 0.14  mfu: 0.04%
[rank0]:[titan] 2026-08-13 22:50:43,745 - root - INFO - step: 140  loss:  2.89558  grad_norm:  0.8382  memory:  0.20GiB(0.32%)  tps: 4,749  tflops: 0.14  mfu: 0.04%
[rank0]:[titan] 2026-08-13 22:50:44,167 - root - INFO - step: 141  loss:  2.73601  grad_norm:  0.8300  memory:  0.20GiB(0.32%)  tps: 4,867  tflops: 0.15  mfu: 0.04%
[rank0]:[titan] 2026-08-13 22:50:44,587 - root - INFO - step: 142  loss:  2.78351  grad_norm:  0.8836  memory:  0.20GiB(0.32%)  tps: 4,901  tflops: 0.15  mfu: 0.04%
[rank0]:[titan] 2026-08-13 22:50:45,002 - root - INFO - step: 143  loss:  2.74010  grad_norm:  0.7120  memory:  0.20GiB(0.32%)  tps: 4,948  tflops: 0.15  mfu: 0.04%
[rank0]:[titan] 2026-08-13 22:50:45,420 - root - INFO - step: 144  loss:  2.73479  grad_norm:  0.7672  memory:  0.20GiB(0.32%)  tps: 4,911  tflops: 0.15  mfu: 0.04%
[rank0]:[titan] 2026-08-13 22:50:45,840 - root - INFO - step: 145  loss:  2.81432  grad_norm:  0.9582  memory:  0.20GiB(0.32%)  tps: 4,893  tflops: 0.15  mfu: 0.04%
[rank0]:[titan] 2026-08-13 22:50:46,252 - root - INFO - step: 146  loss:  2.95359  grad_norm:  0.9376  memory:  0.20GiB(0.32%)  tps: 4,983  tflops: 0.15  mfu: 0.04%
[rank0]:[titan] 2026-08-13 22:50:46,674 - root - INFO - step: 147  loss:  3.06938  grad_norm:  0.8670  memory:  0.20GiB(0.32%)  tps: 4,873  tflops: 0.15  mfu: 0.04%
[rank0]:[titan] 2026-08-13 22:50:47,090 - root - INFO - step: 148  loss:  3.06271  grad_norm:  1.0496  memory:  0.20GiB(0.32%)  tps: 4,951  tflops: 0.15  mfu: 0.04%
[rank0]:[titan] 2026-08-13 22:50:47,508 - root - INFO - step: 149  loss:  2.88674  grad_norm:  1.2823  memory:  0.20GiB(0.32%)  tps: 4,916  tflops: 0.15  mfu: 0.04%
[rank0]:[titan] 2026-08-13 22:50:47,511 - root - INFO - [GC] Performing periodic GC collection took 0.00 seconds
[rank0]:[titan] 2026-08-13 22:50:47,935 - root - INFO - step: 150  loss:  2.83822  grad_norm:  0.9191  memory:  0.20GiB(0.32%)  tps: 4,817  tflops: 0.15  mfu: 0.04%
[rank0]:[titan] 2026-08-13 22:50:48,342 - root - INFO - step: 151  loss:  2.72800  grad_norm:  0.8883  memory:  0.20GiB(0.32%)  tps: 5,050  tflops: 0.15  mfu: 0.04%
[rank0]:[titan] 2026-08-13 22:50:48,775 - root - INFO - step: 152  loss:  2.74507  grad_norm:  0.9551  memory:  0.20GiB(0.32%)  tps: 4,737  tflops: 0.14  mfu: 0.04%
[rank0]:[titan] 2026-08-13 22:50:49,211 - root - INFO - step: 153  loss:  2.67845  grad_norm:  1.0334  memory:  0.20GiB(0.32%)  tps: 4,713  tflops: 0.14  mfu: 0.04%
[rank0]:[titan] 2026-08-13 22:50:49,619 - root - INFO - step: 154  loss:  2.71304  grad_norm:  0.9381  memory:  0.20GiB(0.32%)  tps: 5,036  tflops: 0.15  mfu: 0.04%
[rank0]:[titan] 2026-08-13 22:50:50,518 - root - INFO - step: 155  loss:  2.63737  grad_norm:  0.8158  memory:  0.20GiB(0.32%)  tps: 2,282  tflops: 0.07  mfu: 0.02%
[rank0]:[titan] 2026-08-13 22:50:51,705 - root - INFO - step: 156  loss:  2.81090  grad_norm:  0.6687  memory:  0.20GiB(0.32%)  tps: 1,728  tflops: 0.05  mfu: 0.01%
[rank0]:[titan] 2026-08-13 22:50:53,149 - root - INFO - step: 157  loss:  2.77103  grad_norm:  0.7640  memory:  0.20GiB(0.32%)  tps: 1,420  tflops: 0.04  mfu: 0.01%
[rank0]:[titan] 2026-08-13 22:50:54,084 - root - INFO - step: 158  loss:  2.84246  grad_norm:  0.6581  memory:  0.20GiB(0.32%)  tps: 2,194  tflops: 0.07  mfu: 0.02%
[rank0]:[titan] 2026-08-13 22:50:54,772 - root - INFO - step: 159  loss:  2.74988  grad_norm:  0.9350  memory:  0.20GiB(0.32%)  tps: 2,980  tflops: 0.09  mfu: 0.03%
[rank0]:[titan] 2026-08-13 22:50:55,408 - root - INFO - step: 160  loss:  2.79548  grad_norm:  0.6660  memory:  0.20GiB(0.32%)  tps: 3,229  tflops: 0.10  mfu: 0.03%
[rank0]:[titan] 2026-08-13 22:50:56,000 - root - INFO - step: 161  loss:  2.98462  grad_norm:  0.9523  memory:  0.20GiB(0.32%)  tps: 3,466  tflops: 0.11  mfu: 0.03%
[rank0]:[titan] 2026-08-13 22:50:56,764 - root - INFO - step: 162  loss:  2.89965  grad_norm:  0.9790  memory:  0.20GiB(0.32%)  tps: 2,685  tflops: 0.08  mfu: 0.02%
[rank0]:[titan] 2026-08-13 22:50:57,542 - root - INFO - step: 163  loss:  2.86279  grad_norm:  0.7541  memory:  0.20GiB(0.32%)  tps: 2,637  tflops: 0.08  mfu: 0.02%
[rank0]:[titan] 2026-08-13 22:50:58,410 - root - INFO - step: 164  loss:  2.72222  grad_norm:  0.8736  memory:  0.20GiB(0.32%)  tps: 2,364  tflops: 0.07  mfu: 0.02%
[rank0]:[titan] 2026-08-13 22:50:59,367 - root - INFO - step: 165  loss:  2.68002  grad_norm:  0.7185  memory:  0.20GiB(0.32%)  tps: 2,144  tflops: 0.07  mfu: 0.02%
[rank0]:[titan] 2026-08-13 22:50:59,892 - root - INFO - step: 166  loss:  2.84730  grad_norm:  0.6708  memory:  0.20GiB(0.32%)  tps: 3,905  tflops: 0.12  mfu: 0.03%
[rank0]:[titan] 2026-08-13 22:51:00,332 - root - INFO - step: 167  loss:  2.70831  grad_norm:  0.7689  memory:  0.20GiB(0.32%)  tps: 4,672  tflops: 0.14  mfu: 0.04%
[rank0]:[titan] 2026-08-13 22:51:00,766 - root - INFO - step: 168  loss:  2.70893  grad_norm:  0.6720  memory:  0.20GiB(0.32%)  tps: 4,731  tflops: 0.14  mfu: 0.04%
[rank0]:[titan] 2026-08-13 22:51:01,210 - root - INFO - step: 169  loss:  2.86198  grad_norm:  0.6470  memory:  0.20GiB(0.32%)  tps: 4,627  tflops: 0.14  mfu: 0.04%
[rank0]:[titan] 2026-08-13 22:51:01,633 - root - INFO - step: 170  loss:  2.71239  grad_norm:  0.6777  memory:  0.20GiB(0.32%)  tps: 4,856  tflops: 0.15  mfu: 0.04%
[rank0]:[titan] 2026-08-13 22:51:02,042 - root - INFO - step: 171  loss:  2.71514  grad_norm:  0.5904  memory:  0.20GiB(0.32%)  tps: 5,021  tflops: 0.15  mfu: 0.04%
[rank0]:[titan] 2026-08-13 22:51:02,468 - root - INFO - step: 172  loss:  2.86254  grad_norm:  0.5944  memory:  0.20GiB(0.32%)  tps: 4,828  tflops: 0.15  mfu: 0.04%
[rank0]:[titan] 2026-08-13 22:51:02,900 - root - INFO - step: 173  loss:  2.84541  grad_norm:  0.9030  memory:  0.20GiB(0.32%)  tps: 4,756  tflops: 0.14  mfu: 0.04%
[rank0]:[titan] 2026-08-13 22:51:03,323 - root - INFO - step: 174  loss:  3.03448  grad_norm:  0.8796  memory:  0.20GiB(0.32%)  tps: 4,858  tflops: 0.15  mfu: 0.04%
[rank0]:[titan] 2026-08-13 22:51:03,740 - root - INFO - step: 175  loss:  2.82752  grad_norm:  0.6174  memory:  0.20GiB(0.32%)  tps: 4,919  tflops: 0.15  mfu: 0.04%
[rank0]:[titan] 2026-08-13 22:51:04,156 - root - INFO - step: 176  loss:  2.94956  grad_norm:  0.8156  memory:  0.20GiB(0.32%)  tps: 4,939  tflops: 0.15  mfu: 0.04%
[rank0]:[titan] 2026-08-13 22:51:04,569 - root - INFO - step: 177  loss:  3.09813  grad_norm:  1.0785  memory:  0.20GiB(0.32%)  tps: 4,974  tflops: 0.15  mfu: 0.04%
[rank0]:[titan] 2026-08-13 22:51:05,003 - root - INFO - step: 178  loss:  2.79353  grad_norm:  0.6686  memory:  0.20GiB(0.32%)  tps: 4,739  tflops: 0.14  mfu: 0.04%
[rank0]:[titan] 2026-08-13 22:51:05,421 - root - INFO - step: 179  loss:  2.76693  grad_norm:  0.7701  memory:  0.20GiB(0.32%)  tps: 4,912  tflops: 0.15  mfu: 0.04%
[rank0]:[titan] 2026-08-13 22:51:05,842 - root - INFO - step: 180  loss:  2.77226  grad_norm:  0.8112  memory:  0.20GiB(0.32%)  tps: 4,876  tflops: 0.15  mfu: 0.04%
[rank0]:[titan] 2026-08-13 22:51:06,273 - root - INFO - step: 181  loss:  2.80624  grad_norm:  0.8319  memory:  0.20GiB(0.32%)  tps: 4,770  tflops: 0.15  mfu: 0.04%
[rank0]:[titan] 2026-08-13 22:51:06,702 - root - INFO - step: 182  loss:  2.76479  grad_norm:  0.6104  memory:  0.20GiB(0.32%)  tps: 4,788  tflops: 0.15  mfu: 0.04%
[rank0]:[titan] 2026-08-13 22:51:07,125 - root - INFO - step: 183  loss:  2.67464  grad_norm:  0.7034  memory:  0.20GiB(0.32%)  tps: 4,853  tflops: 0.15  mfu: 0.04%
[rank0]:[titan] 2026-08-13 22:51:07,591 - root - INFO - step: 184  loss:  2.81091  grad_norm:  0.7881  memory:  0.20GiB(0.32%)  tps: 4,408  tflops: 0.13  mfu: 0.04%
[rank0]:[titan] 2026-08-13 22:51:08,063 - root - INFO - step: 185  loss:  2.79798  grad_norm:  1.3844  memory:  0.20GiB(0.32%)  tps: 4,350  tflops: 0.13  mfu: 0.04%
[rank0]:[titan] 2026-08-13 22:51:08,483 - root - INFO - step: 186  loss:  2.79826  grad_norm:  0.5732  memory:  0.20GiB(0.32%)  tps: 4,891  tflops: 0.15  mfu: 0.04%
[rank0]:[titan] 2026-08-13 22:51:09,493 - root - INFO - step: 187  loss:  2.83271  grad_norm:  0.9451  memory:  0.20GiB(0.32%)  tps: 2,032  tflops: 0.06  mfu: 0.02%
[rank0]:[titan] 2026-08-13 22:51:10,892 - root - INFO - step: 188  loss:  2.84612  grad_norm:  0.6668  memory:  0.20GiB(0.32%)  tps: 1,465  tflops: 0.04  mfu: 0.01%
[rank0]:[titan] 2026-08-13 22:51:11,936 - root - INFO - step: 189  loss:  2.79442  grad_norm:  0.8265  memory:  0.20GiB(0.32%)  tps: 1,965  tflops: 0.06  mfu: 0.02%
[rank0]:[titan] 2026-08-13 22:51:12,676 - root - INFO - step: 190  loss:  2.76488  grad_norm:  0.8009  memory:  0.20GiB(0.32%)  tps: 2,772  tflops: 0.08  mfu: 0.02%
[rank0]:[titan] 2026-08-13 22:51:13,427 - root - INFO - step: 191  loss:  3.17574  grad_norm:  0.8405  memory:  0.20GiB(0.32%)  tps: 2,729  tflops: 0.08  mfu: 0.02%
[rank0]:[titan] 2026-08-13 22:51:14,107 - root - INFO - step: 192  loss:  2.77236  grad_norm:  0.6092  memory:  0.20GiB(0.32%)  tps: 3,018  tflops: 0.09  mfu: 0.03%
[rank0]:[titan] 2026-08-13 22:51:14,842 - root - INFO - step: 193  loss:  2.81100  grad_norm:  0.7967  memory:  0.20GiB(0.32%)  tps: 2,793  tflops: 0.08  mfu: 0.02%
[rank0]:[titan] 2026-08-13 22:51:15,351 - root - INFO - step: 194  loss:  2.74214  grad_norm:  0.7638  memory:  0.20GiB(0.32%)  tps: 4,036  tflops: 0.12  mfu: 0.03%
[rank0]:[titan] 2026-08-13 22:51:16,203 - root - INFO - step: 195  loss:  2.64270  grad_norm:  1.1212  memory:  0.20GiB(0.32%)  tps: 2,408  tflops: 0.07  mfu: 0.02%
[rank0]:[titan] 2026-08-13 22:51:17,022 - root - INFO - step: 196  loss:  2.70614  grad_norm:  0.6006  memory:  0.20GiB(0.32%)  tps: 2,505  tflops: 0.08  mfu: 0.02%
[rank0]:[titan] 2026-08-13 22:51:17,792 - root - INFO - step: 197  loss:  2.77859  grad_norm:  0.8004  memory:  0.20GiB(0.32%)  tps: 2,665  tflops: 0.08  mfu: 0.02%
[rank0]:[titan] 2026-08-13 22:51:18,625 - root - INFO - step: 198  loss:  2.73975  grad_norm:  0.7165  memory:  0.20GiB(0.32%)  tps: 2,462  tflops: 0.07  mfu: 0.02%
[rank0]:[titan] 2026-08-13 22:51:19,093 - root - INFO - step: 199  loss:  2.70783  grad_norm:  1.1047  memory:  0.20GiB(0.32%)  tps: 4,391  tflops: 0.13  mfu: 0.04%
[rank0]:[titan] 2026-08-13 22:51:19,096 - root - INFO - [GC] Performing periodic GC collection took 0.00 seconds
[rank0]:[titan] 2026-08-13 22:51:19,547 - root - INFO - step: 200  loss:  2.76008  grad_norm:  0.9484  memory:  0.20GiB(0.32%)  tps: 4,526  tflops: 0.14  mfu: 0.04%
[rank0]:[titan] 2026-08-13 22:51:19,978 - root - INFO - step: 201  loss:  2.66135  grad_norm:  0.8558  memory:  0.20GiB(0.32%)  tps: 4,759  tflops: 0.14  mfu: 0.04%
[rank0]:[titan] 2026-08-13 22:51:20,403 - root - INFO - step: 202  loss:  2.66974  grad_norm:  0.7038  memory:  0.20GiB(0.32%)  tps: 4,834  tflops: 0.15  mfu: 0.04%
[rank0]:[titan] 2026-08-13 22:51:20,831 - root - INFO - step: 203  loss:  2.74586  grad_norm:  0.6775  memory:  0.20GiB(0.32%)  tps: 4,805  tflops: 0.15  mfu: 0.04%
[rank0]:[titan] 2026-08-13 22:51:21,267 - root - INFO - step: 204  loss:  2.73886  grad_norm:  0.7735  memory:  0.20GiB(0.32%)  tps: 4,710  tflops: 0.14  mfu: 0.04%
[rank0]:[titan] 2026-08-13 22:51:21,710 - root - INFO - step: 205  loss:  2.77685  grad_norm:  1.0144  memory:  0.20GiB(0.32%)  tps: 4,639  tflops: 0.14  mfu: 0.04%
[rank0]:[titan] 2026-08-13 22:51:22,140 - root - INFO - step: 206  loss:  2.71043  grad_norm:  0.9295  memory:  0.20GiB(0.32%)  tps: 4,776  tflops: 0.15  mfu: 0.04%
[rank0]:[titan] 2026-08-13 22:51:22,562 - root - INFO - step: 207  loss:  2.74818  grad_norm:  0.6595  memory:  0.20GiB(0.32%)  tps: 4,865  tflops: 0.15  mfu: 0.04%
[rank0]:[titan] 2026-08-13 22:51:22,978 - root - INFO - step: 208  loss:  2.77623  grad_norm:  0.6583  memory:  0.20GiB(0.32%)  tps: 4,946  tflops: 0.15  mfu: 0.04%
[rank0]:[titan] 2026-08-13 22:51:23,395 - root - INFO - step: 209  loss:  2.70351  grad_norm:  0.7314  memory:  0.20GiB(0.32%)  tps: 4,915  tflops: 0.15  mfu: 0.04%
[rank0]:[titan] 2026-08-13 22:51:23,815 - root - INFO - step: 210  loss:  2.73879  grad_norm:  0.8409  memory:  0.20GiB(0.32%)  tps: 4,897  tflops: 0.15  mfu: 0.04%
[rank0]:[titan] 2026-08-13 22:51:24,243 - root - INFO - step: 211  loss:  2.89916  grad_norm:  0.9391  memory:  0.20GiB(0.32%)  tps: 4,800  tflops: 0.15  mfu: 0.04%
[rank0]:[titan] 2026-08-13 22:51:24,671 - root - INFO - step: 212  loss:  2.89479  grad_norm:  0.8880  memory:  0.20GiB(0.32%)  tps: 4,804  tflops: 0.15  mfu: 0.04%
[rank0]:[titan] 2026-08-13 22:51:25,142 - root - INFO - step: 213  loss:  2.76448  grad_norm:  0.8169  memory:  0.20GiB(0.32%)  tps: 4,354  tflops: 0.13  mfu: 0.04%
[rank0]:[titan] 2026-08-13 22:51:25,613 - root - INFO - step: 214  loss:  2.75109  grad_norm:  0.7511  memory:  0.20GiB(0.32%)  tps: 4,362  tflops: 0.13  mfu: 0.04%
[rank0]:[titan] 2026-08-13 22:51:26,047 - root - INFO - step: 215  loss:  2.81802  grad_norm:  0.8801  memory:  0.20GiB(0.32%)  tps: 4,739  tflops: 0.14  mfu: 0.04%
[rank0]:[titan] 2026-08-13 22:51:27,432 - root - INFO - step: 216  loss:  2.96911  grad_norm:  1.0312  memory:  0.20GiB(0.32%)  tps: 1,480  tflops: 0.05  mfu: 0.01%
[rank0]:[titan] 2026-08-13 22:51:28,688 - root - INFO - step: 217  loss:  2.73922  grad_norm:  1.0277  memory:  0.20GiB(0.32%)  tps: 1,632  tflops: 0.05  mfu: 0.01%
[rank0]:[titan] 2026-08-13 22:51:29,597 - root - INFO - step: 218  loss:  2.77277  grad_norm:  0.7506  memory:  0.20GiB(0.32%)  tps: 2,255  tflops: 0.07  mfu: 0.02%
[rank0]:[titan] 2026-08-13 22:51:30,643 - root - INFO - step: 219  loss:  2.76591  grad_norm:  0.7691  memory:  0.20GiB(0.32%)  tps: 1,960  tflops: 0.06  mfu: 0.02%
[rank0]:[titan] 2026-08-13 22:51:31,325 - root - INFO - step: 220  loss:  2.77833  grad_norm:  0.5165  memory:  0.20GiB(0.32%)  tps: 3,009  tflops: 0.09  mfu: 0.03%
[rank0]:[titan] 2026-08-13 22:51:32,125 - root - INFO - step: 221  loss:  2.71610  grad_norm:  0.8090  memory:  0.20GiB(0.32%)  tps: 2,564  tflops: 0.08  mfu: 0.02%
[rank0]:[titan] 2026-08-13 22:51:32,756 - root - INFO - step: 222  loss:  2.78208  grad_norm:  1.2616  memory:  0.20GiB(0.32%)  tps: 3,252  tflops: 0.10  mfu: 0.03%
[rank0]:[titan] 2026-08-13 22:51:33,445 - root - INFO - step: 223  loss:  2.77583  grad_norm:  1.1992  memory:  0.20GiB(0.32%)  tps: 2,976  tflops: 0.09  mfu: 0.03%
[rank0]:[titan] 2026-08-13 22:51:34,249 - root - INFO - step: 224  loss:  2.92546  grad_norm:  0.8006  memory:  0.20GiB(0.32%)  tps: 2,551  tflops: 0.08  mfu: 0.02%
[rank0]:[titan] 2026-08-13 22:51:34,989 - root - INFO - step: 225  loss:  2.76513  grad_norm:  0.8857  memory:  0.20GiB(0.32%)  tps: 2,772  tflops: 0.08  mfu: 0.02%
[rank0]:[titan] 2026-08-13 22:51:35,687 - root - INFO - step: 226  loss:  2.74718  grad_norm:  0.4980  memory:  0.20GiB(0.32%)  tps: 2,941  tflops: 0.09  mfu: 0.03%
[rank0]:[titan] 2026-08-13 22:51:36,134 - root - INFO - step: 227  loss:  2.71407  grad_norm:  0.6104  memory:  0.20GiB(0.32%)  tps: 4,602  tflops: 0.14  mfu: 0.04%
[rank0]:[titan] 2026-08-13 22:51:36,555 - root - INFO - step: 228  loss:  2.74958  grad_norm:  0.8907  memory:  0.20GiB(0.32%)  tps: 4,879  tflops: 0.15  mfu: 0.04%
[rank0]:[titan] 2026-08-13 22:51:36,977 - root - INFO - step: 229  loss:  2.75099  grad_norm:  1.2255  memory:  0.20GiB(0.32%)  tps: 4,861  tflops: 0.15  mfu: 0.04%
[rank0]:[titan] 2026-08-13 22:51:37,394 - root - INFO - step: 230  loss:  2.72568  grad_norm:  0.8491  memory:  0.20GiB(0.32%)  tps: 4,923  tflops: 0.15  mfu: 0.04%
[rank0]:[titan] 2026-08-13 22:51:37,815 - root - INFO - step: 231  loss:  2.89747  grad_norm:  0.8548  memory:  0.20GiB(0.32%)  tps: 4,887  tflops: 0.15  mfu: 0.04%
[rank0]:[titan] 2026-08-13 22:51:38,227 - root - INFO - step: 232  loss:  2.75091  grad_norm:  0.8838  memory:  0.20GiB(0.32%)  tps: 4,988  tflops: 0.15  mfu: 0.04%
[rank0]:[titan] 2026-08-13 22:51:38,632 - root - INFO - step: 233  loss:  2.69470  grad_norm:  0.8761  memory:  0.20GiB(0.32%)  tps: 5,064  tflops: 0.15  mfu: 0.04%
[rank0]:[titan] 2026-08-13 22:51:39,047 - root - INFO - step: 234  loss:  2.83625  grad_norm:  0.7593  memory:  0.20GiB(0.32%)  tps: 4,954  tflops: 0.15  mfu: 0.04%
[rank0]:[titan] 2026-08-13 22:51:39,471 - root - INFO - step: 235  loss:  2.84261  grad_norm:  0.7819  memory:  0.20GiB(0.32%)  tps: 4,848  tflops: 0.15  mfu: 0.04%
[rank0]:[titan] 2026-08-13 22:51:39,893 - root - INFO - step: 236  loss:  2.87029  grad_norm:  0.7935  memory:  0.20GiB(0.32%)  tps: 4,870  tflops: 0.15  mfu: 0.04%
[rank0]:[titan] 2026-08-13 22:51:40,310 - root - INFO - step: 237  loss:  2.80466  grad_norm:  0.9118  memory:  0.20GiB(0.32%)  tps: 4,918  tflops: 0.15  mfu: 0.04%
[rank0]:[titan] 2026-08-13 22:51:40,731 - root - INFO - step: 238  loss:  2.69427  grad_norm:  0.6991  memory:  0.20GiB(0.32%)  tps: 4,881  tflops: 0.15  mfu: 0.04%
[rank0]:[titan] 2026-08-13 22:51:41,146 - root - INFO - step: 239  loss:  2.69518  grad_norm:  0.7488  memory:  0.20GiB(0.32%)  tps: 4,955  tflops: 0.15  mfu: 0.04%
[rank0]:[titan] 2026-08-13 22:51:41,564 - root - INFO - step: 240  loss:  2.68451  grad_norm:  0.6961  memory:  0.20GiB(0.32%)  tps: 4,916  tflops: 0.15  mfu: 0.04%
[rank0]:[titan] 2026-08-13 22:51:41,986 - root - INFO - step: 241  loss:  2.84050  grad_norm:  0.6251  memory:  0.20GiB(0.32%)  tps: 4,874  tflops: 0.15  mfu: 0.04%
[rank0]:[titan] 2026-08-13 22:51:42,416 - root - INFO - step: 242  loss:  2.85999  grad_norm:  0.7344  memory:  0.20GiB(0.32%)  tps: 4,777  tflops: 0.15  mfu: 0.04%
[rank0]:[titan] 2026-08-13 22:51:42,834 - root - INFO - step: 243  loss:  2.69999  grad_norm:  0.6431  memory:  0.20GiB(0.32%)  tps: 4,916  tflops: 0.15  mfu: 0.04%
[rank0]:[titan] 2026-08-13 22:51:43,281 - root - INFO - step: 244  loss:  2.70737  grad_norm:  0.7896  memory:  0.20GiB(0.32%)  tps: 4,592  tflops: 0.14  mfu: 0.04%
[rank0]:[titan] 2026-08-13 22:51:43,732 - root - INFO - step: 245  loss:  2.73927  grad_norm:  0.9692  memory:  0.20GiB(0.32%)  tps: 4,559  tflops: 0.14  mfu: 0.04%
[rank0]:[titan] 2026-08-13 22:51:44,165 - root - INFO - step: 246  loss:  2.75649  grad_norm:  0.6328  memory:  0.20GiB(0.32%)  tps: 4,744  tflops: 0.14  mfu: 0.04%
[rank0]:[titan] 2026-08-13 22:51:45,006 - root - INFO - step: 247  loss:  2.74443  grad_norm:  0.6586  memory:  0.20GiB(0.32%)  tps: 2,438  tflops: 0.07  mfu: 0.02%
[rank0]:[titan] 2026-08-13 22:51:46,443 - root - INFO - step: 248  loss:  2.67471  grad_norm:  0.7932  memory:  0.20GiB(0.32%)  tps: 1,427  tflops: 0.04  mfu: 0.01%
[rank0]:[titan] 2026-08-13 22:51:47,649 - root - INFO - step: 249  loss:  2.76760  grad_norm:  1.0267  memory:  0.20GiB(0.32%)  tps: 1,700  tflops: 0.05  mfu: 0.01%
[rank0]:[titan] 2026-08-13 22:51:47,652 - root - INFO - [GC] Performing periodic GC collection took 0.00 seconds
[rank0]:[titan] 2026-08-13 22:51:48,366 - root - INFO - step: 250  loss:  2.71605  grad_norm:  0.7004  memory:  0.20GiB(0.32%)  tps: 2,860  tflops: 0.09  mfu: 0.02%
[rank0]:[titan] 2026-08-13 22:51:49,386 - root - INFO - step: 251  loss:  2.61039  grad_norm:  0.9753  memory:  0.20GiB(0.32%)  tps: 2,010  tflops: 0.06  mfu: 0.02%
[rank0]:[titan] 2026-08-13 22:51:50,182 - root - INFO - step: 252  loss:  2.66390  grad_norm:  0.8243  memory:  0.20GiB(0.32%)  tps: 2,579  tflops: 0.08  mfu: 0.02%
[rank0]:[titan] 2026-08-13 22:51:50,748 - root - INFO - step: 253  loss:  2.63368  grad_norm:  0.8219  memory:  0.20GiB(0.32%)  tps: 3,629  tflops: 0.11  mfu: 0.03%
[rank0]:[titan] 2026-08-13 22:51:51,474 - root - INFO - step: 254  loss:  2.63892  grad_norm:  0.8716  memory:  0.20GiB(0.32%)  tps: 2,823  tflops: 0.09  mfu: 0.02%
[rank0]:[titan] 2026-08-13 22:51:52,212 - root - INFO - step: 255  loss:  2.62779  grad_norm:  0.7250  memory:  0.20GiB(0.32%)  tps: 2,781  tflops: 0.08  mfu: 0.02%
[rank0]:[titan] 2026-08-13 22:51:53,020 - root - INFO - step: 256  loss:  2.64431  grad_norm:  0.6649  memory:  0.20GiB(0.32%)  tps: 2,538  tflops: 0.08  mfu: 0.02%
[rank0]:[titan] 2026-08-13 22:51:53,954 - root - INFO - step: 257  loss:  2.73574  grad_norm:  0.6186  memory:  0.20GiB(0.32%)  tps: 2,195  tflops: 0.07  mfu: 0.02%
[rank0]:[titan] 2026-08-13 22:51:54,454 - root - INFO - step: 258  loss:  2.70834  grad_norm:  0.9810  memory:  0.20GiB(0.32%)  tps: 4,108  tflops: 0.12  mfu: 0.04%
[rank0]:[titan] 2026-08-13 22:51:54,865 - root - INFO - step: 259  loss:  2.67585  grad_norm:  0.8167  memory:  0.20GiB(0.32%)  tps: 5,004  tflops: 0.15  mfu: 0.04%
[rank0]:[titan] 2026-08-13 22:51:55,297 - root - INFO - step: 260  loss:  2.67269  grad_norm:  0.7386  memory:  0.20GiB(0.32%)  tps: 4,753  tflops: 0.14  mfu: 0.04%
[rank0]:[titan] 2026-08-13 22:51:55,723 - root - INFO - step: 261  loss:  2.60656  grad_norm:  0.5636  memory:  0.20GiB(0.32%)  tps: 4,821  tflops: 0.15  mfu: 0.04%
[rank0]:[titan] 2026-08-13 22:51:56,165 - root - INFO - step: 262  loss:  2.67539  grad_norm:  0.9528  memory:  0.20GiB(0.32%)  tps: 4,649  tflops: 0.14  mfu: 0.04%
[rank0]:[titan] 2026-08-13 22:51:56,615 - root - INFO - step: 263  loss:  2.64073  grad_norm:  0.8967  memory:  0.20GiB(0.32%)  tps: 4,568  tflops: 0.14  mfu: 0.04%
[rank0]:[titan] 2026-08-13 22:51:57,036 - root - INFO - step: 264  loss:  2.70563  grad_norm:  0.7086  memory:  0.20GiB(0.32%)  tps: 4,886  tflops: 0.15  mfu: 0.04%
[rank0]:[titan] 2026-08-13 22:51:57,449 - root - INFO - step: 265  loss:  2.69877  grad_norm:  0.7741  memory:  0.20GiB(0.32%)  tps: 4,977  tflops: 0.15  mfu: 0.04%
[rank0]:[titan] 2026-08-13 22:51:57,867 - root - INFO - step: 266  loss:  2.65270  grad_norm:  0.6693  memory:  0.20GiB(0.32%)  tps: 4,911  tflops: 0.15  mfu: 0.04%
[rank0]:[titan] 2026-08-13 22:51:58,288 - root - INFO - step: 267  loss:  2.76277  grad_norm:  0.6783  memory:  0.20GiB(0.32%)  tps: 4,874  tflops: 0.15  mfu: 0.04%
[rank0]:[titan] 2026-08-13 22:51:58,708 - root - INFO - step: 268  loss:  2.72689  grad_norm:  0.6394  memory:  0.20GiB(0.32%)  tps: 4,901  tflops: 0.15  mfu: 0.04%
[rank0]:[titan] 2026-08-13 22:51:59,123 - root - INFO - step: 269  loss:  2.61175  grad_norm:  0.5293  memory:  0.20GiB(0.32%)  tps: 4,948  tflops: 0.15  mfu: 0.04%
[rank0]:[titan] 2026-08-13 22:51:59,539 - root - INFO - step: 270  loss:  2.75942  grad_norm:  0.8131  memory:  0.20GiB(0.32%)  tps: 4,939  tflops: 0.15  mfu: 0.04%
[rank0]:[titan] 2026-08-13 22:51:59,959 - root - INFO - step: 271  loss:  2.87596  grad_norm:  0.8710  memory:  0.20GiB(0.32%)  tps: 4,886  tflops: 0.15  mfu: 0.04%
[rank0]:[titan] 2026-08-13 22:52:00,373 - root - INFO - step: 272  loss:  2.75781  grad_norm:  0.7205  memory:  0.20GiB(0.32%)  tps: 4,963  tflops: 0.15  mfu: 0.04%
[rank0]:[titan] 2026-08-13 22:52:00,818 - root - INFO - step: 273  loss:  2.63507  grad_norm:  0.8120  memory:  0.20GiB(0.32%)  tps: 4,613  tflops: 0.14  mfu: 0.04%
[rank0]:[titan] 2026-08-13 22:52:01,264 - root - INFO - step: 274  loss:  2.82325  grad_norm:  0.7402  memory:  0.20GiB(0.32%)  tps: 4,606  tflops: 0.14  mfu: 0.04%
[rank0]:[titan] 2026-08-13 22:52:01,685 - root - INFO - step: 275  loss:  3.05548  grad_norm:  0.8781  memory:  0.20GiB(0.32%)  tps: 4,888  tflops: 0.15  mfu: 0.04%
[rank0]:[titan] 2026-08-13 22:52:02,904 - root - INFO - step: 276  loss:  2.72156  grad_norm:  0.7358  memory:  0.20GiB(0.32%)  tps: 1,681  tflops: 0.05  mfu: 0.01%
[rank0]:[titan] 2026-08-13 22:52:04,158 - root - INFO - step: 277  loss:  2.66324  grad_norm:  0.6869  memory:  0.20GiB(0.32%)  tps: 1,635  tflops: 0.05  mfu: 0.01%
[rank0]:[titan] 2026-08-13 22:52:05,169 - root - INFO - step: 278  loss:  2.68826  grad_norm:  0.5584  memory:  0.20GiB(0.32%)  tps: 2,029  tflops: 0.06  mfu: 0.02%
[rank0]:[titan] 2026-08-13 22:52:05,968 - root - INFO - step: 279  loss:  2.60262  grad_norm:  0.5130  memory:  0.20GiB(0.32%)  tps: 2,566  tflops: 0.08  mfu: 0.02%
[rank0]:[titan] 2026-08-13 22:52:06,594 - root - INFO - step: 280  loss:  2.57826  grad_norm:  0.6780  memory:  0.20GiB(0.32%)  tps: 3,279  tflops: 0.10  mfu: 0.03%
[rank0]:[titan] 2026-08-13 22:52:07,234 - root - INFO - step: 281  loss:  2.63876  grad_norm:  0.6361  memory:  0.20GiB(0.32%)  tps: 3,209  tflops: 0.10  mfu: 0.03%
[rank0]:[titan] 2026-08-13 22:52:07,993 - root - INFO - step: 282  loss:  2.86070  grad_norm:  0.7885  memory:  0.20GiB(0.32%)  tps: 2,703  tflops: 0.08  mfu: 0.02%
[rank0]:[titan] 2026-08-13 22:52:08,572 - root - INFO - step: 283  loss:  2.74316  grad_norm:  0.7910  memory:  0.20GiB(0.32%)  tps: 3,543  tflops: 0.11  mfu: 0.03%
[rank0]:[titan] 2026-08-13 22:52:09,324 - root - INFO - step: 284  loss:  2.79224  grad_norm:  0.8355  memory:  0.20GiB(0.32%)  tps: 2,728  tflops: 0.08  mfu: 0.02%
[rank0]:[titan] 2026-08-13 22:52:10,025 - root - INFO - step: 285  loss:  2.71169  grad_norm:  0.9316  memory:  0.20GiB(0.32%)  tps: 2,927  tflops: 0.09  mfu: 0.03%
[rank0]:[titan] 2026-08-13 22:52:10,850 - root - INFO - step: 286  loss:  2.73597  grad_norm:  0.6990  memory:  0.20GiB(0.32%)  tps: 2,488  tflops: 0.08  mfu: 0.02%
[rank0]:[titan] 2026-08-13 22:52:11,487 - root - INFO - step: 287  loss:  2.65878  grad_norm:  0.7482  memory:  0.20GiB(0.32%)  tps: 3,218  tflops: 0.10  mfu: 0.03%
[rank0]:[titan] 2026-08-13 22:52:11,925 - root - INFO - step: 288  loss:  2.65012  grad_norm:  0.8358  memory:  0.20GiB(0.32%)  tps: 4,696  tflops: 0.14  mfu: 0.04%
[rank0]:[titan] 2026-08-13 22:52:12,358 - root - INFO - step: 289  loss:  2.61070  grad_norm:  0.9641  memory:  0.20GiB(0.32%)  tps: 4,749  tflops: 0.14  mfu: 0.04%
[rank0]:[titan] 2026-08-13 22:52:12,779 - root - INFO - step: 290  loss:  2.52143  grad_norm:  0.7190  memory:  0.20GiB(0.32%)  tps: 4,878  tflops: 0.15  mfu: 0.04%
[rank0]:[titan] 2026-08-13 22:52:13,215 - root - INFO - step: 291  loss:  2.61108  grad_norm:  0.6161  memory:  0.20GiB(0.32%)  tps: 4,710  tflops: 0.14  mfu: 0.04%
[rank0]:[titan] 2026-08-13 22:52:13,657 - root - INFO - step: 292  loss:  2.85741  grad_norm:  0.9019  memory:  0.20GiB(0.32%)  tps: 4,641  tflops: 0.14  mfu: 0.04%
[rank0]:[titan] 2026-08-13 22:52:14,100 - root - INFO - step: 293  loss:  2.77103  grad_norm:  0.6616  memory:  0.20GiB(0.32%)  tps: 4,639  tflops: 0.14  mfu: 0.04%
[rank0]:[titan] 2026-08-13 22:52:14,524 - root - INFO - step: 294  loss:  2.63253  grad_norm:  0.8742  memory:  0.20GiB(0.32%)  tps: 4,850  tflops: 0.15  mfu: 0.04%
[rank0]:[titan] 2026-08-13 22:52:14,956 - root - INFO - step: 295  loss:  2.78507  grad_norm:  0.7438  memory:  0.20GiB(0.32%)  tps: 4,762  tflops: 0.14  mfu: 0.04%
[rank0]:[titan] 2026-08-13 22:52:15,391 - root - INFO - step: 296  loss:  2.80745  grad_norm:  0.5801  memory:  0.20GiB(0.32%)  tps: 4,722  tflops: 0.14  mfu: 0.04%
[rank0]:[titan] 2026-08-13 22:52:15,823 - root - INFO - step: 297  loss:  2.74296  grad_norm:  0.7519  memory:  0.20GiB(0.32%)  tps: 4,757  tflops: 0.14  mfu: 0.04%
[rank0]:[titan] 2026-08-13 22:52:16,251 - root - INFO - step: 298  loss:  2.87364  grad_norm:  0.7942  memory:  0.20GiB(0.32%)  tps: 4,806  tflops: 0.15  mfu: 0.04%
[rank0]:[titan] 2026-08-13 22:52:16,682 - root - INFO - step: 299  loss:  2.87018  grad_norm:  0.6530  memory:  0.20GiB(0.32%)  tps: 4,767  tflops: 0.15  mfu: 0.04%
[rank0]:[titan] 2026-08-13 22:52:16,685 - root - INFO - [GC] Performing periodic GC collection took 0.00 seconds
[rank0]:[titan] 2026-08-13 22:52:17,106 - root - INFO - step: 300  loss:  2.77096  grad_norm:  0.9950  memory:  0.20GiB(0.32%)  tps: 4,840  tflops: 0.15  mfu: 0.04%
[rank0]:[titan] 2026-08-13 22:52:17,529 - root - INFO - step: 301  loss:  2.71820  grad_norm:  0.7190  memory:  0.20GiB(0.32%)  tps: 4,858  tflops: 0.15  mfu: 0.04%
[rank0]:[titan] 2026-08-13 22:52:17,954 - root - INFO - step: 302  loss:  2.96458  grad_norm:  0.7467  memory:  0.20GiB(0.32%)  tps: 4,834  tflops: 0.15  mfu: 0.04%
[rank0]:[titan] 2026-08-13 22:52:18,375 - root - INFO - step: 303  loss:  2.66594  grad_norm:  0.6398  memory:  0.20GiB(0.32%)  tps: 4,882  tflops: 0.15  mfu: 0.04%
[rank0]:[titan] 2026-08-13 22:52:18,851 - root - INFO - step: 304  loss:  2.76528  grad_norm:  0.7418  memory:  0.20GiB(0.32%)  tps: 4,309  tflops: 0.13  mfu: 0.04%
[rank0]:[titan] 2026-08-13 22:52:19,323 - root - INFO - step: 305  loss:  2.71383  grad_norm:  0.7315  memory:  0.20GiB(0.32%)  tps: 4,353  tflops: 0.13  mfu: 0.04%
[rank0]:[titan] 2026-08-13 22:52:19,748 - root - INFO - step: 306  loss:  2.72223  grad_norm:  0.7433  memory:  0.20GiB(0.32%)  tps: 4,838  tflops: 0.15  mfu: 0.04%
[rank0]:[titan] 2026-08-13 22:52:20,841 - root - INFO - step: 307  loss:  2.78364  grad_norm:  0.6335  memory:  0.20GiB(0.32%)  tps: 1,876  tflops: 0.06  mfu: 0.02%
[rank0]:[titan] 2026-08-13 22:52:22,171 - root - INFO - step: 308  loss:  2.74586  grad_norm:  0.7549  memory:  0.20GiB(0.32%)  tps: 1,542  tflops: 0.05  mfu: 0.01%
[rank0]:[titan] 2026-08-13 22:52:23,200 - root - INFO - step: 309  loss:  2.67751  grad_norm:  0.4683  memory:  0.20GiB(0.32%)  tps: 1,991  tflops: 0.06  mfu: 0.02%
[rank0]:[titan] 2026-08-13 22:52:23,999 - root - INFO - step: 310  loss:  2.65679  grad_norm:  0.5470  memory:  0.20GiB(0.32%)  tps: 2,568  tflops: 0.08  mfu: 0.02%
[rank0]:[titan] 2026-08-13 22:52:24,694 - root - INFO - step: 311  loss:  2.79958  grad_norm:  0.8067  memory:  0.20GiB(0.32%)  tps: 2,953  tflops: 0.09  mfu: 0.03%
[rank0]:[titan] 2026-08-13 22:52:25,490 - root - INFO - step: 312  loss:  2.77238  grad_norm:  0.6897  memory:  0.20GiB(0.32%)  tps: 2,578  tflops: 0.08  mfu: 0.02%
[rank0]:[titan] 2026-08-13 22:52:26,070 - root - INFO - step: 313  loss:  2.76595  grad_norm:  0.7729  memory:  0.20GiB(0.32%)  tps: 3,541  tflops: 0.11  mfu: 0.03%
[rank0]:[titan] 2026-08-13 22:52:26,791 - root - INFO - step: 314  loss:  2.78882  grad_norm:  0.5367  memory:  0.20GiB(0.32%)  tps: 2,843  tflops: 0.09  mfu: 0.02%
[rank0]:[titan] 2026-08-13 22:52:27,523 - root - INFO - step: 315  loss:  2.72173  grad_norm:  0.5052  memory:  0.20GiB(0.32%)  tps: 2,806  tflops: 0.09  mfu: 0.02%
[rank0]:[titan] 2026-08-13 22:52:28,209 - root - INFO - step: 316  loss:  2.88785  grad_norm:  0.5887  memory:  0.20GiB(0.32%)  tps: 2,988  tflops: 0.09  mfu: 0.03%
[rank0]:[titan] 2026-08-13 22:52:29,005 - root - INFO - step: 317  loss:  2.80822  grad_norm:  0.7078  memory:  0.20GiB(0.32%)  tps: 2,579  tflops: 0.08  mfu: 0.02%
[rank0]:[titan] 2026-08-13 22:52:29,570 - root - INFO - step: 318  loss:  2.81531  grad_norm:  0.5988  memory:  0.20GiB(0.32%)  tps: 3,631  tflops: 0.11  mfu: 0.03%
[rank0]:[titan] 2026-08-13 22:52:30,001 - root - INFO - step: 319  loss:  2.81227  grad_norm:  0.8933  memory:  0.20GiB(0.32%)  tps: 4,763  tflops: 0.14  mfu: 0.04%
[rank0]:[titan] 2026-08-13 22:52:30,426 - root - INFO - step: 320  loss:  2.74703  grad_norm:  0.7012  memory:  0.20GiB(0.32%)  tps: 4,838  tflops: 0.15  mfu: 0.04%
[rank0]:[titan] 2026-08-13 22:52:30,847 - root - INFO - step: 321  loss:  2.67560  grad_norm:  0.6995  memory:  0.20GiB(0.32%)  tps: 4,888  tflops: 0.15  mfu: 0.04%
[rank0]:[titan] 2026-08-13 22:52:31,271 - root - INFO - step: 322  loss:  2.68022  grad_norm:  0.6566  memory:  0.20GiB(0.32%)  tps: 4,838  tflops: 0.15  mfu: 0.04%
[rank0]:[titan] 2026-08-13 22:52:31,691 - root - INFO - step: 323  loss:  2.74977  grad_norm:  0.9288  memory:  0.20GiB(0.32%)  tps: 4,898  tflops: 0.15  mfu: 0.04%
[rank0]:[titan] 2026-08-13 22:52:32,113 - root - INFO - step: 324  loss:  2.70695  grad_norm:  0.8303  memory:  0.20GiB(0.32%)  tps: 4,862  tflops: 0.15  mfu: 0.04%
[rank0]:[titan] 2026-08-13 22:52:32,546 - root - INFO - step: 325  loss:  2.76470  grad_norm:  0.5561  memory:  0.20GiB(0.32%)  tps: 4,742  tflops: 0.14  mfu: 0.04%
[rank0]:[titan] 2026-08-13 22:52:32,985 - root - INFO - step: 326  loss:  2.75740  grad_norm:  0.8387  memory:  0.20GiB(0.32%)  tps: 4,681  tflops: 0.14  mfu: 0.04%
[rank0]:[titan] 2026-08-13 22:52:33,408 - root - INFO - step: 327  loss:  3.40044  grad_norm:  1.7621  memory:  0.20GiB(0.32%)  tps: 4,863  tflops: 0.15  mfu: 0.04%
[rank0]:[titan] 2026-08-13 22:52:33,838 - root - INFO - step: 328  loss:  2.70895  grad_norm:  0.9230  memory:  0.20GiB(0.32%)  tps: 4,775  tflops: 0.15  mfu: 0.04%
[rank0]:[titan] 2026-08-13 22:52:34,265 - root - INFO - step: 329  loss:  2.69165  grad_norm:  0.7845  memory:  0.20GiB(0.32%)  tps: 4,809  tflops: 0.15  mfu: 0.04%
[rank0]:[titan] 2026-08-13 22:52:34,693 - root - INFO - step: 330  loss:  2.72799  grad_norm:  0.6211  memory:  0.20GiB(0.32%)  tps: 4,797  tflops: 0.15  mfu: 0.04%
[rank0]:[titan] 2026-08-13 22:52:35,129 - root - INFO - step: 331  loss:  2.69433  grad_norm:  0.8038  memory:  0.20GiB(0.32%)  tps: 4,715  tflops: 0.14  mfu: 0.04%
[rank0]:[titan] 2026-08-13 22:52:35,559 - root - INFO - step: 332  loss:  2.65559  grad_norm:  0.8566  memory:  0.20GiB(0.32%)  tps: 4,784  tflops: 0.15  mfu: 0.04%
[rank0]:[titan] 2026-08-13 22:52:36,019 - root - INFO - step: 333  loss:  2.72715  grad_norm:  0.6368  memory:  0.20GiB(0.32%)  tps: 4,462  tflops: 0.14  mfu: 0.04%
[rank0]:[titan] 2026-08-13 22:52:36,479 - root - INFO - step: 334  loss:  2.66698  grad_norm:  0.6871  memory:  0.20GiB(0.32%)  tps: 4,463  tflops: 0.14  mfu: 0.04%
[rank0]:[titan] 2026-08-13 22:52:36,918 - root - INFO - step: 335  loss:  2.61464  grad_norm:  0.6972  memory:  0.20GiB(0.32%)  tps: 4,678  tflops: 0.14  mfu: 0.04%
[rank0]:[titan] 2026-08-13 22:52:37,641 - root - INFO - step: 336  loss:  2.59941  grad_norm:  0.5626  memory:  0.20GiB(0.32%)  tps: 2,839  tflops: 0.09  mfu: 0.02%
[rank0]:[titan] 2026-08-13 22:52:38,941 - root - INFO - step: 337  loss:  2.84069  grad_norm:  0.8389  memory:  0.20GiB(0.32%)  tps: 1,576  tflops: 0.05  mfu: 0.01%
[rank0]:[titan] 2026-08-13 22:52:40,114 - root - INFO - step: 338  loss:  2.71312  grad_norm:  0.7628  memory:  0.20GiB(0.32%)  tps: 1,749  tflops: 0.05  mfu: 0.02%
[rank0]:[titan] 2026-08-13 22:52:40,732 - root - INFO - step: 339  loss:  2.92257  grad_norm:  0.8069  memory:  0.20GiB(0.32%)  tps: 3,321  tflops: 0.10  mfu: 0.03%
[rank0]:[titan] 2026-08-13 22:52:41,617 - root - INFO - step: 340  loss:  2.73582  grad_norm:  0.6948  memory:  0.20GiB(0.32%)  tps: 2,318  tflops: 0.07  mfu: 0.02%
[rank0]:[titan] 2026-08-13 22:52:42,360 - root - INFO - step: 341  loss:  2.78103  grad_norm:  0.9049  memory:  0.20GiB(0.32%)  tps: 2,763  tflops: 0.08  mfu: 0.02%
[rank0]:[titan] 2026-08-13 22:52:43,113 - root - INFO - step: 342  loss:  2.71877  grad_norm:  0.8050  memory:  0.20GiB(0.32%)  tps: 2,724  tflops: 0.08  mfu: 0.02%
[rank0]:[titan] 2026-08-13 22:52:43,732 - root - INFO - step: 343  loss:  2.74380  grad_norm:  0.6920  memory:  0.20GiB(0.32%)  tps: 3,312  tflops: 0.10  mfu: 0.03%
[rank0]:[titan] 2026-08-13 22:52:44,576 - root - INFO - step: 344  loss:  2.71544  grad_norm:  0.7374  memory:  0.20GiB(0.32%)  tps: 2,431  tflops: 0.07  mfu: 0.02%
[rank0]:[titan] 2026-08-13 22:52:45,259 - root - INFO - step: 345  loss:  2.78519  grad_norm:  0.5656  memory:  0.20GiB(0.32%)  tps: 3,003  tflops: 0.09  mfu: 0.03%
[rank0]:[titan] 2026-08-13 22:52:46,005 - root - INFO - step: 346  loss:  2.83193  grad_norm:  0.7029  memory:  0.20GiB(0.32%)  tps: 2,752  tflops: 0.08  mfu: 0.02%
[rank0]:[titan] 2026-08-13 22:52:46,757 - root - INFO - step: 347  loss:  2.93808  grad_norm:  0.8449  memory:  0.20GiB(0.32%)  tps: 2,728  tflops: 0.08  mfu: 0.02%
[rank0]:[titan] 2026-08-13 22:52:47,212 - root - INFO - step: 348  loss:  2.85797  grad_norm:  1.0866  memory:  0.20GiB(0.32%)  tps: 4,511  tflops: 0.14  mfu: 0.04%
[rank0]:[titan] 2026-08-13 22:52:47,633 - root - INFO - step: 349  loss:  3.21872  grad_norm:  0.9590  memory:  0.20GiB(0.32%)  tps: 4,882  tflops: 0.15  mfu: 0.04%
[rank0]:[titan] 2026-08-13 22:52:47,636 - root - INFO - [GC] Performing periodic GC collection took 0.00 seconds
[rank0]:[titan] 2026-08-13 22:52:48,060 - root - INFO - step: 350  loss:  3.05036  grad_norm:  1.0181  memory:  0.20GiB(0.32%)  tps: 4,815  tflops: 0.15  mfu: 0.04%
[rank0]:[titan] 2026-08-13 22:52:48,501 - root - INFO - step: 351  loss:  2.82152  grad_norm:  0.6991  memory:  0.20GiB(0.32%)  tps: 4,658  tflops: 0.14  mfu: 0.04%
[rank0]:[titan] 2026-08-13 22:52:48,917 - root - INFO - step: 352  loss:  2.81516  grad_norm:  0.4705  memory:  0.20GiB(0.32%)  tps: 4,937  tflops: 0.15  mfu: 0.04%
[rank0]:[titan] 2026-08-13 22:52:49,333 - root - INFO - step: 353  loss:  2.78210  grad_norm:  0.4564  memory:  0.20GiB(0.32%)  tps: 4,940  tflops: 0.15  mfu: 0.04%
[rank0]:[titan] 2026-08-13 22:52:49,747 - root - INFO - step: 354  loss:  2.85260  grad_norm:  0.5560  memory:  0.20GiB(0.32%)  tps: 4,961  tflops: 0.15  mfu: 0.04%
[rank0]:[titan] 2026-08-13 22:52:50,172 - root - INFO - step: 355  loss:  2.81933  grad_norm:  0.6765  memory:  0.20GiB(0.32%)  tps: 4,835  tflops: 0.15  mfu: 0.04%
[rank0]:[titan] 2026-08-13 22:52:50,585 - root - INFO - step: 356  loss:  2.84899  grad_norm:  0.6183  memory:  0.20GiB(0.32%)  tps: 4,974  tflops: 0.15  mfu: 0.04%
[rank0]:[titan] 2026-08-13 22:52:51,000 - root - INFO - step: 357  loss:  2.84878  grad_norm:  0.7083  memory:  0.20GiB(0.32%)  tps: 4,943  tflops: 0.15  mfu: 0.04%
[rank0]:[titan] 2026-08-13 22:52:51,416 - root - INFO - step: 358  loss:  2.91713  grad_norm:  0.6749  memory:  0.20GiB(0.32%)  tps: 4,940  tflops: 0.15  mfu: 0.04%
[rank0]:[titan] 2026-08-13 22:52:51,831 - root - INFO - step: 359  loss:  2.67010  grad_norm:  0.6867  memory:  0.20GiB(0.32%)  tps: 4,954  tflops: 0.15  mfu: 0.04%
[rank0]:[titan] 2026-08-13 22:52:52,247 - root - INFO - step: 360  loss:  2.68377  grad_norm:  0.5273  memory:  0.20GiB(0.32%)  tps: 4,940  tflops: 0.15  mfu: 0.04%
[rank0]:[titan] 2026-08-13 22:52:52,673 - root - INFO - step: 361  loss:  2.74036  grad_norm:  0.6180  memory:  0.20GiB(0.32%)  tps: 4,821  tflops: 0.15  mfu: 0.04%
[rank0]:[titan] 2026-08-13 22:52:53,135 - root - INFO - step: 362  loss:  2.81907  grad_norm:  0.6819  memory:  0.20GiB(0.32%)  tps: 4,441  tflops: 0.14  mfu: 0.04%
[rank0]:[titan] 2026-08-13 22:52:53,563 - root - INFO - step: 363  loss:  2.79703  grad_norm:  0.7413  memory:  0.20GiB(0.32%)  tps: 4,798  tflops: 0.15  mfu: 0.04%
[rank0]:[titan] 2026-08-13 22:52:54,050 - root - INFO - step: 364  loss:  2.75822  grad_norm:  0.5607  memory:  0.20GiB(0.32%)  tps: 4,223  tflops: 0.13  mfu: 0.04%
[rank0]:[titan] 2026-08-13 22:52:54,705 - root - INFO - step: 365  loss:  2.74479  grad_norm:  0.7936  memory:  0.20GiB(0.32%)  tps: 3,133  tflops: 0.10  mfu: 0.03%
[rank0]:[titan] 2026-08-13 22:52:55,999 - root - INFO - step: 366  loss:  2.69890  grad_norm:  0.8213  memory:  0.20GiB(0.32%)  tps: 1,585  tflops: 0.05  mfu: 0.01%
[rank0]:[titan] 2026-08-13 22:52:57,341 - root - INFO - step: 367  loss:  2.79214  grad_norm:  0.5544  memory:  0.20GiB(0.32%)  tps: 1,527  tflops: 0.05  mfu: 0.01%
[rank0]:[titan] 2026-08-13 22:52:58,174 - root - INFO - step: 368  loss:  2.87556  grad_norm:  0.8462  memory:  0.20GiB(0.32%)  tps: 2,462  tflops: 0.07  mfu: 0.02%
[rank0]:[titan] 2026-08-13 22:52:59,147 - root - INFO - step: 369  loss:  2.69292  grad_norm:  0.9779  memory:  0.20GiB(0.32%)  tps: 2,108  tflops: 0.06  mfu: 0.02%
[rank0]:[titan] 2026-08-13 22:52:59,976 - root - INFO - step: 370  loss:  2.65496  grad_norm:  1.2125  memory:  0.20GiB(0.32%)  tps: 2,475  tflops: 0.08  mfu: 0.02%
[rank0]:[titan] 2026-08-13 22:53:00,632 - root - INFO - step: 371  loss:  2.58632  grad_norm:  0.8850  memory:  0.20GiB(0.32%)  tps: 3,128  tflops: 0.10  mfu: 0.03%
[rank0]:[titan] 2026-08-13 22:53:01,502 - root - INFO - step: 372  loss:  2.58390  grad_norm:  0.7613  memory:  0.20GiB(0.32%)  tps: 2,356  tflops: 0.07  mfu: 0.02%
[rank0]:[titan] 2026-08-13 22:53:02,272 - root - INFO - step: 373  loss:  2.52889  grad_norm:  0.5849  memory:  0.20GiB(0.32%)  tps: 2,667  tflops: 0.08  mfu: 0.02%
[rank0]:[titan] 2026-08-13 22:53:03,040 - root - INFO - step: 374  loss:  2.55785  grad_norm:  0.5051  memory:  0.20GiB(0.32%)  tps: 2,670  tflops: 0.08  mfu: 0.02%
[rank0]:[titan] 2026-08-13 22:53:03,765 - root - INFO - step: 375  loss:  2.90850  grad_norm:  1.3801  memory:  0.20GiB(0.32%)  tps: 2,831  tflops: 0.09  mfu: 0.02%
[rank0]:[titan] 2026-08-13 22:53:04,222 - root - INFO - step: 376  loss:  2.81816  grad_norm:  1.3106  memory:  0.20GiB(0.32%)  tps: 4,494  tflops: 0.14  mfu: 0.04%
[rank0]:[titan] 2026-08-13 22:53:04,641 - root - INFO - step: 377  loss:  2.90601  grad_norm:  1.0933  memory:  0.20GiB(0.32%)  tps: 4,904  tflops: 0.15  mfu: 0.04%
[rank0]:[titan] 2026-08-13 22:53:05,060 - root - INFO - step: 378  loss:  3.02586  grad_norm:  1.2267  memory:  0.20GiB(0.32%)  tps: 4,903  tflops: 0.15  mfu: 0.04%
[rank0]:[titan] 2026-08-13 22:53:05,478 - root - INFO - step: 379  loss:  2.98921  grad_norm:  1.2841  memory:  0.20GiB(0.32%)  tps: 4,917  tflops: 0.15  mfu: 0.04%
[rank0]:[titan] 2026-08-13 22:53:05,889 - root - INFO - step: 380  loss:  2.75003  grad_norm:  1.0049  memory:  0.20GiB(0.32%)  tps: 4,999  tflops: 0.15  mfu: 0.04%
[rank0]:[titan] 2026-08-13 22:53:06,316 - root - INFO - step: 381  loss:  2.79093  grad_norm:  0.7959  memory:  0.20GiB(0.32%)  tps: 4,808  tflops: 0.15  mfu: 0.04%
[rank0]:[titan] 2026-08-13 22:53:06,736 - root - INFO - step: 382  loss:  2.80658  grad_norm:  1.2834  memory:  0.20GiB(0.32%)  tps: 4,894  tflops: 0.15  mfu: 0.04%
[rank0]:[titan] 2026-08-13 22:53:07,156 - root - INFO - step: 383  loss:  2.81547  grad_norm:  1.0138  memory:  0.20GiB(0.32%)  tps: 4,881  tflops: 0.15  mfu: 0.04%
[rank0]:[titan] 2026-08-13 22:53:07,574 - root - INFO - step: 384  loss:  2.75767  grad_norm:  0.8619  memory:  0.20GiB(0.32%)  tps: 4,924  tflops: 0.15  mfu: 0.04%
[rank0]:[titan] 2026-08-13 22:53:07,983 - root - INFO - step: 385  loss:  2.79941  grad_norm:  1.0402  memory:  0.20GiB(0.32%)  tps: 5,014  tflops: 0.15  mfu: 0.04%
[rank0]:[titan] 2026-08-13 22:53:08,409 - root - INFO - step: 386  loss:  2.77707  grad_norm:  0.7224  memory:  0.20GiB(0.32%)  tps: 4,825  tflops: 0.15  mfu: 0.04%
[rank0]:[titan] 2026-08-13 22:53:08,826 - root - INFO - step: 387  loss:  2.85827  grad_norm:  0.7393  memory:  0.20GiB(0.32%)  tps: 4,924  tflops: 0.15  mfu: 0.04%
[rank0]:[titan] 2026-08-13 22:53:09,247 - root - INFO - step: 388  loss:  2.74685  grad_norm:  0.6520  memory:  0.20GiB(0.32%)  tps: 4,882  tflops: 0.15  mfu: 0.04%
[rank0]:[titan] 2026-08-13 22:53:09,696 - root - INFO - step: 389  loss:  2.80259  grad_norm:  0.7826  memory:  0.20GiB(0.32%)  tps: 4,575  tflops: 0.14  mfu: 0.04%
[rank0]:[titan] 2026-08-13 22:53:10,142 - root - INFO - step: 390  loss:  2.87152  grad_norm:  0.9146  memory:  0.20GiB(0.32%)  tps: 4,606  tflops: 0.14  mfu: 0.04%
[rank0]:[titan] 2026-08-13 22:53:10,565 - root - INFO - step: 391  loss:  2.98026  grad_norm:  0.8923  memory:  0.20GiB(0.32%)  tps: 4,861  tflops: 0.15  mfu: 0.04%
[rank0]:[titan] 2026-08-13 22:53:11,162 - root - INFO - step: 392  loss:  2.90544  grad_norm:  0.6297  memory:  0.20GiB(0.32%)  tps: 3,435  tflops: 0.10  mfu: 0.03%
[rank0]:[titan] 2026-08-13 22:53:12,454 - root - INFO - step: 393  loss:  3.00170  grad_norm:  0.6130  memory:  0.20GiB(0.32%)  tps: 1,587  tflops: 0.05  mfu: 0.01%
[rank0]:[titan] 2026-08-13 22:53:13,871 - root - INFO - step: 394  loss:  2.73069  grad_norm:  0.5470  memory:  0.20GiB(0.32%)  tps: 1,446  tflops: 0.04  mfu: 0.01%
[rank0]:[titan] 2026-08-13 22:53:14,693 - root - INFO - step: 395  loss:  2.86632  grad_norm:  0.7265  memory:  0.20GiB(0.32%)  tps: 2,496  tflops: 0.08  mfu: 0.02%
[rank0]:[titan] 2026-08-13 22:53:15,665 - root - INFO - step: 396  loss:  2.71399  grad_norm:  0.7611  memory:  0.20GiB(0.32%)  tps: 2,111  tflops: 0.06  mfu: 0.02%
[rank0]:[titan] 2026-08-13 22:53:16,524 - root - INFO - step: 397  loss:  2.83176  grad_norm:  0.7102  memory:  0.20GiB(0.32%)  tps: 2,386  tflops: 0.07  mfu: 0.02%
[rank0]:[titan] 2026-08-13 22:53:17,166 - root - INFO - step: 398  loss:  2.74407  grad_norm:  0.9027  memory:  0.20GiB(0.32%)  tps: 3,198  tflops: 0.10  mfu: 0.03%
[rank0]:[titan] 2026-08-13 22:53:18,027 - root - INFO - step: 399  loss:  2.70827  grad_norm:  0.5049  memory:  0.20GiB(0.32%)  tps: 2,382  tflops: 0.07  mfu: 0.02%
[rank0]:[titan] 2026-08-13 22:53:18,031 - root - INFO - [GC] Performing periodic GC collection took 0.00 seconds
[rank0]:[titan] 2026-08-13 22:53:18,653 - root - INFO - step: 400  loss:  2.64747  grad_norm:  0.5314  memory:  0.20GiB(0.32%)  tps: 3,281  tflops: 0.10  mfu: 0.03%
[rank0]:[titan] 2026-08-13 22:53:19,442 - root - INFO - step: 401  loss:  2.82232  grad_norm:  0.7213  memory:  0.20GiB(0.32%)  tps: 2,600  tflops: 0.08  mfu: 0.02%
[rank0]:[titan] 2026-08-13 22:53:20,198 - root - INFO - step: 402  loss:  3.02751  grad_norm:  0.7482  memory:  0.20GiB(0.32%)  tps: 2,712  tflops: 0.08  mfu: 0.02%
[rank0]:[titan] 2026-08-13 22:53:20,711 - root - INFO - step: 403  loss:  2.68607  grad_norm:  0.5148  memory:  0.20GiB(0.32%)  tps: 4,004  tflops: 0.12  mfu: 0.03%
[rank0]:[titan] 2026-08-13 22:53:21,127 - root - INFO - step: 404  loss:  2.67873  grad_norm:  0.5027  memory:  0.20GiB(0.32%)  tps: 4,944  tflops: 0.15  mfu: 0.04%
[rank0]:[titan] 2026-08-13 22:53:21,548 - root - INFO - step: 405  loss:  2.72404  grad_norm:  0.5124  memory:  0.20GiB(0.32%)  tps: 4,877  tflops: 0.15  mfu: 0.04%
[rank0]:[titan] 2026-08-13 22:53:21,986 - root - INFO - step: 406  loss:  2.77490  grad_norm:  0.7285  memory:  0.20GiB(0.32%)  tps: 4,692  tflops: 0.14  mfu: 0.04%
[rank0]:[titan] 2026-08-13 22:53:22,410 - root - INFO - step: 407  loss:  2.66707  grad_norm:  0.8325  memory:  0.20GiB(0.32%)  tps: 4,842  tflops: 0.15  mfu: 0.04%
[rank0]:[titan] 2026-08-13 22:53:22,836 - root - INFO - step: 408  loss:  2.71649  grad_norm:  0.7625  memory:  0.20GiB(0.32%)  tps: 4,823  tflops: 0.15  mfu: 0.04%
[rank0]:[titan] 2026-08-13 22:53:23,267 - root - INFO - step: 409  loss:  2.76721  grad_norm:  0.6919  memory:  0.20GiB(0.32%)  tps: 4,771  tflops: 0.15  mfu: 0.04%
[rank0]:[titan] 2026-08-13 22:53:23,699 - root - INFO - step: 410  loss:  2.71325  grad_norm:  0.5070  memory:  0.20GiB(0.32%)  tps: 4,747  tflops: 0.14  mfu: 0.04%
[rank0]:[titan] 2026-08-13 22:53:24,130 - root - INFO - step: 411  loss:  2.73785  grad_norm:  0.4580  memory:  0.20GiB(0.32%)  tps: 4,774  tflops: 0.15  mfu: 0.04%
[rank0]:[titan] 2026-08-13 22:53:24,565 - root - INFO - step: 412  loss:  2.66182  grad_norm:  0.3980  memory:  0.20GiB(0.32%)  tps: 4,718  tflops: 0.14  mfu: 0.04%
[rank0]:[titan] 2026-08-13 22:53:24,996 - root - INFO - step: 413  loss:  2.73959  grad_norm:  0.8389  memory:  0.20GiB(0.32%)  tps: 4,767  tflops: 0.15  mfu: 0.04%
[rank0]:[titan] 2026-08-13 22:53:25,421 - root - INFO - step: 414  loss:  2.70668  grad_norm:  0.7441  memory:  0.20GiB(0.32%)  tps: 4,843  tflops: 0.15  mfu: 0.04%
[rank0]:[titan] 2026-08-13 22:53:25,846 - root - INFO - step: 415  loss:  2.66357  grad_norm:  0.5512  memory:  0.20GiB(0.32%)  tps: 4,827  tflops: 0.15  mfu: 0.04%
[rank0]:[titan] 2026-08-13 22:53:26,270 - root - INFO - step: 416  loss:  2.69078  grad_norm:  0.5186  memory:  0.20GiB(0.32%)  tps: 4,844  tflops: 0.15  mfu: 0.04%
[rank0]:[titan] 2026-08-13 22:53:26,731 - root - INFO - step: 417  loss:  2.71042  grad_norm:  0.5217  memory:  0.20GiB(0.32%)  tps: 4,455  tflops: 0.14  mfu: 0.04%
[rank0]:[titan] 2026-08-13 22:53:27,153 - root - INFO - step: 418  loss:  2.82646  grad_norm:  0.9021  memory:  0.20GiB(0.32%)  tps: 4,864  tflops: 0.15  mfu: 0.04%
[rank0]:[titan] 2026-08-13 22:53:27,602 - root - INFO - step: 419  loss:  2.88208  grad_norm:  0.7430  memory:  0.20GiB(0.32%)  tps: 4,574  tflops: 0.14  mfu: 0.04%
[rank0]:[titan] 2026-08-13 22:53:28,092 - root - INFO - step: 420  loss:  2.81368  grad_norm:  0.7648  memory:  0.20GiB(0.32%)  tps: 4,191  tflops: 0.13  mfu: 0.04%
[rank0]:[titan] 2026-08-13 22:53:29,605 - root - INFO - step: 421  loss:  2.88482  grad_norm:  0.7206  memory:  0.20GiB(0.32%)  tps: 1,355  tflops: 0.04  mfu: 0.01%
[rank0]:[titan] 2026-08-13 22:53:30,939 - root - INFO - step: 422  loss:  2.58855  grad_norm:  0.4818  memory:  0.20GiB(0.32%)  tps: 1,538  tflops: 0.05  mfu: 0.01%
[rank0]:[titan] 2026-08-13 22:53:31,795 - root - INFO - step: 423  loss:  2.88379  grad_norm:  0.5989  memory:  0.20GiB(0.32%)  tps: 2,394  tflops: 0.07  mfu: 0.02%
[rank0]:[titan] 2026-08-13 22:53:32,674 - root - INFO - step: 424  loss:  2.77907  grad_norm:  0.5553  memory:  0.20GiB(0.32%)  tps: 2,333  tflops: 0.07  mfu: 0.02%
[rank0]:[titan] 2026-08-13 22:53:33,434 - root - INFO - step: 425  loss:  2.70856  grad_norm:  0.4941  memory:  0.20GiB(0.32%)  tps: 2,700  tflops: 0.08  mfu: 0.02%
[rank0]:[titan] 2026-08-13 22:53:34,070 - root - INFO - step: 426  loss:  2.67573  grad_norm:  0.5429  memory:  0.20GiB(0.32%)  tps: 3,226  tflops: 0.10  mfu: 0.03%
[rank0]:[titan] 2026-08-13 22:53:34,644 - root - INFO - step: 427  loss:  2.67506  grad_norm:  0.5591  memory:  0.20GiB(0.32%)  tps: 3,577  tflops: 0.11  mfu: 0.03%
[rank0]:[titan] 2026-08-13 22:53:35,340 - root - INFO - step: 428  loss:  2.70475  grad_norm:  0.6350  memory:  0.20GiB(0.32%)  tps: 2,952  tflops: 0.09  mfu: 0.03%
[rank0]:[titan] 2026-08-13 22:53:36,087 - root - INFO - step: 429  loss:  2.65280  grad_norm:  0.9364  memory:  0.20GiB(0.32%)  tps: 2,745  tflops: 0.08  mfu: 0.02%
[rank0]:[titan] 2026-08-13 22:53:36,898 - root - INFO - step: 430  loss:  2.68263  grad_norm:  0.7617  memory:  0.20GiB(0.32%)  tps: 2,529  tflops: 0.08  mfu: 0.02%
[rank0]:[titan] 2026-08-13 22:53:37,663 - root - INFO - step: 431  loss:  2.64740  grad_norm:  0.6728  memory:  0.20GiB(0.32%)  tps: 2,683  tflops: 0.08  mfu: 0.02%
[rank0]:[titan] 2026-08-13 22:53:38,129 - root - INFO - step: 432  loss:  2.61683  grad_norm:  0.6951  memory:  0.20GiB(0.32%)  tps: 4,406  tflops: 0.13  mfu: 0.04%
[rank0]:[titan] 2026-08-13 22:53:38,569 - root - INFO - step: 433  loss:  2.67087  grad_norm:  0.6563  memory:  0.20GiB(0.32%)  tps: 4,673  tflops: 0.14  mfu: 0.04%
[rank0]:[titan] 2026-08-13 22:53:39,001 - root - INFO - step: 434  loss:  2.61964  grad_norm:  0.6188  memory:  0.20GiB(0.32%)  tps: 4,744  tflops: 0.14  mfu: 0.04%
[rank0]:[titan] 2026-08-13 22:53:39,425 - root - INFO - step: 435  loss:  2.64536  grad_norm:  0.5740  memory:  0.20GiB(0.32%)  tps: 4,854  tflops: 0.15  mfu: 0.04%
[rank0]:[titan] 2026-08-13 22:53:39,855 - root - INFO - step: 436  loss:  2.75665  grad_norm:  0.6213  memory:  0.20GiB(0.32%)  tps: 4,776  tflops: 0.15  mfu: 0.04%
[rank0]:[titan] 2026-08-13 22:53:40,284 - root - INFO - step: 437  loss:  2.80575  grad_norm:  0.6170  memory:  0.20GiB(0.32%)  tps: 4,789  tflops: 0.15  mfu: 0.04%
[rank0]:[titan] 2026-08-13 22:53:40,714 - root - INFO - step: 438  loss:  3.03120  grad_norm:  0.7822  memory:  0.20GiB(0.32%)  tps: 4,770  tflops: 0.15  mfu: 0.04%
[rank0]:[titan] 2026-08-13 22:53:41,144 - root - INFO - step: 439  loss:  3.20605  grad_norm:  1.0305  memory:  0.20GiB(0.32%)  tps: 4,779  tflops: 0.15  mfu: 0.04%
[rank0]:[titan] 2026-08-13 22:53:41,574 - root - INFO - step: 440  loss:  2.73587  grad_norm:  0.6457  memory:  0.20GiB(0.32%)  tps: 4,777  tflops: 0.15  mfu: 0.04%
[rank0]:[titan] 2026-08-13 22:53:42,007 - root - INFO - step: 441  loss:  2.63947  grad_norm:  0.6926  memory:  0.20GiB(0.32%)  tps: 4,750  tflops: 0.14  mfu: 0.04%
[rank0]:[titan] 2026-08-13 22:53:42,434 - root - INFO - step: 442  loss:  2.62609  grad_norm:  0.7291  memory:  0.20GiB(0.32%)  tps: 4,824  tflops: 0.15  mfu: 0.04%
[rank0]:[titan] 2026-08-13 22:53:42,858 - root - INFO - step: 443  loss:  2.68143  grad_norm:  0.6974  memory:  0.20GiB(0.32%)  tps: 4,844  tflops: 0.15  mfu: 0.04%
[rank0]:[titan] 2026-08-13 22:53:43,291 - root - INFO - step: 444  loss:  2.82084  grad_norm:  0.5528  memory:  0.20GiB(0.32%)  tps: 4,741  tflops: 0.14  mfu: 0.04%
[rank0]:[titan] 2026-08-13 22:53:43,715 - root - INFO - step: 445  loss:  2.61840  grad_norm:  0.8642  memory:  0.20GiB(0.32%)  tps: 4,843  tflops: 0.15  mfu: 0.04%
[rank0]:[titan] 2026-08-13 22:53:44,192 - root - INFO - step: 446  loss:  2.73797  grad_norm:  0.7090  memory:  0.20GiB(0.32%)  tps: 4,311  tflops: 0.13  mfu: 0.04%
[rank0]:[titan] 2026-08-13 22:53:44,626 - root - INFO - step: 447  loss:  2.80800  grad_norm:  0.8999  memory:  0.20GiB(0.32%)  tps: 4,726  tflops: 0.14  mfu: 0.04%
[rank0]:[titan] 2026-08-13 22:53:45,086 - root - INFO - step: 448  loss:  2.76641  grad_norm:  0.6318  memory:  0.20GiB(0.32%)  tps: 4,471  tflops: 0.14  mfu: 0.04%
[rank0]:[titan] 2026-08-13 22:53:45,709 - root - INFO - step: 449  loss:  2.74582  grad_norm:  0.7604  memory:  0.20GiB(0.32%)  tps: 3,292  tflops: 0.10  mfu: 0.03%
[rank0]:[titan] 2026-08-13 22:53:45,713 - root - INFO - [GC] Performing periodic GC collection took 0.00 seconds
[rank0]:[titan] 2026-08-13 22:53:47,233 - root - INFO - step: 450  loss:  2.59563  grad_norm:  0.5189  memory:  0.20GiB(0.32%)  tps: 1,345  tflops: 0.04  mfu: 0.01%
[rank0]:[titan] 2026-08-13 22:53:48,343 - root - INFO - step: 451  loss:  2.85213  grad_norm:  0.7941  memory:  0.20GiB(0.32%)  tps: 1,847  tflops: 0.06  mfu: 0.02%
[rank0]:[titan] 2026-08-13 22:53:49,186 - root - INFO - step: 452  loss:  2.73979  grad_norm:  0.5665  memory:  0.20GiB(0.32%)  tps: 2,432  tflops: 0.07  mfu: 0.02%
[rank0]:[titan] 2026-08-13 22:53:50,074 - root - INFO - step: 453  loss:  2.67345  grad_norm:  0.9117  memory:  0.20GiB(0.32%)  tps: 2,311  tflops: 0.07  mfu: 0.02%
[rank0]:[titan] 2026-08-13 22:53:50,904 - root - INFO - step: 454  loss:  2.68615  grad_norm:  0.8036  memory:  0.20GiB(0.32%)  tps: 2,471  tflops: 0.08  mfu: 0.02%
[rank0]:[titan] 2026-08-13 22:53:51,555 - root - INFO - step: 455  loss:  2.65623  grad_norm:  0.6617  memory:  0.20GiB(0.32%)  tps: 3,149  tflops: 0.10  mfu: 0.03%
[rank0]:[titan] 2026-08-13 22:53:52,469 - root - INFO - step: 456  loss:  2.79047  grad_norm:  0.5969  memory:  0.20GiB(0.32%)  tps: 2,246  tflops: 0.07  mfu: 0.02%
[rank0]:[titan] 2026-08-13 22:53:53,186 - root - INFO - step: 457  loss:  2.78093  grad_norm:  0.5857  memory:  0.20GiB(0.32%)  tps: 2,859  tflops: 0.09  mfu: 0.02%
[rank0]:[titan] 2026-08-13 22:53:53,921 - root - INFO - step: 458  loss:  3.06722  grad_norm:  0.7343  memory:  0.20GiB(0.32%)  tps: 2,792  tflops: 0.08  mfu: 0.02%
[rank0]:[titan] 2026-08-13 22:53:54,648 - root - INFO - step: 459  loss:  2.70806  grad_norm:  0.8272  memory:  0.20GiB(0.32%)  tps: 2,825  tflops: 0.09  mfu: 0.02%
[rank0]:[titan] 2026-08-13 22:53:55,127 - root - INFO - step: 460  loss:  2.79724  grad_norm:  0.7566  memory:  0.20GiB(0.32%)  tps: 4,288  tflops: 0.13  mfu: 0.04%
[rank0]:[titan] 2026-08-13 22:53:55,575 - root - INFO - step: 461  loss:  2.83183  grad_norm:  0.8101  memory:  0.20GiB(0.32%)  tps: 4,588  tflops: 0.14  mfu: 0.04%
[rank0]:[titan] 2026-08-13 22:53:56,030 - root - INFO - step: 462  loss:  2.73548  grad_norm:  0.7153  memory:  0.20GiB(0.32%)  tps: 4,507  tflops: 0.14  mfu: 0.04%
[rank0]:[titan] 2026-08-13 22:53:56,483 - root - INFO - step: 463  loss:  2.86782  grad_norm:  0.6662  memory:  0.20GiB(0.32%)  tps: 4,541  tflops: 0.14  mfu: 0.04%
[rank0]:[titan] 2026-08-13 22:53:56,939 - root - INFO - step: 464  loss:  2.67735  grad_norm:  0.5367  memory:  0.20GiB(0.32%)  tps: 4,504  tflops: 0.14  mfu: 0.04%
[rank0]:[titan] 2026-08-13 22:53:57,404 - root - INFO - step: 465  loss:  2.80894  grad_norm:  1.0161  memory:  0.20GiB(0.32%)  tps: 4,423  tflops: 0.13  mfu: 0.04%
[rank0]:[titan] 2026-08-13 22:53:57,860 - root - INFO - step: 466  loss:  2.86761  grad_norm:  1.0562  memory:  0.20GiB(0.32%)  tps: 4,499  tflops: 0.14  mfu: 0.04%
[rank0]:[titan] 2026-08-13 22:53:58,310 - root - INFO - step: 467  loss:  2.74643  grad_norm:  0.9329  memory:  0.20GiB(0.32%)  tps: 4,563  tflops: 0.14  mfu: 0.04%
[rank0]:[titan] 2026-08-13 22:53:58,757 - root - INFO - step: 468  loss:  3.01340  grad_norm:  1.1723  memory:  0.20GiB(0.32%)  tps: 4,604  tflops: 0.14  mfu: 0.04%
[rank0]:[titan] 2026-08-13 22:53:59,215 - root - INFO - step: 469  loss:  2.56440  grad_norm:  0.8816  memory:  0.20GiB(0.32%)  tps: 4,480  tflops: 0.14  mfu: 0.04%
[rank0]:[titan] 2026-08-13 22:53:59,648 - root - INFO - step: 470  loss:  2.77487  grad_norm:  0.8588  memory:  0.20GiB(0.32%)  tps: 4,747  tflops: 0.14  mfu: 0.04%
[rank0]:[titan] 2026-08-13 22:54:00,086 - root - INFO - step: 471  loss:  2.79240  grad_norm:  1.0140  memory:  0.20GiB(0.32%)  tps: 4,691  tflops: 0.14  mfu: 0.04%
[rank0]:[titan] 2026-08-13 22:54:00,521 - root - INFO - step: 472  loss:  2.90287  grad_norm:  0.8814  memory:  0.20GiB(0.32%)  tps: 4,718  tflops: 0.14  mfu: 0.04%
[rank0]:[titan] 2026-08-13 22:54:00,949 - root - INFO - step: 473  loss:  2.65745  grad_norm:  0.9189  memory:  0.20GiB(0.32%)  tps: 4,806  tflops: 0.15  mfu: 0.04%
[rank0]:[titan] 2026-08-13 22:54:01,380 - root - INFO - step: 474  loss:  2.70578  grad_norm:  1.0040  memory:  0.20GiB(0.32%)  tps: 4,757  tflops: 0.14  mfu: 0.04%
[rank0]:[titan] 2026-08-13 22:54:01,812 - root - INFO - step: 475  loss:  2.72184  grad_norm:  0.9212  memory:  0.20GiB(0.32%)  tps: 4,757  tflops: 0.14  mfu: 0.04%
[rank0]:[titan] 2026-08-13 22:54:02,284 - root - INFO - step: 476  loss:  2.72347  grad_norm:  0.7251  memory:  0.20GiB(0.32%)  tps: 4,350  tflops: 0.13  mfu: 0.04%
[rank0]:[titan] 2026-08-13 22:54:02,752 - root - INFO - step: 477  loss:  2.59875  grad_norm:  0.7639  memory:  0.20GiB(0.32%)  tps: 4,387  tflops: 0.13  mfu: 0.04%
[rank0]:[titan] 2026-08-13 22:54:03,193 - root - INFO - step: 478  loss:  2.73662  grad_norm:  0.8802  memory:  0.20GiB(0.32%)  tps: 4,663  tflops: 0.14  mfu: 0.04%
[rank0]:[titan] 2026-08-13 22:54:04,484 - root - INFO - step: 479  loss:  2.76832  grad_norm:  0.7389  memory:  0.20GiB(0.32%)  tps: 1,588  tflops: 0.05  mfu: 0.01%
[rank0]:[titan] 2026-08-13 22:54:05,657 - root - INFO - step: 480  loss:  2.83483  grad_norm:  0.4789  memory:  0.20GiB(0.32%)  tps: 1,747  tflops: 0.05  mfu: 0.02%
[rank0]:[titan] 2026-08-13 22:54:06,910 - root - INFO - step: 481  loss:  2.72352  grad_norm:  0.5207  memory:  0.20GiB(0.32%)  tps: 1,637  tflops: 0.05  mfu: 0.01%
[rank0]:[titan] 2026-08-13 22:54:07,946 - root - INFO - step: 482  loss:  2.74434  grad_norm:  0.6213  memory:  0.20GiB(0.32%)  tps: 1,979  tflops: 0.06  mfu: 0.02%
[rank0]:[titan] 2026-08-13 22:54:08,828 - root - INFO - step: 483  loss:  2.71439  grad_norm:  0.6267  memory:  0.20GiB(0.32%)  tps: 2,327  tflops: 0.07  mfu: 0.02%
[rank0]:[titan] 2026-08-13 22:54:09,599 - root - INFO - step: 484  loss:  2.62474  grad_norm:  0.6914  memory:  0.20GiB(0.32%)  tps: 2,660  tflops: 0.08  mfu: 0.02%
[rank0]:[titan] 2026-08-13 22:54:10,289 - root - INFO - step: 485  loss:  2.74392  grad_norm:  0.5824  memory:  0.20GiB(0.32%)  tps: 2,978  tflops: 0.09  mfu: 0.03%
[rank0]:[titan] 2026-08-13 22:54:10,993 - root - INFO - step: 486  loss:  2.81436  grad_norm:  0.5066  memory:  0.20GiB(0.32%)  tps: 2,913  tflops: 0.09  mfu: 0.03%
[rank0]:[titan] 2026-08-13 22:54:11,717 - root - INFO - step: 487  loss:  2.88719  grad_norm:  0.4764  memory:  0.20GiB(0.32%)  tps: 2,834  tflops: 0.09  mfu: 0.02%
[rank0]:[titan] 2026-08-13 22:54:12,608 - root - INFO - step: 488  loss:  2.82850  grad_norm:  0.5949  memory:  0.20GiB(0.32%)  tps: 2,302  tflops: 0.07  mfu: 0.02%
[rank0]:[titan] 2026-08-13 22:54:13,150 - root - INFO - step: 489  loss:  2.77161  grad_norm:  0.5804  memory:  0.20GiB(0.32%)  tps: 3,785  tflops: 0.12  mfu: 0.03%
[rank0]:[titan] 2026-08-13 22:54:13,580 - root - INFO - step: 490  loss:  2.75544  grad_norm:  0.4909  memory:  0.20GiB(0.32%)  tps: 4,787  tflops: 0.15  mfu: 0.04%
[rank0]:[titan] 2026-08-13 22:54:14,010 - root - INFO - step: 491  loss:  2.87276  grad_norm:  0.5962  memory:  0.20GiB(0.32%)  tps: 4,774  tflops: 0.15  mfu: 0.04%
[rank0]:[titan] 2026-08-13 22:54:14,439 - root - INFO - step: 492  loss:  2.79732  grad_norm:  0.7441  memory:  0.20GiB(0.32%)  tps: 4,784  tflops: 0.15  mfu: 0.04%
[rank0]:[titan] 2026-08-13 22:54:14,871 - root - INFO - step: 493  loss:  2.72558  grad_norm:  0.5890  memory:  0.20GiB(0.32%)  tps: 4,757  tflops: 0.14  mfu: 0.04%
[rank0]:[titan] 2026-08-13 22:54:15,322 - root - INFO - step: 494  loss:  2.71681  grad_norm:  0.6753  memory:  0.20GiB(0.32%)  tps: 4,552  tflops: 0.14  mfu: 0.04%
[rank0]:[titan] 2026-08-13 22:54:15,762 - root - INFO - step: 495  loss:  2.81215  grad_norm:  0.4726  memory:  0.20GiB(0.32%)  tps: 4,670  tflops: 0.14  mfu: 0.04%
[rank0]:[titan] 2026-08-13 22:54:16,190 - root - INFO - step: 496  loss:  2.73437  grad_norm:  0.6080  memory:  0.20GiB(0.32%)  tps: 4,800  tflops: 0.15  mfu: 0.04%
[rank0]:[titan] 2026-08-13 22:54:16,628 - root - INFO - step: 497  loss:  2.74652  grad_norm:  0.6598  memory:  0.20GiB(0.32%)  tps: 4,698  tflops: 0.14  mfu: 0.04%
[rank0]:[titan] 2026-08-13 22:54:17,053 - root - INFO - step: 498  loss:  2.71493  grad_norm:  0.9979  memory:  0.20GiB(0.32%)  tps: 4,833  tflops: 0.15  mfu: 0.04%
[rank0]:[titan] 2026-08-13 22:54:17,487 - root - INFO - step: 499  loss:  2.74687  grad_norm:  0.5757  memory:  0.20GiB(0.32%)  tps: 4,727  tflops: 0.14  mfu: 0.04%
[rank0]:[titan] 2026-08-13 22:54:17,491 - root - INFO - [GC] Performing periodic GC collection took 0.00 seconds
[rank0]:[titan] 2026-08-13 22:54:17,936 - root - INFO - step: 500  loss:  2.91742  grad_norm:  0.6369  memory:  0.20GiB(0.32%)  tps: 4,582  tflops: 0.14  mfu: 0.04%
[rank0]:[titan] 2026-08-13 22:54:18,368 - root - INFO - step: 501  loss:  2.79290  grad_norm:  0.7725  memory:  0.20GiB(0.32%)  tps: 4,750  tflops: 0.14  mfu: 0.04%
[rank0]:[titan] 2026-08-13 22:54:18,798 - root - INFO - step: 502  loss:  2.92087  grad_norm:  0.7187  memory:  0.20GiB(0.32%)  tps: 4,785  tflops: 0.15  mfu: 0.04%
[rank0]:[titan] 2026-08-13 22:54:19,284 - root - INFO - step: 503  loss:  2.81510  grad_norm:  0.6618  memory:  0.20GiB(0.32%)  tps: 4,219  tflops: 0.13  mfu: 0.04%
[rank0]:[titan] 2026-08-13 22:54:19,762 - root - INFO - step: 504  loss:  2.70975  grad_norm:  0.6181  memory:  0.20GiB(0.32%)  tps: 4,297  tflops: 0.13  mfu: 0.04%
[rank0]:[titan] 2026-08-13 22:54:20,196 - root - INFO - step: 505  loss:  2.80200  grad_norm:  0.5879  memory:  0.20GiB(0.32%)  tps: 4,740  tflops: 0.14  mfu: 0.04%
[rank0]:[titan] 2026-08-13 22:54:20,634 - root - INFO - step: 506  loss:  2.60979  grad_norm:  0.6383  memory:  0.20GiB(0.32%)  tps: 4,680  tflops: 0.14  mfu: 0.04%
[rank0]:[titan] 2026-08-13 22:54:21,875 - root - INFO - step: 507  loss:  2.76182  grad_norm:  0.5162  memory:  0.20GiB(0.32%)  tps: 1,653  tflops: 0.05  mfu: 0.01%
[rank0]:[titan] 2026-08-13 22:54:23,171 - root - INFO - step: 508  loss:  2.76435  grad_norm:  0.6672  memory:  0.20GiB(0.32%)  tps: 1,582  tflops: 0.05  mfu: 0.01%
[rank0]:[titan] 2026-08-13 22:54:24,021 - root - INFO - step: 509  loss:  2.73135  grad_norm:  0.6545  memory:  0.20GiB(0.32%)  tps: 2,412  tflops: 0.07  mfu: 0.02%
[rank0]:[titan] 2026-08-13 22:54:24,958 - root - INFO - step: 510  loss:  2.72681  grad_norm:  0.5611  memory:  0.20GiB(0.32%)  tps: 2,190  tflops: 0.07  mfu: 0.02%
[rank0]:[titan] 2026-08-13 22:54:25,718 - root - INFO - step: 511  loss:  2.82958  grad_norm:  0.5414  memory:  0.20GiB(0.32%)  tps: 2,701  tflops: 0.08  mfu: 0.02%
[rank0]:[titan] 2026-08-13 22:54:26,346 - root - INFO - step: 512  loss:  2.82402  grad_norm:  0.6843  memory:  0.20GiB(0.32%)  tps: 3,265  tflops: 0.10  mfu: 0.03%
[rank0]:[titan] 2026-08-13 22:54:26,925 - root - INFO - step: 513  loss:  2.91282  grad_norm:  0.6583  memory:  0.20GiB(0.32%)  tps: 3,546  tflops: 0.11  mfu: 0.03%
[rank0]:[titan] 2026-08-13 22:54:27,661 - root - INFO - step: 514  loss:  2.83173  grad_norm:  0.5319  memory:  0.20GiB(0.32%)  tps: 2,788  tflops: 0.08  mfu: 0.02%
[rank0]:[titan] 2026-08-13 22:54:28,530 - root - INFO - step: 515  loss:  2.67007  grad_norm:  0.4959  memory:  0.20GiB(0.32%)  tps: 2,361  tflops: 0.07  mfu: 0.02%
[rank0]:[titan] 2026-08-13 22:54:29,531 - root - INFO - step: 516  loss:  2.64647  grad_norm:  0.3967  memory:  0.20GiB(0.32%)  tps: 2,050  tflops: 0.06  mfu: 0.02%
[rank0]:[titan] 2026-08-13 22:54:30,241 - root - INFO - step: 517  loss:  2.67798  grad_norm:  0.4549  memory:  0.20GiB(0.32%)  tps: 2,888  tflops: 0.09  mfu: 0.02%
[rank0]:[titan] 2026-08-13 22:54:30,690 - root - INFO - step: 518  loss:  2.77061  grad_norm:  0.7214  memory:  0.20GiB(0.32%)  tps: 4,579  tflops: 0.14  mfu: 0.04%
[rank0]:[titan] 2026-08-13 22:54:31,143 - root - INFO - step: 519  loss:  2.69136  grad_norm:  0.4394  memory:  0.20GiB(0.32%)  tps: 4,529  tflops: 0.14  mfu: 0.04%
[rank0]:[titan] 2026-08-13 22:54:31,616 - root - INFO - step: 520  loss:  2.69418  grad_norm:  0.8508  memory:  0.20GiB(0.32%)  tps: 4,345  tflops: 0.13  mfu: 0.04%
[rank0]:[titan] 2026-08-13 22:54:32,071 - root - INFO - step: 521  loss:  2.65917  grad_norm:  0.5726  memory:  0.20GiB(0.32%)  tps: 4,514  tflops: 0.14  mfu: 0.04%
[rank0]:[titan] 2026-08-13 22:54:32,503 - root - INFO - step: 522  loss:  2.67621  grad_norm:  0.5881  memory:  0.20GiB(0.32%)  tps: 4,752  tflops: 0.14  mfu: 0.04%
[rank0]:[titan] 2026-08-13 22:54:32,932 - root - INFO - step: 523  loss:  2.65818  grad_norm:  0.4618  memory:  0.20GiB(0.32%)  tps: 4,793  tflops: 0.15  mfu: 0.04%
[rank0]:[titan] 2026-08-13 22:54:33,362 - root - INFO - step: 524  loss:  2.63857  grad_norm:  0.5874  memory:  0.20GiB(0.32%)  tps: 4,777  tflops: 0.15  mfu: 0.04%
[rank0]:[titan] 2026-08-13 22:54:33,792 - root - INFO - step: 525  loss:  2.74279  grad_norm:  0.5611  memory:  0.20GiB(0.32%)  tps: 4,779  tflops: 0.15  mfu: 0.04%
[rank0]:[titan] 2026-08-13 22:54:34,234 - root - INFO - step: 526  loss:  2.59774  grad_norm:  0.4784  memory:  0.20GiB(0.32%)  tps: 4,647  tflops: 0.14  mfu: 0.04%
[rank0]:[titan] 2026-08-13 22:54:34,671 - root - INFO - step: 527  loss:  2.76075  grad_norm:  0.7882  memory:  0.20GiB(0.32%)  tps: 4,701  tflops: 0.14  mfu: 0.04%
[rank0]:[titan] 2026-08-13 22:54:35,109 - root - INFO - step: 528  loss:  2.71958  grad_norm:  0.7352  memory:  0.20GiB(0.32%)  tps: 4,685  tflops: 0.14  mfu: 0.04%
[rank0]:[titan] 2026-08-13 22:54:35,540 - root - INFO - step: 529  loss:  2.73195  grad_norm:  0.8077  memory:  0.20GiB(0.32%)  tps: 4,764  tflops: 0.14  mfu: 0.04%
[rank0]:[titan] 2026-08-13 22:54:35,969 - root - INFO - step: 530  loss:  2.69394  grad_norm:  0.9262  memory:  0.20GiB(0.32%)  tps: 4,789  tflops: 0.15  mfu: 0.04%
[rank0]:[titan] 2026-08-13 22:54:36,446 - root - INFO - step: 531  loss:  2.69706  grad_norm:  0.5010  memory:  0.20GiB(0.32%)  tps: 4,307  tflops: 0.13  mfu: 0.04%
[rank0]:[titan] 2026-08-13 22:54:36,879 - root - INFO - step: 532  loss:  2.60531  grad_norm:  0.5647  memory:  0.20GiB(0.32%)  tps: 4,747  tflops: 0.14  mfu: 0.04%
[rank0]:[titan] 2026-08-13 22:54:37,354 - root - INFO - step: 533  loss:  2.74481  grad_norm:  0.7013  memory:  0.20GiB(0.32%)  tps: 4,327  tflops: 0.13  mfu: 0.04%
[rank0]:[titan] 2026-08-13 22:54:37,794 - root - INFO - step: 534  loss:  2.64231  grad_norm:  0.7318  memory:  0.20GiB(0.32%)  tps: 4,666  tflops: 0.14  mfu: 0.04%
[rank0]:[titan] 2026-08-13 22:54:38,792 - root - INFO - step: 535  loss:  2.68040  grad_norm:  0.5770  memory:  0.20GiB(0.32%)  tps: 2,055  tflops: 0.06  mfu: 0.02%
[rank0]:[titan] 2026-08-13 22:54:40,057 - root - INFO - step: 536  loss:  2.74681  grad_norm:  0.8747  memory:  0.20GiB(0.32%)  tps: 1,621  tflops: 0.05  mfu: 0.01%
[rank0]:[titan] 2026-08-13 22:54:40,989 - root - INFO - step: 537  loss:  2.53697  grad_norm:  0.7436  memory:  0.20GiB(0.32%)  tps: 2,200  tflops: 0.07  mfu: 0.02%
[rank0]:[titan] 2026-08-13 22:54:41,630 - root - INFO - step: 538  loss:  2.57731  grad_norm:  0.4582  memory:  0.20GiB(0.32%)  tps: 3,201  tflops: 0.10  mfu: 0.03%
[rank0]:[titan] 2026-08-13 22:54:42,690 - root - INFO - step: 539  loss:  2.70403  grad_norm:  0.5854  memory:  0.20GiB(0.32%)  tps: 1,934  tflops: 0.06  mfu: 0.02%
[rank0]:[titan] 2026-08-13 22:54:43,456 - root - INFO - step: 540  loss:  2.79606  grad_norm:  0.8061  memory:  0.20GiB(0.32%)  tps: 2,680  tflops: 0.08  mfu: 0.02%
[rank0]:[titan] 2026-08-13 22:54:44,102 - root - INFO - step: 541  loss:  2.66166  grad_norm:  0.5961  memory:  0.20GiB(0.32%)  tps: 3,179  tflops: 0.10  mfu: 0.03%
[rank0]:[titan] 2026-08-13 22:54:44,785 - root - INFO - step: 542  loss:  2.69702  grad_norm:  0.6770  memory:  0.20GiB(0.32%)  tps: 3,004  tflops: 0.09  mfu: 0.03%
[rank0]:[titan] 2026-08-13 22:54:45,501 - root - INFO - step: 543  loss:  2.70233  grad_norm:  0.6545  memory:  0.20GiB(0.32%)  tps: 2,866  tflops: 0.09  mfu: 0.02%
[rank0]:[titan] 2026-08-13 22:54:46,234 - root - INFO - step: 544  loss:  2.79829  grad_norm:  0.8762  memory:  0.20GiB(0.32%)  tps: 2,799  tflops: 0.09  mfu: 0.02%
[rank0]:[titan] 2026-08-13 22:54:47,041 - root - INFO - step: 545  loss:  2.77513  grad_norm:  0.4407  memory:  0.20GiB(0.32%)  tps: 2,540  tflops: 0.08  mfu: 0.02%
[rank0]:[titan] 2026-08-13 22:54:47,583 - root - INFO - step: 546  loss:  2.73734  grad_norm:  0.5712  memory:  0.20GiB(0.32%)  tps: 3,786  tflops: 0.12  mfu: 0.03%
[rank0]:[titan] 2026-08-13 22:54:48,013 - root - INFO - step: 547  loss:  2.86726  grad_norm:  0.6512  memory:  0.20GiB(0.32%)  tps: 4,784  tflops: 0.15  mfu: 0.04%
[rank0]:[titan] 2026-08-13 22:54:48,441 - root - INFO - step: 548  loss:  2.65183  grad_norm:  0.6447  memory:  0.20GiB(0.32%)  tps: 4,799  tflops: 0.15  mfu: 0.04%
[rank0]:[titan] 2026-08-13 22:54:48,869 - root - INFO - step: 549  loss:  2.57321  grad_norm:  0.5589  memory:  0.20GiB(0.32%)  tps: 4,796  tflops: 0.15  mfu: 0.04%
[rank0]:[titan] 2026-08-13 22:54:48,873 - root - INFO - [GC] Performing periodic GC collection took 0.00 seconds
[rank0]:[titan] 2026-08-13 22:54:49,302 - root - INFO - step: 550  loss:  2.69785  grad_norm:  0.5312  memory:  0.20GiB(0.32%)  tps: 4,747  tflops: 0.14  mfu: 0.04%
[rank0]:[titan] 2026-08-13 22:54:49,733 - root - INFO - step: 551  loss:  2.76089  grad_norm:  0.5827  memory:  0.20GiB(0.32%)  tps: 4,769  tflops: 0.15  mfu: 0.04%
[rank0]:[titan] 2026-08-13 22:54:50,164 - root - INFO - step: 552  loss:  2.72601  grad_norm:  0.4775  memory:  0.20GiB(0.32%)  tps: 4,760  tflops: 0.14  mfu: 0.04%
[rank0]:[titan] 2026-08-13 22:54:50,591 - root - INFO - step: 553  loss:  2.67898  grad_norm:  0.5828  memory:  0.20GiB(0.32%)  tps: 4,812  tflops: 0.15  mfu: 0.04%
[rank0]:[titan] 2026-08-13 22:54:51,029 - root - INFO - step: 554  loss:  2.63871  grad_norm:  0.6077  memory:  0.20GiB(0.32%)  tps: 4,697  tflops: 0.14  mfu: 0.04%
[rank0]:[titan] 2026-08-13 22:54:51,452 - root - INFO - step: 555  loss:  2.61708  grad_norm:  0.7897  memory:  0.20GiB(0.32%)  tps: 4,851  tflops: 0.15  mfu: 0.04%
[rank0]:[titan] 2026-08-13 22:54:51,875 - root - INFO - step: 556  loss:  2.59729  grad_norm:  0.5339  memory:  0.20GiB(0.32%)  tps: 4,863  tflops: 0.15  mfu: 0.04%
[rank0]:[titan] 2026-08-13 22:54:52,303 - root - INFO - step: 557  loss:  2.67322  grad_norm:  0.5522  memory:  0.20GiB(0.32%)  tps: 4,798  tflops: 0.15  mfu: 0.04%
[rank0]:[titan] 2026-08-13 22:54:52,731 - root - INFO - step: 558  loss:  2.70556  grad_norm:  0.6231  memory:  0.20GiB(0.32%)  tps: 4,801  tflops: 0.15  mfu: 0.04%
[rank0]:[titan] 2026-08-13 22:54:53,158 - root - INFO - step: 559  loss:  2.73317  grad_norm:  0.6237  memory:  0.20GiB(0.32%)  tps: 4,817  tflops: 0.15  mfu: 0.04%
[rank0]:[titan] 2026-08-13 22:54:53,580 - root - INFO - step: 560  loss:  2.67800  grad_norm:  0.6391  memory:  0.20GiB(0.32%)  tps: 4,864  tflops: 0.15  mfu: 0.04%
[rank0]:[titan] 2026-08-13 22:54:54,051 - root - INFO - step: 561  loss:  2.81202  grad_norm:  0.6236  memory:  0.20GiB(0.32%)  tps: 4,358  tflops: 0.13  mfu: 0.04%
[rank0]:[titan] 2026-08-13 22:54:54,487 - root - INFO - step: 562  loss:  2.74355  grad_norm:  0.8110  memory:  0.20GiB(0.32%)  tps: 4,714  tflops: 0.14  mfu: 0.04%
[rank0]:[titan] 2026-08-13 22:54:54,961 - root - INFO - step: 563  loss:  2.70201  grad_norm:  0.5952  memory:  0.20GiB(0.32%)  tps: 4,330  tflops: 0.13  mfu: 0.04%
[rank0]:[titan] 2026-08-13 22:54:55,460 - root - INFO - step: 564  loss:  2.69214  grad_norm:  0.5400  memory:  0.20GiB(0.32%)  tps: 4,115  tflops: 0.13  mfu: 0.04%
[rank0]:[titan] 2026-08-13 22:54:56,816 - root - INFO - step: 565  loss:  2.68293  grad_norm:  0.7011  memory:  0.20GiB(0.32%)  tps: 1,512  tflops: 0.05  mfu: 0.01%
[rank0]:[titan] 2026-08-13 22:54:58,143 - root - INFO - step: 566  loss:  2.74486  grad_norm:  0.7411  memory:  0.20GiB(0.32%)  tps: 1,545  tflops: 0.05  mfu: 0.01%
[rank0]:[titan] 2026-08-13 22:54:59,067 - root - INFO - step: 567  loss:  2.60907  grad_norm:  0.6161  memory:  0.20GiB(0.32%)  tps: 2,219  tflops: 0.07  mfu: 0.02%
[rank0]:[titan] 2026-08-13 22:55:00,067 - root - INFO - step: 568  loss:  2.78670  grad_norm:  0.6982  memory:  0.20GiB(0.32%)  tps: 2,051  tflops: 0.06  mfu: 0.02%
[rank0]:[titan] 2026-08-13 22:55:00,887 - root - INFO - step: 569  loss:  3.25284  grad_norm:  1.1849  memory:  0.20GiB(0.32%)  tps: 2,501  tflops: 0.08  mfu: 0.02%
[rank0]:[titan] 2026-08-13 22:55:01,666 - root - INFO - step: 570  loss:  2.74105  grad_norm:  0.6260  memory:  0.20GiB(0.32%)  tps: 2,635  tflops: 0.08  mfu: 0.02%
[rank0]:[titan] 2026-08-13 22:55:02,473 - root - INFO - step: 571  loss:  2.63047  grad_norm:  0.7453  memory:  0.20GiB(0.32%)  tps: 2,539  tflops: 0.08  mfu: 0.02%
[rank0]:[titan] 2026-08-13 22:55:03,303 - root - INFO - step: 572  loss:  2.65133  grad_norm:  0.6396  memory:  0.20GiB(0.32%)  tps: 2,471  tflops: 0.08  mfu: 0.02%
[rank0]:[titan] 2026-08-13 22:55:04,145 - root - INFO - step: 573  loss:  2.84493  grad_norm:  0.4446  memory:  0.20GiB(0.32%)  tps: 2,438  tflops: 0.07  mfu: 0.02%
[rank0]:[titan] 2026-08-13 22:55:04,942 - root - INFO - step: 574  loss:  2.85243  grad_norm:  0.5841  memory:  0.20GiB(0.32%)  tps: 2,573  tflops: 0.08  mfu: 0.02%
[rank0]:[titan] 2026-08-13 22:55:05,479 - root - INFO - step: 575  loss:  2.86215  grad_norm:  0.6739  memory:  0.20GiB(0.32%)  tps: 3,824  tflops: 0.12  mfu: 0.03%
[rank0]:[titan] 2026-08-13 22:55:05,934 - root - INFO - step: 576  loss:  2.94153  grad_norm:  1.1555  memory:  0.20GiB(0.32%)  tps: 4,514  tflops: 0.14  mfu: 0.04%
[rank0]:[titan] 2026-08-13 22:55:06,367 - root - INFO - step: 577  loss:  2.78314  grad_norm:  0.7379  memory:  0.20GiB(0.32%)  tps: 4,751  tflops: 0.14  mfu: 0.04%
[rank0]:[titan] 2026-08-13 22:55:06,799 - root - INFO - step: 578  loss:  2.69915  grad_norm:  0.7674  memory:  0.20GiB(0.32%)  tps: 4,748  tflops: 0.14  mfu: 0.04%
[rank0]:[titan] 2026-08-13 22:55:07,236 - root - INFO - step: 579  loss:  2.65937  grad_norm:  0.7288  memory:  0.20GiB(0.32%)  tps: 4,699  tflops: 0.14  mfu: 0.04%
[rank0]:[titan] 2026-08-13 22:55:07,679 - root - INFO - step: 580  loss:  2.71134  grad_norm:  0.6129  memory:  0.20GiB(0.32%)  tps: 4,638  tflops: 0.14  mfu: 0.04%
[rank0]:[titan] 2026-08-13 22:55:08,115 - root - INFO - step: 581  loss:  2.75890  grad_norm:  0.7186  memory:  0.20GiB(0.32%)  tps: 4,713  tflops: 0.14  mfu: 0.04%
[rank0]:[titan] 2026-08-13 22:55:08,542 - root - INFO - step: 582  loss:  2.74357  grad_norm:  0.6588  memory:  0.20GiB(0.32%)  tps: 4,813  tflops: 0.15  mfu: 0.04%
[rank0]:[titan] 2026-08-13 22:55:08,965 - root - INFO - step: 583  loss:  2.71584  grad_norm:  0.4405  memory:  0.20GiB(0.32%)  tps: 4,853  tflops: 0.15  mfu: 0.04%
[rank0]:[titan] 2026-08-13 22:55:09,395 - root - INFO - step: 584  loss:  2.61499  grad_norm:  0.4966  memory:  0.20GiB(0.32%)  tps: 4,777  tflops: 0.15  mfu: 0.04%
[rank0]:[titan] 2026-08-13 22:55:09,829 - root - INFO - step: 585  loss:  2.67881  grad_norm:  0.6755  memory:  0.20GiB(0.32%)  tps: 4,730  tflops: 0.14  mfu: 0.04%
[rank0]:[titan] 2026-08-13 22:55:10,263 - root - INFO - step: 586  loss:  2.57771  grad_norm:  0.5575  memory:  0.20GiB(0.32%)  tps: 4,734  tflops: 0.14  mfu: 0.04%
[rank0]:[titan] 2026-08-13 22:55:10,694 - root - INFO - step: 587  loss:  2.51437  grad_norm:  0.5327  memory:  0.20GiB(0.32%)  tps: 4,762  tflops: 0.14  mfu: 0.04%
[rank0]:[titan] 2026-08-13 22:55:11,170 - root - INFO - step: 588  loss:  2.58325  grad_norm:  0.5161  memory:  0.20GiB(0.32%)  tps: 4,316  tflops: 0.13  mfu: 0.04%
[rank0]:[titan] 2026-08-13 22:55:11,642 - root - INFO - step: 589  loss:  2.49954  grad_norm:  0.5322  memory:  0.20GiB(0.32%)  tps: 4,365  tflops: 0.13  mfu: 0.04%
[rank0]:[titan] 2026-08-13 22:55:12,078 - root - INFO - step: 590  loss:  2.61311  grad_norm:  0.4987  memory:  0.20GiB(0.32%)  tps: 4,712  tflops: 0.14  mfu: 0.04%
[rank0]:[titan] 2026-08-13 22:55:12,897 - root - INFO - step: 591  loss:  2.72157  grad_norm:  0.5132  memory:  0.20GiB(0.32%)  tps: 2,505  tflops: 0.08  mfu: 0.02%
[rank0]:[titan] 2026-08-13 22:55:14,144 - root - INFO - step: 592  loss:  2.79950  grad_norm:  0.9800  memory:  0.20GiB(0.32%)  tps: 1,645  tflops: 0.05  mfu: 0.01%
[rank0]:[titan] 2026-08-13 22:55:15,367 - root - INFO - step: 593  loss:  2.81355  grad_norm:  0.7369  memory:  0.20GiB(0.32%)  tps: 1,676  tflops: 0.05  mfu: 0.01%
[rank0]:[titan] 2026-08-13 22:55:16,246 - root - INFO - step: 594  loss:  2.73876  grad_norm:  0.6234  memory:  0.20GiB(0.32%)  tps: 2,332  tflops: 0.07  mfu: 0.02%
[rank0]:[titan] 2026-08-13 22:55:17,074 - root - INFO - step: 595  loss:  2.73546  grad_norm:  0.6279  memory:  0.20GiB(0.32%)  tps: 2,479  tflops: 0.08  mfu: 0.02%
[rank0]:[titan] 2026-08-13 22:55:17,754 - root - INFO - step: 596  loss:  2.69114  grad_norm:  0.7312  memory:  0.20GiB(0.32%)  tps: 3,016  tflops: 0.09  mfu: 0.03%
[rank0]:[titan] 2026-08-13 22:55:18,282 - root - INFO - step: 597  loss:  2.73542  grad_norm:  0.8724  memory:  0.20GiB(0.32%)  tps: 3,893  tflops: 0.12  mfu: 0.03%
[rank0]:[titan] 2026-08-13 22:55:19,046 - root - INFO - step: 598  loss:  2.57017  grad_norm:  0.6970  memory:  0.20GiB(0.32%)  tps: 2,684  tflops: 0.08  mfu: 0.02%
[rank0]:[titan] 2026-08-13 22:55:19,875 - root - INFO - step: 599  loss:  2.60082  grad_norm:  0.5013  memory:  0.20GiB(0.32%)  tps: 2,475  tflops: 0.08  mfu: 0.02%
[rank0]:[titan] 2026-08-13 22:55:19,878 - root - INFO - [GC] Performing periodic GC collection took 0.00 seconds
[rank0]:[titan] 2026-08-13 22:55:20,664 - root - INFO - step: 600  loss:  2.81957  grad_norm:  0.5225  memory:  0.20GiB(0.32%)  tps: 2,598  tflops: 0.08  mfu: 0.02%
[rank0]:[titan] 2026-08-13 22:55:21,490 - root - INFO - step: 601  loss:  2.78326  grad_norm:  0.6602  memory:  0.20GiB(0.32%)  tps: 2,483  tflops: 0.08  mfu: 0.02%
[rank0]:[titan] 2026-08-13 22:55:21,979 - root - INFO - step: 602  loss:  3.09617  grad_norm:  0.7043  memory:  0.20GiB(0.32%)  tps: 4,207  tflops: 0.13  mfu: 0.04%
[rank0]:[titan] 2026-08-13 22:55:22,438 - root - INFO - step: 603  loss:  2.78197  grad_norm:  0.4632  memory:  0.20GiB(0.32%)  tps: 4,470  tflops: 0.14  mfu: 0.04%
[rank0]:[titan] 2026-08-13 22:55:22,881 - root - INFO - step: 604  loss:  2.69554  grad_norm:  0.7124  memory:  0.20GiB(0.32%)  tps: 4,637  tflops: 0.14  mfu: 0.04%
[rank0]:[titan] 2026-08-13 22:55:23,328 - root - INFO - step: 605  loss:  2.70285  grad_norm:  0.5064  memory:  0.20GiB(0.32%)  tps: 4,596  tflops: 0.14  mfu: 0.04%
[rank0]:[titan] 2026-08-13 22:55:23,766 - root - INFO - step: 606  loss:  2.64197  grad_norm:  0.4645  memory:  0.20GiB(0.32%)  tps: 4,693  tflops: 0.14  mfu: 0.04%
[rank0]:[titan] 2026-08-13 22:55:24,199 - root - INFO - step: 607  loss:  2.62624  grad_norm:  0.4993  memory:  0.20GiB(0.32%)  tps: 4,749  tflops: 0.14  mfu: 0.04%
[rank0]:[titan] 2026-08-13 22:55:24,634 - root - INFO - step: 608  loss:  2.54438  grad_norm:  0.5027  memory:  0.20GiB(0.32%)  tps: 4,717  tflops: 0.14  mfu: 0.04%
[rank0]:[titan] 2026-08-13 22:55:25,069 - root - INFO - step: 609  loss:  2.62666  grad_norm:  0.7269  memory:  0.20GiB(0.32%)  tps: 4,720  tflops: 0.14  mfu: 0.04%
[rank0]:[titan] 2026-08-13 22:55:25,506 - root - INFO - step: 610  loss:  2.96407  grad_norm:  0.6572  memory:  0.20GiB(0.32%)  tps: 4,700  tflops: 0.14  mfu: 0.04%
[rank0]:[titan] 2026-08-13 22:55:25,944 - root - INFO - step: 611  loss:  3.15998  grad_norm:  0.9052  memory:  0.20GiB(0.32%)  tps: 4,692  tflops: 0.14  mfu: 0.04%
[rank0]:[titan] 2026-08-13 22:55:26,382 - root - INFO - step: 612  loss:  2.72830  grad_norm:  0.6996  memory:  0.20GiB(0.32%)  tps: 4,692  tflops: 0.14  mfu: 0.04%
[rank0]:[titan] 2026-08-13 22:55:26,818 - root - INFO - step: 613  loss:  2.73821  grad_norm:  0.4143  memory:  0.20GiB(0.32%)  tps: 4,714  tflops: 0.14  mfu: 0.04%
[rank0]:[titan] 2026-08-13 22:55:27,254 - root - INFO - step: 614  loss:  2.78511  grad_norm:  0.4790  memory:  0.20GiB(0.32%)  tps: 4,708  tflops: 0.14  mfu: 0.04%
[rank0]:[titan] 2026-08-13 22:55:27,722 - root - INFO - step: 615  loss:  2.70829  grad_norm:  0.4393  memory:  0.20GiB(0.32%)  tps: 4,394  tflops: 0.13  mfu: 0.04%
[rank0]:[titan] 2026-08-13 22:55:28,214 - root - INFO - step: 616  loss:  2.59131  grad_norm:  0.5626  memory:  0.20GiB(0.32%)  tps: 4,167  tflops: 0.13  mfu: 0.04%
[rank0]:[titan] 2026-08-13 22:55:28,657 - root - INFO - step: 617  loss:  2.72485  grad_norm:  0.7690  memory:  0.20GiB(0.32%)  tps: 4,641  tflops: 0.14  mfu: 0.04%
[rank0]:[titan] 2026-08-13 22:55:30,014 - root - INFO - step: 618  loss:  2.75593  grad_norm:  0.8332  memory:  0.20GiB(0.32%)  tps: 1,511  tflops: 0.05  mfu: 0.01%
[rank0]:[titan] 2026-08-13 22:55:31,316 - root - INFO - step: 619  loss:  2.63126  grad_norm:  0.6314  memory:  0.20GiB(0.32%)  tps: 1,574  tflops: 0.05  mfu: 0.01%
[rank0]:[titan] 2026-08-13 22:55:32,340 - root - INFO - step: 620  loss:  2.86800  grad_norm:  0.6156  memory:  0.20GiB(0.32%)  tps: 2,004  tflops: 0.06  mfu: 0.02%
[rank0]:[titan] 2026-08-13 22:55:33,244 - root - INFO - step: 621  loss:  2.84419  grad_norm:  0.6835  memory:  0.20GiB(0.32%)  tps: 2,268  tflops: 0.07  mfu: 0.02%
[rank0]:[titan] 2026-08-13 22:55:34,048 - root - INFO - step: 622  loss:  3.12958  grad_norm:  0.7515  memory:  0.20GiB(0.32%)  tps: 2,553  tflops: 0.08  mfu: 0.02%
[rank0]:[titan] 2026-08-13 22:55:34,685 - root - INFO - step: 623  loss:  2.69499  grad_norm:  0.6205  memory:  0.20GiB(0.32%)  tps: 3,221  tflops: 0.10  mfu: 0.03%
[rank0]:[titan] 2026-08-13 22:55:35,280 - root - INFO - step: 624  loss:  2.68457  grad_norm:  0.5259  memory:  0.20GiB(0.32%)  tps: 3,449  tflops: 0.10  mfu: 0.03%
[rank0]:[titan] 2026-08-13 22:55:36,042 - root - INFO - step: 625  loss:  2.67832  grad_norm:  0.6363  memory:  0.20GiB(0.32%)  tps: 2,695  tflops: 0.08  mfu: 0.02%
[rank0]:[titan] 2026-08-13 22:55:36,822 - root - INFO - step: 626  loss:  2.87335  grad_norm:  0.4534  memory:  0.20GiB(0.32%)  tps: 2,628  tflops: 0.08  mfu: 0.02%
[rank0]:[titan] 2026-08-13 22:55:37,571 - root - INFO - step: 627  loss:  2.87074  grad_norm:  0.5273  memory:  0.20GiB(0.32%)  tps: 2,741  tflops: 0.08  mfu: 0.02%
[rank0]:[titan] 2026-08-13 22:55:38,277 - root - INFO - step: 628  loss:  2.61141  grad_norm:  0.5545  memory:  0.20GiB(0.32%)  tps: 2,903  tflops: 0.09  mfu: 0.02%
[rank0]:[titan] 2026-08-13 22:55:38,741 - root - INFO - step: 629  loss:  2.67222  grad_norm:  0.6257  memory:  0.20GiB(0.32%)  tps: 4,427  tflops: 0.13  mfu: 0.04%
[rank0]:[titan] 2026-08-13 22:55:39,180 - root - INFO - step: 630  loss:  2.65806  grad_norm:  0.5146  memory:  0.20GiB(0.32%)  tps: 4,681  tflops: 0.14  mfu: 0.04%
[rank0]:[titan] 2026-08-13 22:55:39,621 - root - INFO - step: 631  loss:  2.69594  grad_norm:  0.6917  memory:  0.20GiB(0.32%)  tps: 4,664  tflops: 0.14  mfu: 0.04%
[rank0]:[titan] 2026-08-13 22:55:40,081 - root - INFO - step: 632  loss:  2.63160  grad_norm:  0.6574  memory:  0.20GiB(0.32%)  tps: 4,467  tflops: 0.14  mfu: 0.04%
[rank0]:[titan] 2026-08-13 22:55:40,521 - root - INFO - step: 633  loss:  2.62076  grad_norm:  0.5952  memory:  0.20GiB(0.32%)  tps: 4,666  tflops: 0.14  mfu: 0.04%
[rank0]:[titan] 2026-08-13 22:55:40,970 - root - INFO - step: 634  loss:  2.78455  grad_norm:  0.5933  memory:  0.20GiB(0.32%)  tps: 4,572  tflops: 0.14  mfu: 0.04%
[rank0]:[titan] 2026-08-13 22:55:41,407 - root - INFO - step: 635  loss:  2.74372  grad_norm:  0.6300  memory:  0.20GiB(0.32%)  tps: 4,696  tflops: 0.14  mfu: 0.04%
[rank0]:[titan] 2026-08-13 22:55:41,841 - root - INFO - step: 636  loss:  2.62912  grad_norm:  0.5786  memory:  0.20GiB(0.32%)  tps: 4,735  tflops: 0.14  mfu: 0.04%
[rank0]:[titan] 2026-08-13 22:55:42,275 - root - INFO - step: 637  loss:  2.68723  grad_norm:  0.5478  memory:  0.20GiB(0.32%)  tps: 4,728  tflops: 0.14  mfu: 0.04%
[rank0]:[titan] 2026-08-13 22:55:42,704 - root - INFO - step: 638  loss:  2.65111  grad_norm:  0.6741  memory:  0.20GiB(0.32%)  tps: 4,792  tflops: 0.15  mfu: 0.04%
[rank0]:[titan] 2026-08-13 22:55:43,132 - root - INFO - step: 639  loss:  2.71788  grad_norm:  0.5896  memory:  0.20GiB(0.32%)  tps: 4,805  tflops: 0.15  mfu: 0.04%
[rank0]:[titan] 2026-08-13 22:55:43,565 - root - INFO - step: 640  loss:  2.66995  grad_norm:  0.4724  memory:  0.20GiB(0.32%)  tps: 4,741  tflops: 0.14  mfu: 0.04%
[rank0]:[titan] 2026-08-13 22:55:43,996 - root - INFO - step: 641  loss:  2.71371  grad_norm:  0.5260  memory:  0.20GiB(0.32%)  tps: 4,769  tflops: 0.15  mfu: 0.04%
[rank0]:[titan] 2026-08-13 22:55:44,427 - root - INFO - step: 642  loss:  2.73872  grad_norm:  0.6771  memory:  0.20GiB(0.32%)  tps: 4,764  tflops: 0.14  mfu: 0.04%
[rank0]:[titan] 2026-08-13 22:55:44,901 - root - INFO - step: 643  loss:  2.75251  grad_norm:  0.7503  memory:  0.20GiB(0.32%)  tps: 4,334  tflops: 0.13  mfu: 0.04%
[rank0]:[titan] 2026-08-13 22:55:45,358 - root - INFO - step: 644  loss:  2.68041  grad_norm:  0.5602  memory:  0.20GiB(0.32%)  tps: 4,492  tflops: 0.14  mfu: 0.04%
[rank0]:[titan] 2026-08-13 22:55:45,847 - root - INFO - step: 645  loss:  2.62149  grad_norm:  0.6873  memory:  0.20GiB(0.32%)  tps: 4,201  tflops: 0.13  mfu: 0.04%
[rank0]:[titan] 2026-08-13 22:55:46,587 - root - INFO - step: 646  loss:  2.62890  grad_norm:  0.6310  memory:  0.20GiB(0.32%)  tps: 2,774  tflops: 0.08  mfu: 0.02%
[rank0]:[titan] 2026-08-13 22:55:47,967 - root - INFO - step: 647  loss:  2.76326  grad_norm:  0.6389  memory:  0.20GiB(0.32%)  tps: 1,485  tflops: 0.05  mfu: 0.01%
[rank0]:[titan] 2026-08-13 22:55:49,194 - root - INFO - step: 648  loss:  2.66058  grad_norm:  0.4476  memory:  0.20GiB(0.32%)  tps: 1,671  tflops: 0.05  mfu: 0.01%
[rank0]:[titan] 2026-08-13 22:55:50,004 - root - INFO - step: 649  loss:  2.60751  grad_norm:  0.5945  memory:  0.20GiB(0.32%)  tps: 2,532  tflops: 0.08  mfu: 0.02%
[rank0]:[titan] 2026-08-13 22:55:50,008 - root - INFO - [GC] Performing periodic GC collection took 0.00 seconds
[rank0]:[titan] 2026-08-13 22:55:50,839 - root - INFO - step: 650  loss:  2.80441  grad_norm:  0.6100  memory:  0.20GiB(0.32%)  tps: 2,458  tflops: 0.07  mfu: 0.02%
[rank0]:[titan] 2026-08-13 22:55:51,481 - root - INFO - step: 651  loss:  2.85330  grad_norm:  0.7069  memory:  0.20GiB(0.32%)  tps: 3,197  tflops: 0.10  mfu: 0.03%
[rank0]:[titan] 2026-08-13 22:55:52,245 - root - INFO - step: 652  loss:  2.78163  grad_norm:  0.5952  memory:  0.20GiB(0.32%)  tps: 2,683  tflops: 0.08  mfu: 0.02%
[rank0]:[titan] 2026-08-13 22:55:52,992 - root - INFO - step: 653  loss:  2.72636  grad_norm:  0.7049  memory:  0.20GiB(0.32%)  tps: 2,746  tflops: 0.08  mfu: 0.02%
[rank0]:[titan] 2026-08-13 22:55:53,832 - root - INFO - step: 654  loss:  2.67438  grad_norm:  0.6319  memory:  0.20GiB(0.32%)  tps: 2,442  tflops: 0.07  mfu: 0.02%
[rank0]:[titan] 2026-08-13 22:55:54,472 - root - INFO - step: 655  loss:  2.68903  grad_norm:  0.4570  memory:  0.20GiB(0.32%)  tps: 3,212  tflops: 0.10  mfu: 0.03%
[rank0]:[titan] 2026-08-13 22:55:55,260 - root - INFO - step: 656  loss:  2.93420  grad_norm:  0.9940  memory:  0.20GiB(0.32%)  tps: 2,603  tflops: 0.08  mfu: 0.02%
[rank0]:[titan] 2026-08-13 22:55:55,777 - root - INFO - step: 657  loss:  2.65354  grad_norm:  0.7645  memory:  0.20GiB(0.32%)  tps: 3,978  tflops: 0.12  mfu: 0.03%
[rank0]:[titan] 2026-08-13 22:55:56,211 - root - INFO - step: 658  loss:  2.62047  grad_norm:  0.7015  memory:  0.20GiB(0.32%)  tps: 4,731  tflops: 0.14  mfu: 0.04%
[rank0]:[titan] 2026-08-13 22:55:56,646 - root - INFO - step: 659  loss:  2.96680  grad_norm:  0.8011  memory:  0.20GiB(0.32%)  tps: 4,717  tflops: 0.14  mfu: 0.04%
[rank0]:[titan] 2026-08-13 22:55:57,096 - root - INFO - step: 660  loss:  2.74485  grad_norm:  0.7334  memory:  0.20GiB(0.32%)  tps: 4,567  tflops: 0.14  mfu: 0.04%
[rank0]:[titan] 2026-08-13 22:55:57,546 - root - INFO - step: 661  loss:  2.65846  grad_norm:  0.6644  memory:  0.20GiB(0.32%)  tps: 4,566  tflops: 0.14  mfu: 0.04%
[rank0]:[titan] 2026-08-13 22:55:57,979 - root - INFO - step: 662  loss:  2.63630  grad_norm:  0.5126  memory:  0.20GiB(0.32%)  tps: 4,744  tflops: 0.14  mfu: 0.04%
[rank0]:[titan] 2026-08-13 22:55:58,426 - root - INFO - step: 663  loss:  2.67615  grad_norm:  0.4980  memory:  0.20GiB(0.32%)  tps: 4,598  tflops: 0.14  mfu: 0.04%
[rank0]:[titan] 2026-08-13 22:55:58,870 - root - INFO - step: 664  loss:  2.66041  grad_norm:  0.5344  memory:  0.20GiB(0.32%)  tps: 4,618  tflops: 0.14  mfu: 0.04%
[rank0]:[titan] 2026-08-13 22:55:59,309 - root - INFO - step: 665  loss:  2.66258  grad_norm:  0.6113  memory:  0.20GiB(0.32%)  tps: 4,683  tflops: 0.14  mfu: 0.04%
[rank0]:[titan] 2026-08-13 22:55:59,745 - root - INFO - step: 666  loss:  2.69851  grad_norm:  0.5164  memory:  0.20GiB(0.32%)  tps: 4,706  tflops: 0.14  mfu: 0.04%
[rank0]:[titan] 2026-08-13 22:56:00,178 - root - INFO - step: 667  loss:  2.60654  grad_norm:  0.5381  memory:  0.20GiB(0.32%)  tps: 4,753  tflops: 0.14  mfu: 0.04%
[rank0]:[titan] 2026-08-13 22:56:00,609 - root - INFO - step: 668  loss:  2.58267  grad_norm:  0.3887  memory:  0.20GiB(0.32%)  tps: 4,758  tflops: 0.14  mfu: 0.04%
[rank0]:[titan] 2026-08-13 22:56:01,053 - root - INFO - step: 669  loss:  2.68549  grad_norm:  0.5967  memory:  0.20GiB(0.32%)  tps: 4,626  tflops: 0.14  mfu: 0.04%
[rank0]:[titan] 2026-08-13 22:56:01,495 - root - INFO - step: 670  loss:  2.64261  grad_norm:  0.6456  memory:  0.20GiB(0.32%)  tps: 4,651  tflops: 0.14  mfu: 0.04%
[rank0]:[titan] 2026-08-13 22:56:01,981 - root - INFO - step: 671  loss:  2.71636  grad_norm:  0.5921  memory:  0.20GiB(0.32%)  tps: 4,225  tflops: 0.13  mfu: 0.04%
[rank0]:[titan] 2026-08-13 22:56:02,421 - root - INFO - step: 672  loss:  2.67250  grad_norm:  0.5073  memory:  0.20GiB(0.32%)  tps: 4,667  tflops: 0.14  mfu: 0.04%
[rank0]:[titan] 2026-08-13 22:56:02,900 - root - INFO - step: 673  loss:  2.81233  grad_norm:  0.4426  memory:  0.20GiB(0.32%)  tps: 4,291  tflops: 0.13  mfu: 0.04%
[rank0]:[titan] 2026-08-13 22:56:03,519 - root - INFO - step: 674  loss:  2.60098  grad_norm:  0.4927  memory:  0.20GiB(0.32%)  tps: 3,318  tflops: 0.10  mfu: 0.03%
[rank0]:[titan] 2026-08-13 22:56:04,795 - root - INFO - step: 675  loss:  2.78912  grad_norm:  0.6037  memory:  0.20GiB(0.32%)  tps: 1,606  tflops: 0.05  mfu: 0.01%
[rank0]:[titan] 2026-08-13 22:56:06,218 - root - INFO - step: 676  loss:  2.75141  grad_norm:  0.5101  memory:  0.20GiB(0.32%)  tps: 1,441  tflops: 0.04  mfu: 0.01%
[rank0]:[titan] 2026-08-13 22:56:07,103 - root - INFO - step: 677  loss:  2.78870  grad_norm:  0.8185  memory:  0.20GiB(0.32%)  tps: 2,320  tflops: 0.07  mfu: 0.02%
[rank0]:[titan] 2026-08-13 22:56:07,987 - root - INFO - step: 678  loss:  2.73777  grad_norm:  0.7845  memory:  0.20GiB(0.32%)  tps: 2,320  tflops: 0.07  mfu: 0.02%
[rank0]:[titan] 2026-08-13 22:56:08,703 - root - INFO - step: 679  loss:  2.73456  grad_norm:  0.6821  memory:  0.20GiB(0.32%)  tps: 2,865  tflops: 0.09  mfu: 0.02%
[rank0]:[titan] 2026-08-13 22:56:09,313 - root - INFO - step: 680  loss:  2.76858  grad_norm:  0.6932  memory:  0.20GiB(0.32%)  tps: 3,369  tflops: 0.10  mfu: 0.03%
[rank0]:[titan] 2026-08-13 22:56:09,958 - root - INFO - step: 681  loss:  2.81784  grad_norm:  0.5600  memory:  0.20GiB(0.32%)  tps: 3,180  tflops: 0.10  mfu: 0.03%
[rank0]:[titan] 2026-08-13 22:56:10,868 - root - INFO - step: 682  loss:  2.73701  grad_norm:  1.1175  memory:  0.20GiB(0.32%)  tps: 2,255  tflops: 0.07  mfu: 0.02%
[rank0]:[titan] 2026-08-13 22:56:11,706 - root - INFO - step: 683  loss:  2.67517  grad_norm:  0.9705  memory:  0.20GiB(0.32%)  tps: 2,446  tflops: 0.07  mfu: 0.02%
[rank0]:[titan] 2026-08-13 22:56:12,404 - root - INFO - step: 684  loss:  2.70657  grad_norm:  0.8626  memory:  0.20GiB(0.32%)  tps: 2,941  tflops: 0.09  mfu: 0.03%
[rank0]:[titan] 2026-08-13 22:56:12,949 - root - INFO - step: 685  loss:  2.73092  grad_norm:  0.8643  memory:  0.20GiB(0.32%)  tps: 3,769  tflops: 0.11  mfu: 0.03%
[rank0]:[titan] 2026-08-13 22:56:13,383 - root - INFO - step: 686  loss:  2.81852  grad_norm:  0.7195  memory:  0.20GiB(0.32%)  tps: 4,730  tflops: 0.14  mfu: 0.04%
[rank0]:[titan] 2026-08-13 22:56:13,813 - root - INFO - step: 687  loss:  2.73503  grad_norm:  0.5575  memory:  0.20GiB(0.32%)  tps: 4,781  tflops: 0.15  mfu: 0.04%
[rank0]:[titan] 2026-08-13 22:56:14,239 - root - INFO - step: 688  loss:  2.77110  grad_norm:  0.7043  memory:  0.20GiB(0.32%)  tps: 4,816  tflops: 0.15  mfu: 0.04%
[rank0]:[titan] 2026-08-13 22:56:14,673 - root - INFO - step: 689  loss:  2.76802  grad_norm:  0.5997  memory:  0.20GiB(0.32%)  tps: 4,740  tflops: 0.14  mfu: 0.04%
[rank0]:[titan] 2026-08-13 22:56:15,107 - root - INFO - step: 690  loss:  2.67980  grad_norm:  0.6191  memory:  0.20GiB(0.32%)  tps: 4,727  tflops: 0.14  mfu: 0.04%
[rank0]:[titan] 2026-08-13 22:56:15,547 - root - INFO - step: 691  loss:  2.76349  grad_norm:  0.6129  memory:  0.20GiB(0.32%)  tps: 4,672  tflops: 0.14  mfu: 0.04%
[rank0]:[titan] 2026-08-13 22:56:15,990 - root - INFO - step: 692  loss:  2.65191  grad_norm:  0.5274  memory:  0.20GiB(0.32%)  tps: 4,638  tflops: 0.14  mfu: 0.04%
[rank0]:[titan] 2026-08-13 22:56:16,436 - root - INFO - step: 693  loss:  2.80219  grad_norm:  0.6013  memory:  0.20GiB(0.32%)  tps: 4,600  tflops: 0.14  mfu: 0.04%
[rank0]:[titan] 2026-08-13 22:56:16,889 - root - INFO - step: 694  loss:  2.84230  grad_norm:  0.6613  memory:  0.20GiB(0.32%)  tps: 4,537  tflops: 0.14  mfu: 0.04%
[rank0]:[titan] 2026-08-13 22:56:17,336 - root - INFO - step: 695  loss:  2.80044  grad_norm:  0.6118  memory:  0.20GiB(0.32%)  tps: 4,600  tflops: 0.14  mfu: 0.04%
[rank0]:[titan] 2026-08-13 22:56:17,774 - root - INFO - step: 696  loss:  2.75990  grad_norm:  0.7410  memory:  0.20GiB(0.32%)  tps: 4,685  tflops: 0.14  mfu: 0.04%
[rank0]:[titan] 2026-08-13 22:56:18,208 - root - INFO - step: 697  loss:  2.76543  grad_norm:  0.5883  memory:  0.20GiB(0.32%)  tps: 4,731  tflops: 0.14  mfu: 0.04%
[rank0]:[titan] 2026-08-13 22:56:18,687 - root - INFO - step: 698  loss:  2.84133  grad_norm:  0.5551  memory:  0.20GiB(0.32%)  tps: 4,291  tflops: 0.13  mfu: 0.04%
[rank0]:[titan] 2026-08-13 22:56:19,161 - root - INFO - step: 699  loss:  2.78401  grad_norm:  0.5153  memory:  0.20GiB(0.32%)  tps: 4,328  tflops: 0.13  mfu: 0.04%
[rank0]:[titan] 2026-08-13 22:56:19,165 - root - INFO - [GC] Performing periodic GC collection took 0.00 seconds
[rank0]:[titan] 2026-08-13 22:56:19,603 - root - INFO - step: 700  loss:  2.82514  grad_norm:  0.5578  memory:  0.20GiB(0.32%)  tps: 4,650  tflops: 0.14  mfu: 0.04%
[rank0]:[titan] 2026-08-13 22:56:20,539 - root - INFO - step: 701  loss:  2.65752  grad_norm:  0.5594  memory:  0.20GiB(0.32%)  tps: 2,193  tflops: 0.07  mfu: 0.02%
[rank0]:[titan] 2026-08-13 22:56:21,822 - root - INFO - step: 702  loss:  2.69002  grad_norm:  0.6405  memory:  0.20GiB(0.32%)  tps: 1,597  tflops: 0.05  mfu: 0.01%
[rank0]:[titan] 2026-08-13 22:56:22,930 - root - INFO - step: 703  loss:  2.71687  grad_norm:  0.5441  memory:  0.20GiB(0.32%)  tps: 1,850  tflops: 0.06  mfu: 0.02%
[rank0]:[titan] 2026-08-13 22:56:23,690 - root - INFO - step: 704  loss:  2.68862  grad_norm:  0.6382  memory:  0.20GiB(0.32%)  tps: 2,701  tflops: 0.08  mfu: 0.02%
[rank0]:[titan] 2026-08-13 22:56:24,726 - root - INFO - step: 705  loss:  2.70929  grad_norm:  0.6144  memory:  0.20GiB(0.32%)  tps: 1,979  tflops: 0.06  mfu: 0.02%
[rank0]:[titan] 2026-08-13 22:56:25,425 - root - INFO - step: 706  loss:  2.68875  grad_norm:  0.6252  memory:  0.20GiB(0.32%)  tps: 2,938  tflops: 0.09  mfu: 0.03%
[rank0]:[titan] 2026-08-13 22:56:26,020 - root - INFO - step: 707  loss:  2.65762  grad_norm:  0.5217  memory:  0.20GiB(0.32%)  tps: 3,447  tflops: 0.10  mfu: 0.03%
[rank0]:[titan] 2026-08-13 22:56:26,725 - root - INFO - step: 708  loss:  2.77320  grad_norm:  0.5707  memory:  0.20GiB(0.32%)  tps: 2,910  tflops: 0.09  mfu: 0.03%
[rank0]:[titan] 2026-08-13 22:56:27,480 - root - INFO - step: 709  loss:  2.76060  grad_norm:  0.5148  memory:  0.20GiB(0.32%)  tps: 2,719  tflops: 0.08  mfu: 0.02%
[rank0]:[titan] 2026-08-13 22:56:28,181 - root - INFO - step: 710  loss:  2.78439  grad_norm:  0.6846  memory:  0.20GiB(0.32%)  tps: 2,925  tflops: 0.09  mfu: 0.03%
[rank0]:[titan] 2026-08-13 22:56:28,990 - root - INFO - step: 711  loss:  2.72352  grad_norm:  0.7661  memory:  0.20GiB(0.32%)  tps: 2,536  tflops: 0.08  mfu: 0.02%
[rank0]:[titan] 2026-08-13 22:56:29,534 - root - INFO - step: 712  loss:  2.67235  grad_norm:  0.5706  memory:  0.20GiB(0.32%)  tps: 3,778  tflops: 0.11  mfu: 0.03%
[rank0]:[titan] 2026-08-13 22:56:29,980 - root - INFO - step: 713  loss:  2.68360  grad_norm:  0.6137  memory:  0.20GiB(0.32%)  tps: 4,605  tflops: 0.14  mfu: 0.04%
[rank0]:[titan] 2026-08-13 22:56:30,423 - root - INFO - step: 714  loss:  2.78371  grad_norm:  0.4283  memory:  0.20GiB(0.32%)  tps: 4,632  tflops: 0.14  mfu: 0.04%
[rank0]:[titan] 2026-08-13 22:56:30,880 - root - INFO - step: 715  loss:  2.81929  grad_norm:  0.5026  memory:  0.20GiB(0.32%)  tps: 4,501  tflops: 0.14  mfu: 0.04%
[rank0]:[titan] 2026-08-13 22:56:31,320 - root - INFO - step: 716  loss:  2.56877  grad_norm:  0.6331  memory:  0.20GiB(0.32%)  tps: 4,673  tflops: 0.14  mfu: 0.04%
[rank0]:[titan] 2026-08-13 22:56:31,751 - root - INFO - step: 717  loss:  2.62107  grad_norm:  0.6827  memory:  0.20GiB(0.32%)  tps: 4,766  tflops: 0.15  mfu: 0.04%
[rank0]:[titan] 2026-08-13 22:56:32,175 - root - INFO - step: 718  loss:  2.68472  grad_norm:  0.5401  memory:  0.20GiB(0.32%)  tps: 4,836  tflops: 0.15  mfu: 0.04%
[rank0]:[titan] 2026-08-13 22:56:32,606 - root - INFO - step: 719  loss:  2.74567  grad_norm:  0.6104  memory:  0.20GiB(0.32%)  tps: 4,768  tflops: 0.15  mfu: 0.04%
[rank0]:[titan] 2026-08-13 22:56:33,037 - root - INFO - step: 720  loss:  2.63609  grad_norm:  0.6267  memory:  0.20GiB(0.32%)  tps: 4,769  tflops: 0.15  mfu: 0.04%
[rank0]:[titan] 2026-08-13 22:56:33,473 - root - INFO - step: 721  loss:  2.64634  grad_norm:  0.5227  memory:  0.20GiB(0.32%)  tps: 4,711  tflops: 0.14  mfu: 0.04%
[rank0]:[titan] 2026-08-13 22:56:33,901 - root - INFO - step: 722  loss:  2.61707  grad_norm:  0.7784  memory:  0.20GiB(0.32%)  tps: 4,798  tflops: 0.15  mfu: 0.04%
[rank0]:[titan] 2026-08-13 22:56:34,330 - root - INFO - step: 723  loss:  2.80696  grad_norm:  0.4413  memory:  0.20GiB(0.32%)  tps: 4,793  tflops: 0.15  mfu: 0.04%
[rank0]:[titan] 2026-08-13 22:56:34,760 - root - INFO - step: 724  loss:  2.67462  grad_norm:  0.6411  memory:  0.20GiB(0.32%)  tps: 4,777  tflops: 0.15  mfu: 0.04%
[rank0]:[titan] 2026-08-13 22:56:35,185 - root - INFO - step: 725  loss:  2.72055  grad_norm:  0.4831  memory:  0.20GiB(0.32%)  tps: 4,828  tflops: 0.15  mfu: 0.04%
[rank0]:[titan] 2026-08-13 22:56:35,612 - root - INFO - step: 726  loss:  2.61696  grad_norm:  0.5623  memory:  0.20GiB(0.32%)  tps: 4,814  tflops: 0.15  mfu: 0.04%
[rank0]:[titan] 2026-08-13 22:56:36,070 - root - INFO - step: 727  loss:  2.60151  grad_norm:  0.6091  memory:  0.20GiB(0.32%)  tps: 4,485  tflops: 0.14  mfu: 0.04%
[rank0]:[titan] 2026-08-13 22:56:36,568 - root - INFO - step: 728  loss:  2.67827  grad_norm:  0.5828  memory:  0.20GiB(0.32%)  tps: 4,122  tflops: 0.13  mfu: 0.04%
[rank0]:[titan] 2026-08-13 22:56:37,105 - root - INFO - step: 729  loss:  2.77595  grad_norm:  0.5249  memory:  0.20GiB(0.32%)  tps: 3,821  tflops: 0.12  mfu: 0.03%
[rank0]:[titan] 2026-08-13 22:56:38,418 - root - INFO - step: 730  loss:  2.67779  grad_norm:  0.6086  memory:  0.20GiB(0.32%)  tps: 1,562  tflops: 0.05  mfu: 0.01%
[rank0]:[titan] 2026-08-13 22:56:39,772 - root - INFO - step: 731  loss:  2.63912  grad_norm:  0.4594  memory:  0.20GiB(0.32%)  tps: 1,514  tflops: 0.05  mfu: 0.01%
[rank0]:[titan] 2026-08-13 22:56:40,705 - root - INFO - step: 732  loss:  2.62314  grad_norm:  0.6937  memory:  0.20GiB(0.32%)  tps: 2,197  tflops: 0.07  mfu: 0.02%
[rank0]:[titan] 2026-08-13 22:56:41,658 - root - INFO - step: 733  loss:  2.63525  grad_norm:  0.6852  memory:  0.20GiB(0.32%)  tps: 2,153  tflops: 0.07  mfu: 0.02%
[rank0]:[titan] 2026-08-13 22:56:42,347 - root - INFO - step: 734  loss:  2.61539  grad_norm:  0.6214  memory:  0.20GiB(0.32%)  tps: 2,976  tflops: 0.09  mfu: 0.03%
[rank0]:[titan] 2026-08-13 22:56:43,073 - root - INFO - step: 735  loss:  2.64158  grad_norm:  0.5074  memory:  0.20GiB(0.32%)  tps: 2,826  tflops: 0.09  mfu: 0.02%
[rank0]:[titan] 2026-08-13 22:56:43,720 - root - INFO - step: 736  loss:  2.75900  grad_norm:  0.5483  memory:  0.20GiB(0.32%)  tps: 3,176  tflops: 0.10  mfu: 0.03%
[rank0]:[titan] 2026-08-13 22:56:44,531 - root - INFO - step: 737  loss:  2.66464  grad_norm:  0.6898  memory:  0.20GiB(0.32%)  tps: 2,531  tflops: 0.08  mfu: 0.02%
[rank0]:[titan] 2026-08-13 22:56:45,408 - root - INFO - step: 738  loss:  2.56180  grad_norm:  0.7840  memory:  0.20GiB(0.32%)  tps: 2,337  tflops: 0.07  mfu: 0.02%
[rank0]:[titan] 2026-08-13 22:56:46,237 - root - INFO - step: 739  loss:  2.57748  grad_norm:  0.7010  memory:  0.20GiB(0.32%)  tps: 2,476  tflops: 0.08  mfu: 0.02%
[rank0]:[titan] 2026-08-13 22:56:46,943 - root - INFO - step: 740  loss:  2.69359  grad_norm:  0.7901  memory:  0.20GiB(0.32%)  tps: 2,905  tflops: 0.09  mfu: 0.02%
[rank0]:[titan] 2026-08-13 22:56:47,382 - root - INFO - step: 741  loss:  2.73793  grad_norm:  0.5337  memory:  0.20GiB(0.32%)  tps: 4,679  tflops: 0.14  mfu: 0.04%
[rank0]:[titan] 2026-08-13 22:56:47,806 - root - INFO - step: 742  loss:  2.63674  grad_norm:  0.5351  memory:  0.20GiB(0.32%)  tps: 4,847  tflops: 0.15  mfu: 0.04%
[rank0]:[titan] 2026-08-13 22:56:48,235 - root - INFO - step: 743  loss:  2.81586  grad_norm:  0.5290  memory:  0.20GiB(0.32%)  tps: 4,790  tflops: 0.15  mfu: 0.04%
[rank0]:[titan] 2026-08-13 22:56:48,667 - root - INFO - step: 744  loss:  2.71396  grad_norm:  0.5564  memory:  0.20GiB(0.32%)  tps: 4,750  tflops: 0.14  mfu: 0.04%
[rank0]:[titan] 2026-08-13 22:56:49,093 - root - INFO - step: 745  loss:  2.67519  grad_norm:  0.5036  memory:  0.20GiB(0.32%)  tps: 4,825  tflops: 0.15  mfu: 0.04%
[rank0]:[titan] 2026-08-13 22:56:49,521 - root - INFO - step: 746  loss:  2.60206  grad_norm:  0.4922  memory:  0.20GiB(0.32%)  tps: 4,802  tflops: 0.15  mfu: 0.04%
[rank0]:[titan] 2026-08-13 22:56:49,950 - root - INFO - step: 747  loss:  2.66934  grad_norm:  0.4180  memory:  0.20GiB(0.32%)  tps: 4,791  tflops: 0.15  mfu: 0.04%
[rank0]:[titan] 2026-08-13 22:56:50,389 - root - INFO - step: 748  loss:  2.67352  grad_norm:  0.6162  memory:  0.20GiB(0.32%)  tps: 4,675  tflops: 0.14  mfu: 0.04%
[rank0]:[titan] 2026-08-13 22:56:50,812 - root - INFO - step: 749  loss:  2.80039  grad_norm:  0.5841  memory:  0.20GiB(0.32%)  tps: 4,861  tflops: 0.15  mfu: 0.04%
[rank0]:[titan] 2026-08-13 22:56:50,815 - root - INFO - [GC] Performing periodic GC collection took 0.00 seconds
[rank0]:[titan] 2026-08-13 22:56:51,239 - root - INFO - step: 750  loss:  2.72722  grad_norm:  0.6281  memory:  0.20GiB(0.32%)  tps: 4,815  tflops: 0.15  mfu: 0.04%
[rank0]:[titan] 2026-08-13 22:56:51,680 - root - INFO - step: 751  loss:  2.72150  grad_norm:  0.5121  memory:  0.20GiB(0.32%)  tps: 4,657  tflops: 0.14  mfu: 0.04%
[rank0]:[titan] 2026-08-13 22:56:52,101 - root - INFO - step: 752  loss:  2.67460  grad_norm:  0.6486  memory:  0.20GiB(0.32%)  tps: 4,881  tflops: 0.15  mfu: 0.04%
[rank0]:[titan] 2026-08-13 22:56:52,522 - root - INFO - step: 753  loss:  2.70231  grad_norm:  0.6576  memory:  0.20GiB(0.32%)  tps: 4,871  tflops: 0.15  mfu: 0.04%
[rank0]:[titan] 2026-08-13 22:56:52,985 - root - INFO - step: 754  loss:  2.66173  grad_norm:  0.7244  memory:  0.20GiB(0.32%)  tps: 4,441  tflops: 0.14  mfu: 0.04%
[rank0]:[titan] 2026-08-13 22:56:53,422 - root - INFO - step: 755  loss:  2.66041  grad_norm:  0.6104  memory:  0.20GiB(0.32%)  tps: 4,700  tflops: 0.14  mfu: 0.04%
[rank0]:[titan] 2026-08-13 22:56:53,870 - root - INFO - step: 756  loss:  2.63018  grad_norm:  0.6278  memory:  0.20GiB(0.32%)  tps: 4,585  tflops: 0.14  mfu: 0.04%
[rank0]:[titan] 2026-08-13 22:56:54,297 - root - INFO - step: 757  loss:  2.72651  grad_norm:  0.4606  memory:  0.20GiB(0.32%)  tps: 4,810  tflops: 0.15  mfu: 0.04%
[rank0]:[titan] 2026-08-13 22:56:55,573 - root - INFO - step: 758  loss:  2.78167  grad_norm:  0.6975  memory:  0.20GiB(0.32%)  tps: 1,606  tflops: 0.05  mfu: 0.01%
[rank0]:[titan] 2026-08-13 22:56:56,843 - root - INFO - step: 759  loss:  2.73133  grad_norm:  0.8765  memory:  0.20GiB(0.32%)  tps: 1,614  tflops: 0.05  mfu: 0.01%
[rank0]:[titan] 2026-08-13 22:56:57,971 - root - INFO - step: 760  loss:  2.74441  grad_norm:  0.9103  memory:  0.20GiB(0.32%)  tps: 1,818  tflops: 0.06  mfu: 0.02%
[rank0]:[titan] 2026-08-13 22:56:58,804 - root - INFO - step: 761  loss:  2.75812  grad_norm:  0.8013  memory:  0.20GiB(0.32%)  tps: 2,463  tflops: 0.07  mfu: 0.02%
[rank0]:[titan] 2026-08-13 22:56:59,708 - root - INFO - step: 762  loss:  3.05425  grad_norm:  0.8083  memory:  0.20GiB(0.32%)  tps: 2,268  tflops: 0.07  mfu: 0.02%
[rank0]:[titan] 2026-08-13 22:57:00,566 - root - INFO - step: 763  loss:  2.79806  grad_norm:  0.6259  memory:  0.20GiB(0.32%)  tps: 2,392  tflops: 0.07  mfu: 0.02%
[rank0]:[titan] 2026-08-13 22:57:01,174 - root - INFO - step: 764  loss:  2.83059  grad_norm:  0.6585  memory:  0.20GiB(0.32%)  tps: 3,376  tflops: 0.10  mfu: 0.03%
[rank0]:[titan] 2026-08-13 22:57:01,952 - root - INFO - step: 765  loss:  2.66636  grad_norm:  0.7575  memory:  0.20GiB(0.32%)  tps: 2,635  tflops: 0.08  mfu: 0.02%
[rank0]:[titan] 2026-08-13 22:57:02,731 - root - INFO - step: 766  loss:  2.63724  grad_norm:  0.6249  memory:  0.20GiB(0.32%)  tps: 2,635  tflops: 0.08  mfu: 0.02%
[rank0]:[titan] 2026-08-13 22:57:03,672 - root - INFO - step: 767  loss:  2.75622  grad_norm:  0.5358  memory:  0.20GiB(0.32%)  tps: 2,179  tflops: 0.07  mfu: 0.02%
[rank0]:[titan] 2026-08-13 22:57:04,319 - root - INFO - step: 768  loss:  2.65054  grad_norm:  0.5864  memory:  0.20GiB(0.32%)  tps: 3,172  tflops: 0.10  mfu: 0.03%
[rank0]:[titan] 2026-08-13 22:57:04,773 - root - INFO - step: 769  loss:  2.79915  grad_norm:  0.7719  memory:  0.20GiB(0.32%)  tps: 4,529  tflops: 0.14  mfu: 0.04%
[rank0]:[titan] 2026-08-13 22:57:05,204 - root - INFO - step: 770  loss:  2.71840  grad_norm:  0.8379  memory:  0.20GiB(0.32%)  tps: 4,762  tflops: 0.14  mfu: 0.04%
[rank0]:[titan] 2026-08-13 22:57:05,632 - root - INFO - step: 771  loss:  2.78769  grad_norm:  0.7032  memory:  0.20GiB(0.32%)  tps: 4,800  tflops: 0.15  mfu: 0.04%
[rank0]:[titan] 2026-08-13 22:57:06,069 - root - INFO - step: 772  loss:  2.77360  grad_norm:  0.5822  memory:  0.20GiB(0.32%)  tps: 4,700  tflops: 0.14  mfu: 0.04%
[rank0]:[titan] 2026-08-13 22:57:06,507 - root - INFO - step: 773  loss:  2.69303  grad_norm:  0.6993  memory:  0.20GiB(0.32%)  tps: 4,693  tflops: 0.14  mfu: 0.04%
[rank0]:[titan] 2026-08-13 22:57:06,951 - root - INFO - step: 774  loss:  2.81719  grad_norm:  0.6668  memory:  0.20GiB(0.32%)  tps: 4,635  tflops: 0.14  mfu: 0.04%
[rank0]:[titan] 2026-08-13 22:57:07,398 - root - INFO - step: 775  loss:  2.95647  grad_norm:  0.6024  memory:  0.20GiB(0.32%)  tps: 4,591  tflops: 0.14  mfu: 0.04%
[rank0]:[titan] 2026-08-13 22:57:07,845 - root - INFO - step: 776  loss:  3.26153  grad_norm:  1.9537  memory:  0.20GiB(0.32%)  tps: 4,597  tflops: 0.14  mfu: 0.04%
[rank0]:[titan] 2026-08-13 22:57:08,283 - root - INFO - step: 777  loss:  3.16554  grad_norm:  1.5569  memory:  0.20GiB(0.32%)  tps: 4,685  tflops: 0.14  mfu: 0.04%
[rank0]:[titan] 2026-08-13 22:57:08,718 - root - INFO - step: 778  loss:  2.73254  grad_norm:  0.4767  memory:  0.20GiB(0.32%)  tps: 4,725  tflops: 0.14  mfu: 0.04%
[rank0]:[titan] 2026-08-13 22:57:09,154 - root - INFO - step: 779  loss:  2.76222  grad_norm:  0.5780  memory:  0.20GiB(0.32%)  tps: 4,714  tflops: 0.14  mfu: 0.04%
[rank0]:[titan] 2026-08-13 22:57:09,591 - root - INFO - step: 780  loss:  2.66124  grad_norm:  0.5608  memory:  0.20GiB(0.32%)  tps: 4,697  tflops: 0.14  mfu: 0.04%
[rank0]:[titan] 2026-08-13 22:57:10,028 - root - INFO - step: 781  loss:  2.67817  grad_norm:  0.6299  memory:  0.20GiB(0.32%)  tps: 4,708  tflops: 0.14  mfu: 0.04%
[rank0]:[titan] 2026-08-13 22:57:10,479 - root - INFO - step: 782  loss:  2.78043  grad_norm:  0.4594  memory:  0.20GiB(0.32%)  tps: 4,554  tflops: 0.14  mfu: 0.04%
[rank0]:[titan] 2026-08-13 22:57:10,911 - root - INFO - step: 783  loss:  2.86441  grad_norm:  0.5482  memory:  0.20GiB(0.32%)  tps: 4,755  tflops: 0.14  mfu: 0.04%
[rank0]:[titan] 2026-08-13 22:57:11,399 - root - INFO - step: 784  loss:  2.67368  grad_norm:  0.5527  memory:  0.20GiB(0.32%)  tps: 4,206  tflops: 0.13  mfu: 0.04%
[rank0]:[titan] 2026-08-13 22:57:11,833 - root - INFO - step: 785  loss:  2.75763  grad_norm:  0.6140  memory:  0.20GiB(0.32%)  tps: 4,735  tflops: 0.14  mfu: 0.04%
[rank0]:[titan] 2026-08-13 22:57:13,109 - root - INFO - step: 786  loss:  2.70352  grad_norm:  0.4583  memory:  0.20GiB(0.32%)  tps: 1,606  tflops: 0.05  mfu: 0.01%
[rank0]:[titan] 2026-08-13 22:57:14,453 - root - INFO - step: 787  loss:  2.68009  grad_norm:  0.5693  memory:  0.20GiB(0.32%)  tps: 1,525  tflops: 0.05  mfu: 0.01%
[rank0]:[titan] 2026-08-13 22:57:15,316 - root - INFO - step: 788  loss:  2.64943  grad_norm:  0.5785  memory:  0.20GiB(0.32%)  tps: 2,378  tflops: 0.07  mfu: 0.02%
[rank0]:[titan] 2026-08-13 22:57:16,262 - root - INFO - step: 789  loss:  2.61816  grad_norm:  0.5288  memory:  0.20GiB(0.32%)  tps: 2,169  tflops: 0.07  mfu: 0.02%
[rank0]:[titan] 2026-08-13 22:57:17,143 - root - INFO - step: 790  loss:  2.60194  grad_norm:  0.4428  memory:  0.20GiB(0.32%)  tps: 2,328  tflops: 0.07  mfu: 0.02%
[rank0]:[titan] 2026-08-13 22:57:17,855 - root - INFO - step: 791  loss:  2.67908  grad_norm:  0.6981  memory:  0.20GiB(0.32%)  tps: 2,882  tflops: 0.09  mfu: 0.02%
[rank0]:[titan] 2026-08-13 22:57:18,491 - root - INFO - step: 792  loss:  2.60539  grad_norm:  0.4814  memory:  0.20GiB(0.32%)  tps: 3,225  tflops: 0.10  mfu: 0.03%
[rank0]:[titan] 2026-08-13 22:57:19,234 - root - INFO - step: 793  loss:  2.77668  grad_norm:  0.5993  memory:  0.20GiB(0.32%)  tps: 2,762  tflops: 0.08  mfu: 0.02%
[rank0]:[titan] 2026-08-13 22:57:20,117 - root - INFO - step: 794  loss:  2.77310  grad_norm:  0.4526  memory:  0.20GiB(0.32%)  tps: 2,322  tflops: 0.07  mfu: 0.02%
[rank0]:[titan] 2026-08-13 22:57:20,942 - root - INFO - step: 795  loss:  2.77322  grad_norm:  0.6169  memory:  0.20GiB(0.32%)  tps: 2,489  tflops: 0.08  mfu: 0.02%
[rank0]:[titan] 2026-08-13 22:57:21,527 - root - INFO - step: 796  loss:  2.83932  grad_norm:  0.6209  memory:  0.20GiB(0.32%)  tps: 3,506  tflops: 0.11  mfu: 0.03%
[rank0]:[titan] 2026-08-13 22:57:21,967 - root - INFO - step: 797  loss:  2.81854  grad_norm:  0.4717  memory:  0.20GiB(0.32%)  tps: 4,670  tflops: 0.14  mfu: 0.04%
[rank0]:[titan] 2026-08-13 22:57:22,404 - root - INFO - step: 798  loss:  2.66445  grad_norm:  0.4220  memory:  0.20GiB(0.32%)  tps: 4,698  tflops: 0.14  mfu: 0.04%
[rank0]:[titan] 2026-08-13 22:57:22,834 - root - INFO - step: 799  loss:  2.85405  grad_norm:  0.5629  memory:  0.20GiB(0.32%)  tps: 4,778  tflops: 0.15  mfu: 0.04%
[rank0]:[titan] 2026-08-13 22:57:22,837 - root - INFO - [GC] Performing periodic GC collection took 0.00 seconds
[rank0]:[titan] 2026-08-13 22:57:23,272 - root - INFO - step: 800  loss:  2.87484  grad_norm:  0.8700  memory:  0.20GiB(0.32%)  tps: 4,689  tflops: 0.14  mfu: 0.04%
[rank0]:[titan] 2026-08-13 22:57:23,695 - root - INFO - step: 801  loss:  2.97856  grad_norm:  0.8896  memory:  0.20GiB(0.32%)  tps: 4,851  tflops: 0.15  mfu: 0.04%
[rank0]:[titan] 2026-08-13 22:57:24,124 - root - INFO - step: 802  loss:  2.80310  grad_norm:  0.6747  memory:  0.20GiB(0.32%)  tps: 4,792  tflops: 0.15  mfu: 0.04%
[rank0]:[titan] 2026-08-13 22:57:24,553 - root - INFO - step: 803  loss:  2.89737  grad_norm:  0.9314  memory:  0.20GiB(0.32%)  tps: 4,788  tflops: 0.15  mfu: 0.04%
[rank0]:[titan] 2026-08-13 22:57:24,995 - root - INFO - step: 804  loss:  2.63542  grad_norm:  0.5628  memory:  0.20GiB(0.32%)  tps: 4,646  tflops: 0.14  mfu: 0.04%
[rank0]:[titan] 2026-08-13 22:57:25,443 - root - INFO - step: 805  loss:  2.68469  grad_norm:  0.5898  memory:  0.20GiB(0.32%)  tps: 4,593  tflops: 0.14  mfu: 0.04%
[rank0]:[titan] 2026-08-13 22:57:25,876 - root - INFO - step: 806  loss:  2.72998  grad_norm:  0.6096  memory:  0.20GiB(0.32%)  tps: 4,740  tflops: 0.14  mfu: 0.04%
[rank0]:[titan] 2026-08-13 22:57:26,314 - root - INFO - step: 807  loss:  2.62340  grad_norm:  0.7182  memory:  0.20GiB(0.32%)  tps: 4,689  tflops: 0.14  mfu: 0.04%
[rank0]:[titan] 2026-08-13 22:57:26,736 - root - INFO - step: 808  loss:  2.58941  grad_norm:  0.7097  memory:  0.20GiB(0.32%)  tps: 4,873  tflops: 0.15  mfu: 0.04%
[rank0]:[titan] 2026-08-13 22:57:27,161 - root - INFO - step: 809  loss:  2.65418  grad_norm:  0.9735  memory:  0.20GiB(0.32%)  tps: 4,833  tflops: 0.15  mfu: 0.04%
[rank0]:[titan] 2026-08-13 22:57:27,623 - root - INFO - step: 810  loss:  2.75878  grad_norm:  0.5361  memory:  0.20GiB(0.32%)  tps: 4,443  tflops: 0.14  mfu: 0.04%
[rank0]:[titan] 2026-08-13 22:57:28,067 - root - INFO - step: 811  loss:  2.63086  grad_norm:  0.7411  memory:  0.20GiB(0.32%)  tps: 4,627  tflops: 0.14  mfu: 0.04%
[rank0]:[titan] 2026-08-13 22:57:28,582 - root - INFO - step: 812  loss:  2.56138  grad_norm:  0.6941  memory:  0.20GiB(0.32%)  tps: 3,990  tflops: 0.12  mfu: 0.03%
[rank0]:[titan] 2026-08-13 22:57:29,080 - root - INFO - step: 813  loss:  2.72972  grad_norm:  0.5409  memory:  0.20GiB(0.32%)  tps: 4,124  tflops: 0.13  mfu: 0.04%
[rank0]:[titan] 2026-08-13 22:57:30,360 - root - INFO - step: 814  loss:  2.68958  grad_norm:  0.5312  memory:  0.20GiB(0.32%)  tps: 1,601  tflops: 0.05  mfu: 0.01%
[rank0]:[titan] 2026-08-13 22:57:31,721 - root - INFO - step: 815  loss:  2.60231  grad_norm:  0.5093  memory:  0.20GiB(0.32%)  tps: 1,506  tflops: 0.05  mfu: 0.01%
[rank0]:[titan] 2026-08-13 22:57:32,594 - root - INFO - step: 816  loss:  2.69759  grad_norm:  0.6420  memory:  0.20GiB(0.32%)  tps: 2,348  tflops: 0.07  mfu: 0.02%
[rank0]:[titan] 2026-08-13 22:57:33,463 - root - INFO - step: 817  loss:  2.60233  grad_norm:  0.5397  memory:  0.20GiB(0.32%)  tps: 2,362  tflops: 0.07  mfu: 0.02%
[rank0]:[titan] 2026-08-13 22:57:34,209 - root - INFO - step: 818  loss:  2.67619  grad_norm:  0.4392  memory:  0.20GiB(0.32%)  tps: 2,749  tflops: 0.08  mfu: 0.02%
[rank0]:[titan] 2026-08-13 22:57:34,922 - root - INFO - step: 819  loss:  2.77427  grad_norm:  0.5425  memory:  0.20GiB(0.32%)  tps: 2,876  tflops: 0.09  mfu: 0.02%
[rank0]:[titan] 2026-08-13 22:57:35,689 - root - INFO - step: 820  loss:  2.68021  grad_norm:  0.5761  memory:  0.20GiB(0.32%)  tps: 2,675  tflops: 0.08  mfu: 0.02%
[rank0]:[titan] 2026-08-13 22:57:36,496 - root - INFO - step: 821  loss:  2.66176  grad_norm:  0.7145  memory:  0.20GiB(0.32%)  tps: 2,543  tflops: 0.08  mfu: 0.02%
[rank0]:[titan] 2026-08-13 22:57:37,249 - root - INFO - step: 822  loss:  2.59264  grad_norm:  0.4058  memory:  0.20GiB(0.32%)  tps: 2,723  tflops: 0.08  mfu: 0.02%
[rank0]:[titan] 2026-08-13 22:57:37,947 - root - INFO - step: 823  loss:  2.62486  grad_norm:  0.4827  memory:  0.20GiB(0.32%)  tps: 2,943  tflops: 0.09  mfu: 0.03%
[rank0]:[titan] 2026-08-13 22:57:38,535 - root - INFO - step: 824  loss:  2.71366  grad_norm:  0.5443  memory:  0.20GiB(0.32%)  tps: 3,492  tflops: 0.11  mfu: 0.03%
[rank0]:[titan] 2026-08-13 22:57:38,992 - root - INFO - step: 825  loss:  2.66818  grad_norm:  0.6353  memory:  0.20GiB(0.32%)  tps: 4,496  tflops: 0.14  mfu: 0.04%
[rank0]:[titan] 2026-08-13 22:57:39,418 - root - INFO - step: 826  loss:  2.60693  grad_norm:  0.5614  memory:  0.20GiB(0.32%)  tps: 4,819  tflops: 0.15  mfu: 0.04%
[rank0]:[titan] 2026-08-13 22:57:39,840 - root - INFO - step: 827  loss:  2.68165  grad_norm:  0.4940  memory:  0.20GiB(0.32%)  tps: 4,872  tflops: 0.15  mfu: 0.04%
[rank0]:[titan] 2026-08-13 22:57:40,263 - root - INFO - step: 828  loss:  2.69891  grad_norm:  0.5105  memory:  0.20GiB(0.32%)  tps: 4,855  tflops: 0.15  mfu: 0.04%
[rank0]:[titan] 2026-08-13 22:57:40,697 - root - INFO - step: 829  loss:  2.77488  grad_norm:  0.5423  memory:  0.20GiB(0.32%)  tps: 4,730  tflops: 0.14  mfu: 0.04%
[rank0]:[titan] 2026-08-13 22:57:41,130 - root - INFO - step: 830  loss:  2.72946  grad_norm:  0.4319  memory:  0.20GiB(0.32%)  tps: 4,743  tflops: 0.14  mfu: 0.04%
[rank0]:[titan] 2026-08-13 22:57:41,561 - root - INFO - step: 831  loss:  2.82397  grad_norm:  0.6554  memory:  0.20GiB(0.32%)  tps: 4,768  tflops: 0.15  mfu: 0.04%
[rank0]:[titan] 2026-08-13 22:57:41,990 - root - INFO - step: 832  loss:  2.89016  grad_norm:  0.5766  memory:  0.20GiB(0.32%)  tps: 4,781  tflops: 0.15  mfu: 0.04%
[rank0]:[titan] 2026-08-13 22:57:42,419 - root - INFO - step: 833  loss:  2.85934  grad_norm:  0.4371  memory:  0.20GiB(0.32%)  tps: 4,791  tflops: 0.15  mfu: 0.04%
[rank0]:[titan] 2026-08-13 22:57:42,848 - root - INFO - step: 834  loss:  2.69600  grad_norm:  0.6063  memory:  0.20GiB(0.32%)  tps: 4,793  tflops: 0.15  mfu: 0.04%
[rank0]:[titan] 2026-08-13 22:57:43,281 - root - INFO - step: 835  loss:  2.72589  grad_norm:  0.5117  memory:  0.20GiB(0.32%)  tps: 4,742  tflops: 0.14  mfu: 0.04%
[rank0]:[titan] 2026-08-13 22:57:43,716 - root - INFO - step: 836  loss:  2.72859  grad_norm:  0.5629  memory:  0.20GiB(0.32%)  tps: 4,722  tflops: 0.14  mfu: 0.04%
[rank0]:[titan] 2026-08-13 22:57:44,145 - root - INFO - step: 837  loss:  2.63395  grad_norm:  0.4779  memory:  0.20GiB(0.32%)  tps: 4,783  tflops: 0.15  mfu: 0.04%
[rank0]:[titan] 2026-08-13 22:57:44,566 - root - INFO - step: 838  loss:  2.71132  grad_norm:  0.4968  memory:  0.20GiB(0.32%)  tps: 4,879  tflops: 0.15  mfu: 0.04%
[rank0]:[titan] 2026-08-13 22:57:45,028 - root - INFO - step: 839  loss:  2.77867  grad_norm:  0.4792  memory:  0.20GiB(0.32%)  tps: 4,445  tflops: 0.14  mfu: 0.04%
[rank0]:[titan] 2026-08-13 22:57:45,551 - root - INFO - step: 840  loss:  2.77917  grad_norm:  0.4515  memory:  0.20GiB(0.32%)  tps: 3,926  tflops: 0.12  mfu: 0.03%
[rank0]:[titan] 2026-08-13 22:57:45,990 - root - INFO - step: 841  loss:  2.82004  grad_norm:  0.5230  memory:  0.20GiB(0.32%)  tps: 4,684  tflops: 0.14  mfu: 0.04%
[rank0]:[titan] 2026-08-13 22:57:46,961 - root - INFO - step: 842  loss:  2.74833  grad_norm:  0.4719  memory:  0.20GiB(0.32%)  tps: 2,111  tflops: 0.06  mfu: 0.02%
[rank0]:[titan] 2026-08-13 22:57:48,187 - root - INFO - step: 843  loss:  2.78850  grad_norm:  0.4774  memory:  0.20GiB(0.32%)  tps: 1,672  tflops: 0.05  mfu: 0.01%
[rank0]:[titan] 2026-08-13 22:57:49,276 - root - INFO - step: 844  loss:  2.57346  grad_norm:  0.4279  memory:  0.20GiB(0.32%)  tps: 1,884  tflops: 0.06  mfu: 0.02%
[rank0]:[titan] 2026-08-13 22:57:50,219 - root - INFO - step: 845  loss:  2.73031  grad_norm:  0.5605  memory:  0.20GiB(0.32%)  tps: 2,174  tflops: 0.07  mfu: 0.02%
[rank0]:[titan] 2026-08-13 22:57:51,036 - root - INFO - step: 846  loss:  2.66953  grad_norm:  0.4926  memory:  0.20GiB(0.32%)  tps: 2,510  tflops: 0.08  mfu: 0.02%
[rank0]:[titan] 2026-08-13 22:57:51,611 - root - INFO - step: 847  loss:  2.74921  grad_norm:  0.6267  memory:  0.20GiB(0.32%)  tps: 3,574  tflops: 0.11  mfu: 0.03%
[rank0]:[titan] 2026-08-13 22:57:52,246 - root - INFO - step: 848  loss:  2.60054  grad_norm:  0.5710  memory:  0.20GiB(0.32%)  tps: 3,228  tflops: 0.10  mfu: 0.03%
[rank0]:[titan] 2026-08-13 22:57:52,937 - root - INFO - step: 849  loss:  2.59631  grad_norm:  0.6372  memory:  0.20GiB(0.32%)  tps: 2,972  tflops: 0.09  mfu: 0.03%
[rank0]:[titan] 2026-08-13 22:57:52,940 - root - INFO - [GC] Performing periodic GC collection took 0.00 seconds
[rank0]:[titan] 2026-08-13 22:57:53,627 - root - INFO - step: 850  loss:  2.60314  grad_norm:  0.4123  memory:  0.20GiB(0.32%)  tps: 2,974  tflops: 0.09  mfu: 0.03%
[rank0]:[titan] 2026-08-13 22:57:54,500 - root - INFO - step: 851  loss:  2.70738  grad_norm:  0.4048  memory:  0.20GiB(0.32%)  tps: 2,347  tflops: 0.07  mfu: 0.02%
[rank0]:[titan] 2026-08-13 22:57:55,309 - root - INFO - step: 852  loss:  2.67053  grad_norm:  0.7527  memory:  0.20GiB(0.32%)  tps: 2,536  tflops: 0.08  mfu: 0.02%
[rank0]:[titan] 2026-08-13 22:57:55,885 - root - INFO - step: 853  loss:  2.71330  grad_norm:  0.7421  memory:  0.20GiB(0.32%)  tps: 3,567  tflops: 0.11  mfu: 0.03%
[rank0]:[titan] 2026-08-13 22:57:56,309 - root - INFO - step: 854  loss:  2.73766  grad_norm:  0.5170  memory:  0.20GiB(0.32%)  tps: 4,838  tflops: 0.15  mfu: 0.04%
[rank0]:[titan] 2026-08-13 22:57:56,751 - root - INFO - step: 855  loss:  2.83161  grad_norm:  0.5251  memory:  0.20GiB(0.32%)  tps: 4,654  tflops: 0.14  mfu: 0.04%
[rank0]:[titan] 2026-08-13 22:57:57,188 - root - INFO - step: 856  loss:  2.78531  grad_norm:  0.6665  memory:  0.20GiB(0.32%)  tps: 4,702  tflops: 0.14  mfu: 0.04%
[rank0]:[titan] 2026-08-13 22:57:57,616 - root - INFO - step: 857  loss:  2.79979  grad_norm:  0.6430  memory:  0.20GiB(0.32%)  tps: 4,791  tflops: 0.15  mfu: 0.04%
[rank0]:[titan] 2026-08-13 22:57:58,048 - root - INFO - step: 858  loss:  2.78343  grad_norm:  0.6431  memory:  0.20GiB(0.32%)  tps: 4,755  tflops: 0.14  mfu: 0.04%
[rank0]:[titan] 2026-08-13 22:57:58,472 - root - INFO - step: 859  loss:  2.80292  grad_norm:  0.6494  memory:  0.20GiB(0.32%)  tps: 4,848  tflops: 0.15  mfu: 0.04%
[rank0]:[titan] 2026-08-13 22:57:58,906 - root - INFO - step: 860  loss:  2.96753  grad_norm:  0.7812  memory:  0.20GiB(0.32%)  tps: 4,734  tflops: 0.14  mfu: 0.04%
[rank0]:[titan] 2026-08-13 22:57:59,340 - root - INFO - step: 861  loss:  3.21065  grad_norm:  1.3373  memory:  0.20GiB(0.32%)  tps: 4,733  tflops: 0.14  mfu: 0.04%
[rank0]:[titan] 2026-08-13 22:57:59,771 - root - INFO - step: 862  loss:  3.10299  grad_norm:  1.4905  memory:  0.20GiB(0.32%)  tps: 4,762  tflops: 0.14  mfu: 0.04%
[rank0]:[titan] 2026-08-13 22:58:00,200 - root - INFO - step: 863  loss:  3.11463  grad_norm:  1.5692  memory:  0.20GiB(0.32%)  tps: 4,793  tflops: 0.15  mfu: 0.04%
[rank0]:[titan] 2026-08-13 22:58:00,636 - root - INFO - step: 864  loss:  3.02443  grad_norm:  0.6928  memory:  0.20GiB(0.32%)  tps: 4,706  tflops: 0.14  mfu: 0.04%
[rank0]:[titan] 2026-08-13 22:58:01,067 - root - INFO - step: 865  loss:  2.66856  grad_norm:  0.6999  memory:  0.20GiB(0.32%)  tps: 4,766  tflops: 0.14  mfu: 0.04%
[rank0]:[titan] 2026-08-13 22:58:01,490 - root - INFO - step: 866  loss:  2.72997  grad_norm:  0.5684  memory:  0.20GiB(0.32%)  tps: 4,853  tflops: 0.15  mfu: 0.04%
[rank0]:[titan] 2026-08-13 22:58:01,912 - root - INFO - step: 867  loss:  2.68897  grad_norm:  0.7654  memory:  0.20GiB(0.32%)  tps: 4,875  tflops: 0.15  mfu: 0.04%
[rank0]:[titan] 2026-08-13 22:58:02,368 - root - INFO - step: 868  loss:  2.72449  grad_norm:  0.8303  memory:  0.20GiB(0.32%)  tps: 4,496  tflops: 0.14  mfu: 0.04%
[rank0]:[titan] 2026-08-13 22:58:02,847 - root - INFO - step: 869  loss:  2.67247  grad_norm:  0.6169  memory:  0.20GiB(0.32%)  tps: 4,294  tflops: 0.13  mfu: 0.04%
[rank0]:[titan] 2026-08-13 22:58:03,278 - root - INFO - step: 870  loss:  2.79824  grad_norm:  0.6382  memory:  0.20GiB(0.32%)  tps: 4,759  tflops: 0.14  mfu: 0.04%
[rank0]:[titan] 2026-08-13 22:58:04,450 - root - INFO - step: 871  loss:  2.72704  grad_norm:  0.7980  memory:  0.20GiB(0.32%)  tps: 1,749  tflops: 0.05  mfu: 0.02%
[rank0]:[titan] 2026-08-13 22:58:05,729 - root - INFO - step: 872  loss:  2.71195  grad_norm:  0.8337  memory:  0.20GiB(0.32%)  tps: 1,603  tflops: 0.05  mfu: 0.01%
[rank0]:[titan] 2026-08-13 22:58:06,876 - root - INFO - step: 873  loss:  2.73744  grad_norm:  0.6156  memory:  0.20GiB(0.32%)  tps: 1,787  tflops: 0.05  mfu: 0.02%
[rank0]:[titan] 2026-08-13 22:58:07,682 - root - INFO - step: 874  loss:  2.65001  grad_norm:  0.4300  memory:  0.20GiB(0.32%)  tps: 2,547  tflops: 0.08  mfu: 0.02%
[rank0]:[titan] 2026-08-13 22:58:08,375 - root - INFO - step: 875  loss:  2.75838  grad_norm:  0.5589  memory:  0.20GiB(0.32%)  tps: 2,961  tflops: 0.09  mfu: 0.03%
[rank0]:[titan] 2026-08-13 22:58:09,005 - root - INFO - step: 876  loss:  2.76219  grad_norm:  0.6169  memory:  0.20GiB(0.32%)  tps: 3,258  tflops: 0.10  mfu: 0.03%
[rank0]:[titan] 2026-08-13 22:58:09,515 - root - INFO - step: 877  loss:  2.74285  grad_norm:  0.5632  memory:  0.20GiB(0.32%)  tps: 4,024  tflops: 0.12  mfu: 0.03%
[rank0]:[titan] 2026-08-13 22:58:10,257 - root - INFO - step: 878  loss:  2.92477  grad_norm:  0.7643  memory:  0.20GiB(0.32%)  tps: 2,767  tflops: 0.08  mfu: 0.02%
[rank0]:[titan] 2026-08-13 22:58:10,963 - root - INFO - step: 879  loss:  3.09927  grad_norm:  1.0763  memory:  0.20GiB(0.32%)  tps: 2,906  tflops: 0.09  mfu: 0.02%
[rank0]:[titan] 2026-08-13 22:58:11,766 - root - INFO - step: 880  loss:  2.83034  grad_norm:  0.4869  memory:  0.20GiB(0.32%)  tps: 2,555  tflops: 0.08  mfu: 0.02%
[rank0]:[titan] 2026-08-13 22:58:12,475 - root - INFO - step: 881  loss:  2.88954  grad_norm:  0.5580  memory:  0.20GiB(0.32%)  tps: 2,893  tflops: 0.09  mfu: 0.02%
[rank0]:[titan] 2026-08-13 22:58:13,000 - root - INFO - step: 882  loss:  2.72653  grad_norm:  0.6574  memory:  0.20GiB(0.32%)  tps: 3,910  tflops: 0.12  mfu: 0.03%
[rank0]:[titan] 2026-08-13 22:58:13,436 - root - INFO - step: 883  loss:  2.74989  grad_norm:  0.5627  memory:  0.20GiB(0.32%)  tps: 4,718  tflops: 0.14  mfu: 0.04%
[rank0]:[titan] 2026-08-13 22:58:13,869 - root - INFO - step: 884  loss:  2.83051  grad_norm:  0.5167  memory:  0.20GiB(0.32%)  tps: 4,746  tflops: 0.14  mfu: 0.04%
[rank0]:[titan] 2026-08-13 22:58:14,295 - root - INFO - step: 885  loss:  2.74575  grad_norm:  0.5249  memory:  0.20GiB(0.32%)  tps: 4,817  tflops: 0.15  mfu: 0.04%
[rank0]:[titan] 2026-08-13 22:58:14,738 - root - INFO - step: 886  loss:  2.64525  grad_norm:  0.3447  memory:  0.20GiB(0.32%)  tps: 4,644  tflops: 0.14  mfu: 0.04%
[rank0]:[titan] 2026-08-13 22:58:15,177 - root - INFO - step: 887  loss:  2.67228  grad_norm:  0.4910  memory:  0.20GiB(0.32%)  tps: 4,674  tflops: 0.14  mfu: 0.04%
[rank0]:[titan] 2026-08-13 22:58:15,618 - root - INFO - step: 888  loss:  2.73460  grad_norm:  0.4364  memory:  0.20GiB(0.32%)  tps: 4,667  tflops: 0.14  mfu: 0.04%
[rank0]:[titan] 2026-08-13 22:58:16,053 - root - INFO - step: 889  loss:  2.76219  grad_norm:  0.4328  memory:  0.20GiB(0.32%)  tps: 4,721  tflops: 0.14  mfu: 0.04%
[rank0]:[titan] 2026-08-13 22:58:16,490 - root - INFO - step: 890  loss:  2.74682  grad_norm:  0.4666  memory:  0.20GiB(0.32%)  tps: 4,704  tflops: 0.14  mfu: 0.04%
[rank0]:[titan] 2026-08-13 22:58:16,932 - root - INFO - step: 891  loss:  2.72339  grad_norm:  0.4986  memory:  0.20GiB(0.32%)  tps: 4,643  tflops: 0.14  mfu: 0.04%
[rank0]:[titan] 2026-08-13 22:58:17,373 - root - INFO - step: 892  loss:  2.84406  grad_norm:  0.4724  memory:  0.20GiB(0.32%)  tps: 4,656  tflops: 0.14  mfu: 0.04%
[rank0]:[titan] 2026-08-13 22:58:17,811 - root - INFO - step: 893  loss:  2.62219  grad_norm:  0.5649  memory:  0.20GiB(0.32%)  tps: 4,695  tflops: 0.14  mfu: 0.04%
[rank0]:[titan] 2026-08-13 22:58:18,246 - root - INFO - step: 894  loss:  2.64738  grad_norm:  0.4122  memory:  0.20GiB(0.32%)  tps: 4,712  tflops: 0.14  mfu: 0.04%
[rank0]:[titan] 2026-08-13 22:58:18,718 - root - INFO - step: 895  loss:  2.78287  grad_norm:  0.3484  memory:  0.20GiB(0.32%)  tps: 4,357  tflops: 0.13  mfu: 0.04%
[rank0]:[titan] 2026-08-13 22:58:19,190 - root - INFO - step: 896  loss:  2.69000  grad_norm:  0.4580  memory:  0.20GiB(0.32%)  tps: 4,346  tflops: 0.13  mfu: 0.04%
[rank0]:[titan] 2026-08-13 22:58:19,627 - root - INFO - step: 897  loss:  2.61519  grad_norm:  0.4623  memory:  0.20GiB(0.32%)  tps: 4,706  tflops: 0.14  mfu: 0.04%
[rank0]:[titan] 2026-08-13 22:58:20,898 - root - INFO - step: 898  loss:  2.66162  grad_norm:  0.8458  memory:  0.20GiB(0.32%)  tps: 1,612  tflops: 0.05  mfu: 0.01%
[rank0]:[titan] 2026-08-13 22:58:22,264 - root - INFO - step: 899  loss:  2.51689  grad_norm:  0.6180  memory:  0.20GiB(0.32%)  tps: 1,501  tflops: 0.05  mfu: 0.01%
[rank0]:[titan] 2026-08-13 22:58:22,267 - root - INFO - [GC] Performing periodic GC collection took 0.00 seconds
[rank0]:[titan] 2026-08-13 22:58:23,390 - root - INFO - step: 900  loss:  2.57531  grad_norm:  0.4388  memory:  0.20GiB(0.32%)  tps: 1,820  tflops: 0.06  mfu: 0.02%
[rank0]:[titan] 2026-08-13 22:58:24,410 - root - INFO - step: 901  loss:  2.67468  grad_norm:  0.4665  memory:  0.20GiB(0.32%)  tps: 2,012  tflops: 0.06  mfu: 0.02%
[rank0]:[titan] 2026-08-13 22:58:25,234 - root - INFO - step: 902  loss:  2.68011  grad_norm:  0.4946  memory:  0.20GiB(0.32%)  tps: 2,489  tflops: 0.08  mfu: 0.02%
[rank0]:[titan] 2026-08-13 22:58:25,888 - root - INFO - step: 903  loss:  2.63970  grad_norm:  0.6775  memory:  0.20GiB(0.32%)  tps: 3,135  tflops: 0.10  mfu: 0.03%
[rank0]:[titan] 2026-08-13 22:58:26,545 - root - INFO - step: 904  loss:  2.73590  grad_norm:  0.4497  memory:  0.20GiB(0.32%)  tps: 3,124  tflops: 0.10  mfu: 0.03%
[rank0]:[titan] 2026-08-13 22:58:27,370 - root - INFO - step: 905  loss:  2.74682  grad_norm:  0.6909  memory:  0.20GiB(0.32%)  tps: 2,487  tflops: 0.08  mfu: 0.02%
[rank0]:[titan] 2026-08-13 22:58:28,139 - root - INFO - step: 906  loss:  2.67044  grad_norm:  0.7313  memory:  0.20GiB(0.32%)  tps: 2,669  tflops: 0.08  mfu: 0.02%
[rank0]:[titan] 2026-08-13 22:58:28,950 - root - INFO - step: 907  loss:  2.63315  grad_norm:  0.9076  memory:  0.20GiB(0.32%)  tps: 2,527  tflops: 0.08  mfu: 0.02%
[rank0]:[titan] 2026-08-13 22:58:29,531 - root - INFO - step: 908  loss:  2.67986  grad_norm:  0.5821  memory:  0.20GiB(0.32%)  tps: 3,535  tflops: 0.11  mfu: 0.03%
[rank0]:[titan] 2026-08-13 22:58:29,955 - root - INFO - step: 909  loss:  2.68926  grad_norm:  0.5592  memory:  0.20GiB(0.32%)  tps: 4,845  tflops: 0.15  mfu: 0.04%
[rank0]:[titan] 2026-08-13 22:58:30,389 - root - INFO - step: 910  loss:  2.67346  grad_norm:  0.5734  memory:  0.20GiB(0.32%)  tps: 4,734  tflops: 0.14  mfu: 0.04%
[rank0]:[titan] 2026-08-13 22:58:30,806 - root - INFO - step: 911  loss:  2.66792  grad_norm:  0.6237  memory:  0.20GiB(0.32%)  tps: 4,928  tflops: 0.15  mfu: 0.04%
[rank0]:[titan] 2026-08-13 22:58:31,224 - root - INFO - step: 912  loss:  2.65937  grad_norm:  0.7460  memory:  0.20GiB(0.32%)  tps: 4,910  tflops: 0.15  mfu: 0.04%
[rank0]:[titan] 2026-08-13 22:58:31,645 - root - INFO - step: 913  loss:  2.64448  grad_norm:  0.5098  memory:  0.20GiB(0.32%)  tps: 4,888  tflops: 0.15  mfu: 0.04%
[rank0]:[titan] 2026-08-13 22:58:32,072 - root - INFO - step: 914  loss:  2.71779  grad_norm:  0.4197  memory:  0.20GiB(0.32%)  tps: 4,807  tflops: 0.15  mfu: 0.04%
[rank0]:[titan] 2026-08-13 22:58:32,502 - root - INFO - step: 915  loss:  2.73722  grad_norm:  0.5347  memory:  0.20GiB(0.32%)  tps: 4,784  tflops: 0.15  mfu: 0.04%
[rank0]:[titan] 2026-08-13 22:58:32,930 - root - INFO - step: 916  loss:  2.76570  grad_norm:  0.3871  memory:  0.20GiB(0.32%)  tps: 4,792  tflops: 0.15  mfu: 0.04%
[rank0]:[titan] 2026-08-13 22:58:33,353 - root - INFO - step: 917  loss:  2.48857  grad_norm:  0.6904  memory:  0.20GiB(0.32%)  tps: 4,862  tflops: 0.15  mfu: 0.04%
[rank0]:[titan] 2026-08-13 22:58:33,782 - root - INFO - step: 918  loss:  2.60191  grad_norm:  0.3721  memory:  0.20GiB(0.32%)  tps: 4,788  tflops: 0.15  mfu: 0.04%
[rank0]:[titan] 2026-08-13 22:58:34,208 - root - INFO - step: 919  loss:  2.68679  grad_norm:  0.5236  memory:  0.20GiB(0.32%)  tps: 4,827  tflops: 0.15  mfu: 0.04%
[rank0]:[titan] 2026-08-13 22:58:34,630 - root - INFO - step: 920  loss:  2.70030  grad_norm:  0.4891  memory:  0.20GiB(0.32%)  tps: 4,872  tflops: 0.15  mfu: 0.04%
[rank0]:[titan] 2026-08-13 22:58:35,063 - root - INFO - step: 921  loss:  2.55454  grad_norm:  0.5158  memory:  0.20GiB(0.32%)  tps: 4,740  tflops: 0.14  mfu: 0.04%
[rank0]:[titan] 2026-08-13 22:58:35,484 - root - INFO - step: 922  loss:  2.52039  grad_norm:  0.4144  memory:  0.20GiB(0.32%)  tps: 4,875  tflops: 0.15  mfu: 0.04%
[rank0]:[titan] 2026-08-13 22:58:35,912 - root - INFO - step: 923  loss:  2.67514  grad_norm:  0.4220  memory:  0.20GiB(0.32%)  tps: 4,806  tflops: 0.15  mfu: 0.04%
[rank0]:[titan] 2026-08-13 22:58:36,330 - root - INFO - step: 924  loss:  2.68774  grad_norm:  0.5530  memory:  0.20GiB(0.32%)  tps: 4,918  tflops: 0.15  mfu: 0.04%
[rank0]:[titan] 2026-08-13 22:58:36,754 - root - INFO - step: 925  loss:  2.64378  grad_norm:  0.4199  memory:  0.20GiB(0.32%)  tps: 4,839  tflops: 0.15  mfu: 0.04%
[rank0]:[titan] 2026-08-13 22:58:37,180 - root - INFO - step: 926  loss:  2.76800  grad_norm:  0.9102  memory:  0.20GiB(0.32%)  tps: 4,821  tflops: 0.15  mfu: 0.04%
[rank0]:[titan] 2026-08-13 22:58:37,647 - root - INFO - step: 927  loss:  2.74456  grad_norm:  0.5895  memory:  0.20GiB(0.32%)  tps: 4,397  tflops: 0.13  mfu: 0.04%
[rank0]:[titan] 2026-08-13 22:58:38,111 - root - INFO - step: 928  loss:  2.64520  grad_norm:  0.6598  memory:  0.20GiB(0.32%)  tps: 4,429  tflops: 0.13  mfu: 0.04%
[rank0]:[titan] 2026-08-13 22:58:38,548 - root - INFO - step: 929  loss:  2.63517  grad_norm:  0.4809  memory:  0.20GiB(0.32%)  tps: 4,703  tflops: 0.14  mfu: 0.04%
[rank0]:[titan] 2026-08-13 22:58:39,893 - root - INFO - step: 930  loss:  2.58446  grad_norm:  0.6503  memory:  0.20GiB(0.32%)  tps: 1,524  tflops: 0.05  mfu: 0.01%
[rank0]:[titan] 2026-08-13 22:58:41,177 - root - INFO - step: 931  loss:  2.64710  grad_norm:  0.5939  memory:  0.20GiB(0.32%)  tps: 1,597  tflops: 0.05  mfu: 0.01%
[rank0]:[titan] 2026-08-13 22:58:42,093 - root - INFO - step: 932  loss:  2.64941  grad_norm:  0.4872  memory:  0.20GiB(0.32%)  tps: 2,237  tflops: 0.07  mfu: 0.02%
[rank0]:[titan] 2026-08-13 22:58:42,974 - root - INFO - step: 933  loss:  2.59764  grad_norm:  0.3797  memory:  0.20GiB(0.32%)  tps: 2,329  tflops: 0.07  mfu: 0.02%
[rank0]:[titan] 2026-08-13 22:58:43,674 - root - INFO - step: 934  loss:  2.60490  grad_norm:  0.6475  memory:  0.20GiB(0.32%)  tps: 2,929  tflops: 0.09  mfu: 0.03%
[rank0]:[titan] 2026-08-13 22:58:44,500 - root - INFO - step: 935  loss:  3.06373  grad_norm:  0.7654  memory:  0.20GiB(0.32%)  tps: 2,484  tflops: 0.08  mfu: 0.02%
[rank0]:[titan] 2026-08-13 22:58:45,199 - root - INFO - step: 936  loss:  2.71549  grad_norm:  0.6093  memory:  0.20GiB(0.32%)  tps: 2,938  tflops: 0.09  mfu: 0.03%
[rank0]:[titan] 2026-08-13 22:58:46,009 - root - INFO - step: 937  loss:  2.53343  grad_norm:  0.6010  memory:  0.20GiB(0.32%)  tps: 2,532  tflops: 0.08  mfu: 0.02%
[rank0]:[titan] 2026-08-13 22:58:46,787 - root - INFO - step: 938  loss:  2.59559  grad_norm:  0.5642  memory:  0.20GiB(0.32%)  tps: 2,637  tflops: 0.08  mfu: 0.02%
[rank0]:[titan] 2026-08-13 22:58:47,603 - root - INFO - step: 939  loss:  2.58968  grad_norm:  0.7949  memory:  0.20GiB(0.32%)  tps: 2,514  tflops: 0.08  mfu: 0.02%
[rank0]:[titan] 2026-08-13 22:58:48,325 - root - INFO - step: 940  loss:  2.58627  grad_norm:  0.8120  memory:  0.20GiB(0.32%)  tps: 2,842  tflops: 0.09  mfu: 0.02%
[rank0]:[titan] 2026-08-13 22:58:48,777 - root - INFO - step: 941  loss:  2.63972  grad_norm:  0.7149  memory:  0.20GiB(0.32%)  tps: 4,539  tflops: 0.14  mfu: 0.04%
[rank0]:[titan] 2026-08-13 22:58:49,210 - root - INFO - step: 942  loss:  2.69892  grad_norm:  0.4246  memory:  0.20GiB(0.32%)  tps: 4,741  tflops: 0.14  mfu: 0.04%
[rank0]:[titan] 2026-08-13 22:58:49,636 - root - INFO - step: 943  loss:  2.62323  grad_norm:  0.6670  memory:  0.20GiB(0.32%)  tps: 4,829  tflops: 0.15  mfu: 0.04%
[rank0]:[titan] 2026-08-13 22:58:50,070 - root - INFO - step: 944  loss:  2.75289  grad_norm:  0.4589  memory:  0.20GiB(0.32%)  tps: 4,733  tflops: 0.14  mfu: 0.04%
[rank0]:[titan] 2026-08-13 22:58:50,494 - root - INFO - step: 945  loss:  2.78939  grad_norm:  0.7137  memory:  0.20GiB(0.32%)  tps: 4,840  tflops: 0.15  mfu: 0.04%
[rank0]:[titan] 2026-08-13 22:58:50,917 - root - INFO - step: 946  loss:  2.73262  grad_norm:  0.6214  memory:  0.20GiB(0.32%)  tps: 4,858  tflops: 0.15  mfu: 0.04%
[rank0]:[titan] 2026-08-13 22:58:51,344 - root - INFO - step: 947  loss:  2.69450  grad_norm:  0.6633  memory:  0.20GiB(0.32%)  tps: 4,812  tflops: 0.15  mfu: 0.04%
[rank0]:[titan] 2026-08-13 22:58:51,771 - root - INFO - step: 948  loss:  2.76186  grad_norm:  0.6281  memory:  0.20GiB(0.32%)  tps: 4,818  tflops: 0.15  mfu: 0.04%
[rank0]:[titan] 2026-08-13 22:58:52,193 - root - INFO - step: 949  loss:  2.79183  grad_norm:  0.6969  memory:  0.20GiB(0.32%)  tps: 4,863  tflops: 0.15  mfu: 0.04%
[rank0]:[titan] 2026-08-13 22:58:52,197 - root - INFO - [GC] Performing periodic GC collection took 0.00 seconds
[rank0]:[titan] 2026-08-13 22:58:52,620 - root - INFO - step: 950  loss:  2.83418  grad_norm:  0.5694  memory:  0.20GiB(0.32%)  tps: 4,811  tflops: 0.15  mfu: 0.04%
[rank0]:[titan] 2026-08-13 22:58:53,056 - root - INFO - step: 951  loss:  2.69283  grad_norm:  0.4833  memory:  0.20GiB(0.32%)  tps: 4,714  tflops: 0.14  mfu: 0.04%
[rank0]:[titan] 2026-08-13 22:58:53,490 - root - INFO - step: 952  loss:  2.60607  grad_norm:  0.4394  memory:  0.20GiB(0.32%)  tps: 4,737  tflops: 0.14  mfu: 0.04%
[rank0]:[titan] 2026-08-13 22:58:53,919 - root - INFO - step: 953  loss:  2.63029  grad_norm:  0.3913  memory:  0.20GiB(0.32%)  tps: 4,794  tflops: 0.15  mfu: 0.04%
[rank0]:[titan] 2026-08-13 22:58:54,346 - root - INFO - step: 954  loss:  2.69588  grad_norm:  0.4019  memory:  0.20GiB(0.32%)  tps: 4,801  tflops: 0.15  mfu: 0.04%
[rank0]:[titan] 2026-08-13 22:58:54,811 - root - INFO - step: 955  loss:  2.67556  grad_norm:  0.6606  memory:  0.20GiB(0.32%)  tps: 4,424  tflops: 0.13  mfu: 0.04%
[rank0]:[titan] 2026-08-13 22:58:55,316 - root - INFO - step: 956  loss:  2.62557  grad_norm:  0.6476  memory:  0.20GiB(0.32%)  tps: 4,065  tflops: 0.12  mfu: 0.03%
[rank0]:[titan] 2026-08-13 22:58:55,750 - root - INFO - step: 957  loss:  2.57264  grad_norm:  0.5698  memory:  0.20GiB(0.32%)  tps: 4,736  tflops: 0.14  mfu: 0.04%
[rank0]:[titan] 2026-08-13 22:58:56,798 - root - INFO - step: 958  loss:  2.57017  grad_norm:  0.5659  memory:  0.20GiB(0.32%)  tps: 1,955  tflops: 0.06  mfu: 0.02%
[rank0]:[titan] 2026-08-13 22:58:58,246 - root - INFO - step: 959  loss:  2.73512  grad_norm:  0.4673  memory:  0.20GiB(0.32%)  tps: 1,416  tflops: 0.04  mfu: 0.01%
[rank0]:[titan] 2026-08-13 22:58:59,442 - root - INFO - step: 960  loss:  2.67259  grad_norm:  0.5076  memory:  0.20GiB(0.32%)  tps: 1,714  tflops: 0.05  mfu: 0.01%
[rank0]:[titan] 2026-08-13 22:59:00,315 - root - INFO - step: 961  loss:  2.65252  grad_norm:  0.4814  memory:  0.20GiB(0.32%)  tps: 2,350  tflops: 0.07  mfu: 0.02%
[rank0]:[titan] 2026-08-13 22:59:01,034 - root - INFO - step: 962  loss:  2.74140  grad_norm:  0.4754  memory:  0.20GiB(0.32%)  tps: 2,854  tflops: 0.09  mfu: 0.02%
[rank0]:[titan] 2026-08-13 22:59:01,652 - root - INFO - step: 963  loss:  2.62434  grad_norm:  0.5325  memory:  0.20GiB(0.32%)  tps: 3,322  tflops: 0.10  mfu: 0.03%
[rank0]:[titan] 2026-08-13 22:59:02,296 - root - INFO - step: 964  loss:  2.64004  grad_norm:  0.5087  memory:  0.20GiB(0.32%)  tps: 3,187  tflops: 0.10  mfu: 0.03%
[rank0]:[titan] 2026-08-13 22:59:02,978 - root - INFO - step: 965  loss:  2.61278  grad_norm:  0.4998  memory:  0.20GiB(0.32%)  tps: 3,006  tflops: 0.09  mfu: 0.03%
[rank0]:[titan] 2026-08-13 22:59:03,783 - root - INFO - step: 966  loss:  2.82191  grad_norm:  0.4929  memory:  0.20GiB(0.32%)  tps: 2,551  tflops: 0.08  mfu: 0.02%
[rank0]:[titan] 2026-08-13 22:59:04,488 - root - INFO - step: 967  loss:  2.67115  grad_norm:  0.5766  memory:  0.20GiB(0.32%)  tps: 2,910  tflops: 0.09  mfu: 0.03%
[rank0]:[titan] 2026-08-13 22:59:05,252 - root - INFO - step: 968  loss:  2.60097  grad_norm:  0.8634  memory:  0.20GiB(0.32%)  tps: 2,683  tflops: 0.08  mfu: 0.02%
[rank0]:[titan] 2026-08-13 22:59:05,834 - root - INFO - step: 969  loss:  2.71250  grad_norm:  0.5317  memory:  0.20GiB(0.32%)  tps: 3,530  tflops: 0.11  mfu: 0.03%
[rank0]:[titan] 2026-08-13 22:59:06,263 - root - INFO - step: 970  loss:  2.69074  grad_norm:  0.5027  memory:  0.20GiB(0.32%)  tps: 4,785  tflops: 0.15  mfu: 0.04%
[rank0]:[titan] 2026-08-13 22:59:06,692 - root - INFO - step: 971  loss:  2.68197  grad_norm:  0.5005  memory:  0.20GiB(0.32%)  tps: 4,791  tflops: 0.15  mfu: 0.04%
[rank0]:[titan] 2026-08-13 22:59:07,149 - root - INFO - step: 972  loss:  2.69733  grad_norm:  0.4393  memory:  0.20GiB(0.32%)  tps: 4,491  tflops: 0.14  mfu: 0.04%
[rank0]:[titan] 2026-08-13 22:59:07,576 - root - INFO - step: 973  loss:  2.88340  grad_norm:  0.5010  memory:  0.20GiB(0.32%)  tps: 4,811  tflops: 0.15  mfu: 0.04%
[rank0]:[titan] 2026-08-13 22:59:08,009 - root - INFO - step: 974  loss:  2.93754  grad_norm:  0.4966  memory:  0.20GiB(0.32%)  tps: 4,748  tflops: 0.14  mfu: 0.04%
[rank0]:[titan] 2026-08-13 22:59:08,431 - root - INFO - step: 975  loss:  2.77924  grad_norm:  0.3875  memory:  0.20GiB(0.32%)  tps: 4,869  tflops: 0.15  mfu: 0.04%
[rank0]:[titan] 2026-08-13 22:59:08,864 - root - INFO - step: 976  loss:  2.64866  grad_norm:  0.3888  memory:  0.20GiB(0.32%)  tps: 4,742  tflops: 0.14  mfu: 0.04%
[rank0]:[titan] 2026-08-13 22:59:09,283 - root - INFO - step: 977  loss:  2.61919  grad_norm:  0.4515  memory:  0.20GiB(0.32%)  tps: 4,910  tflops: 0.15  mfu: 0.04%
[rank0]:[titan] 2026-08-13 22:59:09,711 - root - INFO - step: 978  loss:  2.69530  grad_norm:  0.5034  memory:  0.20GiB(0.32%)  tps: 4,802  tflops: 0.15  mfu: 0.04%
[rank0]:[titan] 2026-08-13 22:59:10,131 - root - INFO - step: 979  loss:  2.65676  grad_norm:  0.4395  memory:  0.20GiB(0.32%)  tps: 4,883  tflops: 0.15  mfu: 0.04%
[rank0]:[titan] 2026-08-13 22:59:10,554 - root - INFO - step: 980  loss:  2.66955  grad_norm:  0.5017  memory:  0.20GiB(0.32%)  tps: 4,861  tflops: 0.15  mfu: 0.04%
[rank0]:[titan] 2026-08-13 22:59:10,976 - root - INFO - step: 981  loss:  2.65650  grad_norm:  0.6033  memory:  0.20GiB(0.32%)  tps: 4,864  tflops: 0.15  mfu: 0.04%
[rank0]:[titan] 2026-08-13 22:59:11,404 - root - INFO - step: 982  loss:  2.62488  grad_norm:  0.5232  memory:  0.20GiB(0.32%)  tps: 4,808  tflops: 0.15  mfu: 0.04%
[rank0]:[titan] 2026-08-13 22:59:11,820 - root - INFO - step: 983  loss:  2.56243  grad_norm:  0.5716  memory:  0.20GiB(0.32%)  tps: 4,932  tflops: 0.15  mfu: 0.04%
[rank0]:[titan] 2026-08-13 22:59:12,284 - root - INFO - step: 984  loss:  2.62867  grad_norm:  0.5053  memory:  0.20GiB(0.32%)  tps: 4,422  tflops: 0.13  mfu: 0.04%
[rank0]:[titan] 2026-08-13 22:59:12,764 - root - INFO - step: 985  loss:  2.65439  grad_norm:  0.6132  memory:  0.20GiB(0.32%)  tps: 4,283  tflops: 0.13  mfu: 0.04%
[rank0]:[titan] 2026-08-13 22:59:13,197 - root - INFO - step: 986  loss:  2.64573  grad_norm:  0.5661  memory:  0.20GiB(0.32%)  tps: 4,744  tflops: 0.14  mfu: 0.04%
[rank0]:[titan] 2026-08-13 22:59:14,170 - root - INFO - step: 987  loss:  2.79789  grad_norm:  0.6524  memory:  0.20GiB(0.32%)  tps: 2,109  tflops: 0.06  mfu: 0.02%
[rank0]:[titan] 2026-08-13 22:59:15,392 - root - INFO - step: 988  loss:  2.71353  grad_norm:  0.4978  memory:  0.20GiB(0.32%)  tps: 1,677  tflops: 0.05  mfu: 0.01%
[rank0]:[titan] 2026-08-13 22:59:16,608 - root - INFO - step: 989  loss:  2.84400  grad_norm:  0.5461  memory:  0.20GiB(0.32%)  tps: 1,686  tflops: 0.05  mfu: 0.01%
[rank0]:[titan] 2026-08-13 22:59:17,662 - root - INFO - step: 990  loss:  2.77125  grad_norm:  0.5302  memory:  0.20GiB(0.32%)  tps: 1,945  tflops: 0.06  mfu: 0.02%
[rank0]:[titan] 2026-08-13 22:59:18,474 - root - INFO - step: 991  loss:  2.73357  grad_norm:  0.5219  memory:  0.20GiB(0.32%)  tps: 2,526  tflops: 0.08  mfu: 0.02%
[rank0]:[titan] 2026-08-13 22:59:19,302 - root - INFO - step: 992  loss:  2.68770  grad_norm:  0.5313  memory:  0.20GiB(0.32%)  tps: 2,479  tflops: 0.08  mfu: 0.02%
[rank0]:[titan] 2026-08-13 22:59:19,943 - root - INFO - step: 993  loss:  2.66294  grad_norm:  0.3629  memory:  0.20GiB(0.32%)  tps: 3,204  tflops: 0.10  mfu: 0.03%
[rank0]:[titan] 2026-08-13 22:59:20,625 - root - INFO - step: 994  loss:  3.02168  grad_norm:  0.9687  memory:  0.20GiB(0.32%)  tps: 3,005  tflops: 0.09  mfu: 0.03%
[rank0]:[titan] 2026-08-13 22:59:21,327 - root - INFO - step: 995  loss:  2.71454  grad_norm:  0.5259  memory:  0.20GiB(0.32%)  tps: 2,926  tflops: 0.09  mfu: 0.03%
[rank0]:[titan] 2026-08-13 22:59:22,142 - root - INFO - step: 996  loss:  2.85886  grad_norm:  0.5571  memory:  0.20GiB(0.32%)  tps: 2,518  tflops: 0.08  mfu: 0.02%
[rank0]:[titan] 2026-08-13 22:59:22,972 - root - INFO - step: 997  loss:  2.81630  grad_norm:  0.5023  memory:  0.20GiB(0.32%)  tps: 2,470  tflops: 0.08  mfu: 0.02%
[rank0]:[titan] 2026-08-13 22:59:23,427 - root - INFO - step: 998  loss:  2.75382  grad_norm:  0.5668  memory:  0.20GiB(0.32%)  tps: 4,515  tflops: 0.14  mfu: 0.04%
[rank0]:[titan] 2026-08-13 22:59:23,859 - root - INFO - step: 999  loss:  2.68648  grad_norm:  0.4615  memory:  0.20GiB(0.32%)  tps: 4,749  tflops: 0.14  mfu: 0.04%
[rank0]:[titan] 2026-08-13 22:59:23,863 - root - INFO - [GC] Performing periodic GC collection took 0.00 seconds
[rank0]:[titan] 2026-08-13 22:59:24,295 - root - INFO - step: 1000  loss:  2.69432  grad_norm:  0.4941  memory:  0.20GiB(0.32%)  tps: 4,718  tflops: 0.14  mfu: 0.04%
[rank0]:[titan] 2026-08-13 22:59:24,296 - root - INFO - Sleeping 2 seconds for other ranks to complete
[rank0]:[titan] 2026-08-13 22:59:26,296 - root - INFO - Training completed
[rank0]:[titan] 2026-08-13 22:59:26,297 - root - INFO - Destroying the purge thread.
[rank0]:[titan] 2026-08-13 22:59:26,299 - root - INFO - Process group destroyed
