Command: /root/miniconda3/envs/torchtitan/bin/torchrun --nnodes=1 --node_rank=0 --nproc_per_node=1 --rdzv_backend=c10d --rdzv_endpoint=localhost:0 --rdzv_id=glm5-2-gpu-npu-training-migration-cuda-single-vs-npu-single-mixed-bfloat16-random-seed-steps1000-global-batch16-seq128-seed61 --local-ranks-filter=0 --role=rank --tee=3 -m tests.glm5_2_precision.capture_metrics --module glm5 --config glm5_debugmodel --dump_folder=/workspace/y50064852_yyb/torchtitan-test/precision_runs/glm5-2-gpu-npu-training-migration-cuda-single-vs-npu-single-mixed-bfloat16-random-seed-steps1000-global-batch16-seq128-seed61/candidate-npu-candidate-single-run-2/trainer_output --training.steps=1000 --training.local_batch_size=2 --training.global_batch_size=16 --training.seq_len=128 --training.dtype=float32 --training.mixed_precision_param=bfloat16 --training.mixed_precision_reduce=float32 --debug.seed=61 --metrics.log_freq=1 --metrics.enable_tensorboard --metrics.disable_color_printing --metrics.save_tb_folder=tensorboard --debug.deterministic --parallelism.data_parallel_replicate_degree=1 --parallelism.data_parallel_shard_degree=1 --parallelism.tensor_parallel_degree=1 --parallelism.pipeline_parallel_degree=1 --parallelism.expert_parallel_degree=1 --checkpoint.enable --checkpoint.load_only --checkpoint.initial_load_path=/workspace/y50064852_yyb/torchtitan-test/precision_fixtures/glm5-2-gpu-npu-training-migration-cuda-single-vs-npu-single-mixed-bfloat16-random-seed-steps1000-global-batch16-seq128-seed61/seed_generation/checkpoint/step-0

[rank0]:W0813 22:59:48.598000 164008 site-packages/torch/utils/_pytree.py:630] <enum 'KernelPreference'> is an Enum subclass and is now natively supported by torch.compile as an opaque value type. Calling register_constant() on Enum subclasses is deprecated and will be an error in a future release.
[rank0]:W0813 22:59:48.745000 164008 site-packages/torch/utils/_pytree.py:630] <enum 'ScaleCalculationMode'> is an Enum subclass and is now natively supported by torch.compile as an opaque value type. Calling register_constant() on Enum subclasses is deprecated and will be an error in a future release.
[rank0]:I0813 22:59:50.365000 164008 site-packages/torch_npu/utils/patch_getenv.py:15] get env RANK = 0
[rank0]:I0813 22:59:50.367000 164008 site-packages/torch_npu/utils/patch_getenv.py:15] get env LOCAL_RANK = 0
[rank0]:I0813 22:59:51.526000 164008 site-packages/torch_npu/utils/patch_getenv.py:15] get env WORLD_SIZE = 1
[rank0]:I0813 22:59:51.526000 164008 site-packages/torch_npu/utils/patch_getenv.py:15] get env MASTER_ADDR = localhost.localdomain
[rank0]:I0813 22:59:51.526000 164008 site-packages/torch_npu/utils/patch_getenv.py:15] get env MASTER_PORT = 37125
[rank0]:I0813 22:59:51.526000 164008 site-packages/torch_npu/utils/patch_getenv.py:15] get env TORCHELASTIC_USE_AGENT_STORE = True
[rank0]:[W813 22:59:51.013781050 ProcessGroupHCCL.cpp:1235] Warning: The watchdog timeout 300000ms(which is set by init_process_group) is less than or equal to HCCL execution timeout 1836000ms! The plog may not be recorded. (function ProcessGroupHCCL)
[rank0]:[rank0]:[W813 22:59:51.210823330 NPUCachingAllocator.cpp:177] Warning: The current CANN and Soc versions require processing for 32 padding size, with memory allocation. (function operator())
[rank0]:/root/miniconda3/envs/torchtitan/lib/python3.12/site-packages/torchdata/stateful_dataloader/stateful_dataloader.py:379: UserWarning: 'set_vital' is deprecated, please do not call
[rank0]:  torch.set_vital("Dataloader", "enabled", "True")  # type: ignore[attr-defined]
[rank0]:/root/miniconda3/envs/torchtitan/lib/python3.12/site-packages/torch_npu/distributed/distributed_c10d.py:221: UserWarning: HCCL doesn't support gather at the moment. Implemented with allgather instead.
[rank0]:  warnings.warn(
[rank0]:[rank0]:[W813 22:59:52.011590180 VariableFallbackKernel.cpp:249] Warning: CAUTION: The operator 'aten::_assert_async.msg' is not currently supported on the NPU backend and will fall back to run on the CPU. This may have performance implications. (function npu_cpu_fallback)
[rank0]:[rank0]:[W813 22:59:53.975057310 ArgSortKernelNpuOpApi.cpp:45] Warning: Warning: kernel [ArgSort] can not support dtype int32 or int64 on AiCore, Now this kernel is running on AiCpu.If you are more concerned about high-performance execution,please cast dtype to float32. (function operator())
[rank0]:[titan] 2026-08-13 22:59:50,210 - root - INFO - torchtitan version: 0.2.2 (0.0.0 means __version__ is not defined correctly).
[rank0]:[titan] 2026-08-13 22:59:50,219 - root - WARNING - initial_load_model_only=True has no effect without an initial_load_path.
[rank0]:[titan] 2026-08-13 22:59:50,367 - torchtitan.observability.structured_logger.jsonl_handler - INFO - Structured logging -> JSONL: /workspace/y50064852_yyb/torchtitan-test/precision_runs/glm5-2-gpu-npu-training-migration-cuda-single-vs-npu-single-mixed-bfloat16-random-seed-steps1000-global-batch16-seq128-seed61/candidate-npu-candidate-single-run-2/trainer_output/structured_logs/training.global_rank_0.20260813-225950-GE66NI.jsonl
[rank0]:[titan] 2026-08-13 22:59:51,525 - root - WARNING - ENV[TORCH_NCCL_ASYNC_ERROR_HANDLING] = 1 will be overridden to 3 based on job config
[rank0]:[titan] 2026-08-13 22:59:51,530 - root - INFO - [GC] Initial GC collection took 0.00 seconds
[rank0]:[titan] 2026-08-13 22:59:51,530 - root - INFO - Deterministic algorithm enabled (expect perf degradation).
[rank0]:[titan] 2026-08-13 22:59:51,564 - root - INFO - Building glm5 debugmodel
[rank0]:[titan] 2026-08-13 22:59:51,637 - root - INFO - TensorBoard logging enabled. Logs will be saved at /workspace/y50064852_yyb/torchtitan-test/precision_runs/glm5-2-gpu-npu-training-migration-cuda-single-vs-npu-single-mixed-bfloat16-random-seed-steps1000-global-batch16-seq128-seed61/candidate-npu-candidate-single-run-2/trainer_output/tensorboard/20260813-2259
[rank0]:[titan] 2026-08-13 22:59:51,722 - root - INFO - NPU capacity: Ascend910B2 with 60.96GiB memory
[rank0]:[titan] 2026-08-13 22:59:51,723 - root - WARNING - Error running lspci: [Errno 2] No such file or directory: 'lspci', fallback to use device_name
[rank0]:[titan] 2026-08-13 22:59:51,724 - root - INFO - Total parameter count: dense 3,251,712, sparse 5,314,560, vision 0, active 5,027,328
[rank0]:[titan] 2026-08-13 22:59:51,724 - root - INFO - Model glm5 debugmodel size: 8,566,272 total parameters
[rank0]:[titan] 2026-08-13 22:59:51,984 - root - WARNING - Error running lspci: [Errno 2] No such file or directory: 'lspci', fallback to use device_name
[rank0]:[titan] 2026-08-13 22:59:51,984 - root - INFO - Peak FLOPS used for computing MFU: 3.539e+14
[rank0]:[titan] 2026-08-13 22:59:51,984 - root - INFO - NPU memory usage for model: 0.05GiB(0.08%)
[rank0]:[titan] 2026-08-13 22:59:51,986 - root - INFO - Optimizer AdamW (model_part=0): 83 params [.*] {'fused': True, 'foreach': False, 'lr': 0.0008, 'betas': (0.9, 0.95), 'eps': 1e-08, 'weight_decay': 0.1}
[rank0]:[titan] 2026-08-13 22:59:51,987 - root - INFO - Loading tokenizer from tokenizer.json
[rank0]:[titan] 2026-08-13 22:59:51,995 - root - INFO - Preparing c4_test dataset from tests/assets/c4_test
[rank0]:[titan] 2026-08-13 22:59:52,151 - root - WARNING - model.safetensors.index.json not found at hf_assets_path: ./tests/assets/tokenizer/model.safetensors.index.json.                     Defaulting to saving a single safetensors file if checkpoint is saved in HF format
[rank0]:[titan] 2026-08-13 22:59:52,153 - root - INFO - Checkpointing active. Checkpoints will be loaded from and saved to /workspace/y50064852_yyb/torchtitan-test/precision_runs/glm5-2-gpu-npu-training-migration-cuda-single-vs-npu-single-mixed-bfloat16-random-seed-steps1000-global-batch16-seq128-seed61/candidate-npu-candidate-single-run-2/trainer_output/checkpoint
[rank0]:[titan] 2026-08-13 22:59:52,153 - root - INFO - Trainer is initialized with local batch size 2, global batch size 16, gradient accumulation steps 8, sequence length 128, total steps 1000 (warmup 200)
[rank0]:[titan] 2026-08-13 22:59:52,153 - root - INFO - Loading the checkpoint from /workspace/y50064852_yyb/torchtitan-test/precision_fixtures/glm5-2-gpu-npu-training-migration-cuda-single-vs-npu-single-mixed-bfloat16-random-seed-steps1000-global-batch16-seq128-seed61/seed_generation/checkpoint/step-0.
[rank0]:[titan] 2026-08-13 22:59:52,510 - root - INFO - [GC] GC collection for checkpoint loading. took 0.01 seconds
[rank0]:[titan] 2026-08-13 22:59:52,510 - root - INFO - Finished loading the checkpoint in 0.36 seconds.
[rank0]:[titan] 2026-08-13 22:59:52,511 - root - INFO - Training starts at step 1
[rank0]:[titan] 2026-08-13 22:59:54,438 - root - INFO - Building device mesh with parallelism: pp=1, dp_replicate=1, dp_shard=1, cp=1, tp=1, ep=1
[rank0]:[titan] 2026-08-13 22:59:54,448 - root - INFO - Successfully created meshes with active dimensions: []
[rank0]:[titan] 2026-08-13 22:59:54,830 - root - INFO - step:  1  loss:  8.10081  grad_norm:  1.3505  memory:  0.16GiB(0.27%)  tps: 660  tflops: 0.02  mfu: 0.01%
[rank0]:[titan] 2026-08-13 22:59:54,831 - root - INFO - Synchronizing and adjusting timeout for all ProcessGroups to 0:01:40
[rank0]:[titan] 2026-08-13 22:59:55,561 - root - INFO - step:  2  loss:  8.09182  grad_norm:  1.2229  memory:  0.20GiB(0.32%)  tps: 2,807  tflops: 0.09  mfu: 0.02%
[rank0]:[titan] 2026-08-13 22:59:56,012 - root - INFO - step:  3  loss:  8.07004  grad_norm:  1.3301  memory:  0.20GiB(0.32%)  tps: 4,552  tflops: 0.14  mfu: 0.04%
[rank0]:[titan] 2026-08-13 22:59:56,445 - root - INFO - step:  4  loss:  8.05594  grad_norm:  1.3712  memory:  0.20GiB(0.32%)  tps: 4,740  tflops: 0.14  mfu: 0.04%
[rank0]:[titan] 2026-08-13 22:59:56,883 - root - INFO - step:  5  loss:  8.11591  grad_norm:  1.2711  memory:  0.20GiB(0.32%)  tps: 4,694  tflops: 0.14  mfu: 0.04%
[rank0]:[titan] 2026-08-13 22:59:57,313 - root - INFO - step:  6  loss:  8.06990  grad_norm:  1.4607  memory:  0.20GiB(0.32%)  tps: 4,777  tflops: 0.15  mfu: 0.04%
[rank0]:[titan] 2026-08-13 22:59:57,740 - root - INFO - step:  7  loss:  8.02896  grad_norm:  1.4292  memory:  0.20GiB(0.32%)  tps: 4,807  tflops: 0.15  mfu: 0.04%
[rank0]:[titan] 2026-08-13 22:59:58,168 - root - INFO - step:  8  loss:  7.99076  grad_norm:  1.4618  memory:  0.20GiB(0.32%)  tps: 4,799  tflops: 0.15  mfu: 0.04%
[rank0]:[titan] 2026-08-13 22:59:58,599 - root - INFO - step:  9  loss:  7.99302  grad_norm:  1.4187  memory:  0.20GiB(0.32%)  tps: 4,773  tflops: 0.15  mfu: 0.04%
[rank0]:[titan] 2026-08-13 22:59:59,026 - root - INFO - step: 10  loss:  7.95920  grad_norm:  1.4058  memory:  0.20GiB(0.32%)  tps: 4,812  tflops: 0.15  mfu: 0.04%
[rank0]:[titan] 2026-08-13 22:59:59,447 - root - INFO - step: 11  loss:  7.96749  grad_norm:  1.4602  memory:  0.20GiB(0.32%)  tps: 4,872  tflops: 0.15  mfu: 0.04%
[rank0]:[titan] 2026-08-13 22:59:59,889 - root - INFO - step: 12  loss:  7.91970  grad_norm:  1.4378  memory:  0.20GiB(0.32%)  tps: 4,655  tflops: 0.14  mfu: 0.04%
[rank0]:[titan] 2026-08-13 23:00:00,328 - root - INFO - step: 13  loss:  7.88500  grad_norm:  1.4651  memory:  0.20GiB(0.32%)  tps: 4,682  tflops: 0.14  mfu: 0.04%
[rank0]:[titan] 2026-08-13 23:00:00,757 - root - INFO - step: 14  loss:  7.86611  grad_norm:  1.4537  memory:  0.20GiB(0.32%)  tps: 4,781  tflops: 0.15  mfu: 0.04%
[rank0]:[titan] 2026-08-13 23:00:01,186 - root - INFO - step: 15  loss:  7.83335  grad_norm:  1.4670  memory:  0.20GiB(0.32%)  tps: 4,797  tflops: 0.15  mfu: 0.04%
[rank0]:[titan] 2026-08-13 23:00:01,629 - root - INFO - step: 16  loss:  7.75140  grad_norm:  1.4652  memory:  0.20GiB(0.32%)  tps: 4,637  tflops: 0.14  mfu: 0.04%
[rank0]:[titan] 2026-08-13 23:00:02,063 - root - INFO - step: 17  loss:  7.71836  grad_norm:  1.5329  memory:  0.20GiB(0.32%)  tps: 4,725  tflops: 0.14  mfu: 0.04%
[rank0]:[titan] 2026-08-13 23:00:02,509 - root - INFO - step: 18  loss:  7.69387  grad_norm:  1.4930  memory:  0.20GiB(0.32%)  tps: 4,614  tflops: 0.14  mfu: 0.04%
[rank0]:[titan] 2026-08-13 23:00:02,946 - root - INFO - step: 19  loss:  7.65209  grad_norm:  1.6102  memory:  0.20GiB(0.32%)  tps: 4,702  tflops: 0.14  mfu: 0.04%
[rank0]:[titan] 2026-08-13 23:00:03,375 - root - INFO - step: 20  loss:  7.67638  grad_norm:  1.6566  memory:  0.20GiB(0.32%)  tps: 4,785  tflops: 0.15  mfu: 0.04%
[rank0]:[titan] 2026-08-13 23:00:03,833 - root - INFO - step: 21  loss:  7.47940  grad_norm:  1.7119  memory:  0.20GiB(0.32%)  tps: 4,485  tflops: 0.14  mfu: 0.04%
[rank0]:[titan] 2026-08-13 23:00:04,297 - root - INFO - step: 22  loss:  7.39434  grad_norm:  1.6646  memory:  0.20GiB(0.32%)  tps: 4,424  tflops: 0.13  mfu: 0.04%
[rank0]:[titan] 2026-08-13 23:00:04,729 - root - INFO - step: 23  loss:  7.27586  grad_norm:  1.7884  memory:  0.20GiB(0.32%)  tps: 4,753  tflops: 0.14  mfu: 0.04%
[rank0]:[titan] 2026-08-13 23:00:05,755 - root - INFO - step: 24  loss:  7.38071  grad_norm:  1.5495  memory:  0.20GiB(0.32%)  tps: 2,000  tflops: 0.06  mfu: 0.02%
[rank0]:[titan] 2026-08-13 23:00:07,123 - root - INFO - step: 25  loss:  7.32195  grad_norm:  1.5692  memory:  0.20GiB(0.32%)  tps: 1,499  tflops: 0.05  mfu: 0.01%
[rank0]:[titan] 2026-08-13 23:00:08,292 - root - INFO - step: 26  loss:  7.24217  grad_norm:  1.6323  memory:  0.20GiB(0.32%)  tps: 1,754  tflops: 0.05  mfu: 0.02%
[rank0]:[titan] 2026-08-13 23:00:09,159 - root - INFO - step: 27  loss:  6.75815  grad_norm:  2.1621  memory:  0.20GiB(0.32%)  tps: 2,365  tflops: 0.07  mfu: 0.02%
[rank0]:[titan] 2026-08-13 23:00:09,980 - root - INFO - step: 28  loss:  6.81005  grad_norm:  2.0274  memory:  0.20GiB(0.32%)  tps: 2,499  tflops: 0.08  mfu: 0.02%
[rank0]:[titan] 2026-08-13 23:00:10,680 - root - INFO - step: 29  loss:  6.56404  grad_norm:  2.2971  memory:  0.20GiB(0.32%)  tps: 2,934  tflops: 0.09  mfu: 0.03%
[rank0]:[titan] 2026-08-13 23:00:11,259 - root - INFO - step: 30  loss:  6.50216  grad_norm:  2.1751  memory:  0.20GiB(0.32%)  tps: 3,549  tflops: 0.11  mfu: 0.03%
[rank0]:[titan] 2026-08-13 23:00:12,069 - root - INFO - step: 31  loss:  6.49236  grad_norm:  2.0403  memory:  0.20GiB(0.32%)  tps: 2,534  tflops: 0.08  mfu: 0.02%
[rank0]:[titan] 2026-08-13 23:00:12,903 - root - INFO - step: 32  loss:  6.19173  grad_norm:  2.1891  memory:  0.20GiB(0.32%)  tps: 2,459  tflops: 0.07  mfu: 0.02%
[rank0]:[titan] 2026-08-13 23:00:13,780 - root - INFO - step: 33  loss:  5.78486  grad_norm:  2.5167  memory:  0.20GiB(0.32%)  tps: 2,338  tflops: 0.07  mfu: 0.02%
[rank0]:[titan] 2026-08-13 23:00:14,676 - root - INFO - step: 34  loss:  5.86855  grad_norm:  2.3545  memory:  0.20GiB(0.32%)  tps: 2,290  tflops: 0.07  mfu: 0.02%
[rank0]:[titan] 2026-08-13 23:00:15,149 - root - INFO - step: 35  loss:  5.55864  grad_norm:  2.5103  memory:  0.20GiB(0.32%)  tps: 4,338  tflops: 0.13  mfu: 0.04%
[rank0]:[titan] 2026-08-13 23:00:15,593 - root - INFO - step: 36  loss:  5.45315  grad_norm:  2.3861  memory:  0.20GiB(0.32%)  tps: 4,627  tflops: 0.14  mfu: 0.04%
[rank0]:[titan] 2026-08-13 23:00:16,044 - root - INFO - step: 37  loss:  5.13493  grad_norm:  2.3840  memory:  0.20GiB(0.32%)  tps: 4,553  tflops: 0.14  mfu: 0.04%
[rank0]:[titan] 2026-08-13 23:00:16,492 - root - INFO - step: 38  loss:  4.94342  grad_norm:  2.3168  memory:  0.20GiB(0.32%)  tps: 4,590  tflops: 0.14  mfu: 0.04%
[rank0]:[titan] 2026-08-13 23:00:16,930 - root - INFO - step: 39  loss:  4.95670  grad_norm:  2.2231  memory:  0.20GiB(0.32%)  tps: 4,687  tflops: 0.14  mfu: 0.04%
[rank0]:[titan] 2026-08-13 23:00:17,366 - root - INFO - step: 40  loss:  4.76142  grad_norm:  2.1887  memory:  0.20GiB(0.32%)  tps: 4,714  tflops: 0.14  mfu: 0.04%
[rank0]:[titan] 2026-08-13 23:00:17,803 - root - INFO - step: 41  loss:  4.51607  grad_norm:  2.1582  memory:  0.20GiB(0.32%)  tps: 4,704  tflops: 0.14  mfu: 0.04%
[rank0]:[titan] 2026-08-13 23:00:18,243 - root - INFO - step: 42  loss:  4.35264  grad_norm:  2.0495  memory:  0.20GiB(0.32%)  tps: 4,668  tflops: 0.14  mfu: 0.04%
[rank0]:[titan] 2026-08-13 23:00:18,700 - root - INFO - step: 43  loss:  4.37575  grad_norm:  1.9754  memory:  0.20GiB(0.32%)  tps: 4,497  tflops: 0.14  mfu: 0.04%
[rank0]:[titan] 2026-08-13 23:00:19,132 - root - INFO - step: 44  loss:  4.34595  grad_norm:  1.9459  memory:  0.20GiB(0.32%)  tps: 4,752  tflops: 0.14  mfu: 0.04%
[rank0]:[titan] 2026-08-13 23:00:19,567 - root - INFO - step: 45  loss:  4.26928  grad_norm:  1.8327  memory:  0.20GiB(0.32%)  tps: 4,723  tflops: 0.14  mfu: 0.04%
[rank0]:[titan] 2026-08-13 23:00:20,004 - root - INFO - step: 46  loss:  4.16159  grad_norm:  1.7240  memory:  0.20GiB(0.32%)  tps: 4,698  tflops: 0.14  mfu: 0.04%
[rank0]:[titan] 2026-08-13 23:00:20,448 - root - INFO - step: 47  loss:  4.20462  grad_norm:  1.7241  memory:  0.20GiB(0.32%)  tps: 4,631  tflops: 0.14  mfu: 0.04%
[rank0]:[titan] 2026-08-13 23:00:20,889 - root - INFO - step: 48  loss:  4.13302  grad_norm:  1.4793  memory:  0.20GiB(0.32%)  tps: 4,655  tflops: 0.14  mfu: 0.04%
[rank0]:[titan] 2026-08-13 23:00:21,332 - root - INFO - step: 49  loss:  4.04841  grad_norm:  1.4489  memory:  0.20GiB(0.32%)  tps: 4,630  tflops: 0.14  mfu: 0.04%
[rank0]:[titan] 2026-08-13 23:00:21,336 - root - INFO - [GC] Performing periodic GC collection took 0.00 seconds
[rank0]:[titan] 2026-08-13 23:00:21,816 - root - INFO - step: 50  loss:  3.63751  grad_norm:  1.4836  memory:  0.20GiB(0.32%)  tps: 4,246  tflops: 0.13  mfu: 0.04%
[rank0]:[titan] 2026-08-13 23:00:22,327 - root - INFO - step: 51  loss:  3.62179  grad_norm:  1.3871  memory:  0.20GiB(0.32%)  tps: 4,017  tflops: 0.12  mfu: 0.03%
[rank0]:[titan] 2026-08-13 23:00:22,764 - root - INFO - step: 52  loss:  3.70324  grad_norm:  1.4372  memory:  0.20GiB(0.32%)  tps: 4,696  tflops: 0.14  mfu: 0.04%
[rank0]:[titan] 2026-08-13 23:00:23,733 - root - INFO - step: 53  loss:  3.68633  grad_norm:  1.4063  memory:  0.20GiB(0.32%)  tps: 2,117  tflops: 0.06  mfu: 0.02%
[rank0]:[titan] 2026-08-13 23:00:24,904 - root - INFO - step: 54  loss:  3.77939  grad_norm:  1.1232  memory:  0.20GiB(0.32%)  tps: 1,751  tflops: 0.05  mfu: 0.02%
[rank0]:[titan] 2026-08-13 23:00:26,226 - root - INFO - step: 55  loss:  3.47167  grad_norm:  1.2645  memory:  0.20GiB(0.32%)  tps: 1,550  tflops: 0.05  mfu: 0.01%
[rank0]:[titan] 2026-08-13 23:00:27,111 - root - INFO - step: 56  loss:  3.47552  grad_norm:  1.3166  memory:  0.20GiB(0.32%)  tps: 2,318  tflops: 0.07  mfu: 0.02%
[rank0]:[titan] 2026-08-13 23:00:27,828 - root - INFO - step: 57  loss:  3.51125  grad_norm:  1.1394  memory:  0.20GiB(0.32%)  tps: 2,861  tflops: 0.09  mfu: 0.02%
[rank0]:[titan] 2026-08-13 23:00:28,533 - root - INFO - step: 58  loss:  3.43919  grad_norm:  1.0993  memory:  0.20GiB(0.32%)  tps: 2,913  tflops: 0.09  mfu: 0.03%
[rank0]:[titan] 2026-08-13 23:00:29,317 - root - INFO - step: 59  loss:  3.48136  grad_norm:  1.1261  memory:  0.20GiB(0.32%)  tps: 2,616  tflops: 0.08  mfu: 0.02%
[rank0]:[titan] 2026-08-13 23:00:30,021 - root - INFO - step: 60  loss:  3.36405  grad_norm:  1.1548  memory:  0.20GiB(0.32%)  tps: 2,916  tflops: 0.09  mfu: 0.03%
[rank0]:[titan] 2026-08-13 23:00:30,847 - root - INFO - step: 61  loss:  3.17151  grad_norm:  1.1439  memory:  0.20GiB(0.32%)  tps: 2,481  tflops: 0.08  mfu: 0.02%
[rank0]:[titan] 2026-08-13 23:00:31,682 - root - INFO - step: 62  loss:  3.26134  grad_norm:  0.8335  memory:  0.20GiB(0.32%)  tps: 2,457  tflops: 0.07  mfu: 0.02%
[rank0]:[titan] 2026-08-13 23:00:32,479 - root - INFO - step: 63  loss:  3.22079  grad_norm:  0.7691  memory:  0.20GiB(0.32%)  tps: 2,574  tflops: 0.08  mfu: 0.02%
[rank0]:[titan] 2026-08-13 23:00:32,953 - root - INFO - step: 64  loss:  3.35223  grad_norm:  0.8324  memory:  0.20GiB(0.32%)  tps: 4,336  tflops: 0.13  mfu: 0.04%
[rank0]:[titan] 2026-08-13 23:00:33,407 - root - INFO - step: 65  loss:  3.30070  grad_norm:  0.9370  memory:  0.20GiB(0.32%)  tps: 4,529  tflops: 0.14  mfu: 0.04%
[rank0]:[titan] 2026-08-13 23:00:33,856 - root - INFO - step: 66  loss:  3.28611  grad_norm:  0.9939  memory:  0.20GiB(0.32%)  tps: 4,575  tflops: 0.14  mfu: 0.04%
[rank0]:[titan] 2026-08-13 23:00:34,298 - root - INFO - step: 67  loss:  3.22781  grad_norm:  0.9951  memory:  0.20GiB(0.32%)  tps: 4,651  tflops: 0.14  mfu: 0.04%
[rank0]:[titan] 2026-08-13 23:00:34,741 - root - INFO - step: 68  loss:  3.59075  grad_norm:  0.7101  memory:  0.20GiB(0.32%)  tps: 4,631  tflops: 0.14  mfu: 0.04%
[rank0]:[titan] 2026-08-13 23:00:35,183 - root - INFO - step: 69  loss:  3.08741  grad_norm:  0.7414  memory:  0.20GiB(0.32%)  tps: 4,655  tflops: 0.14  mfu: 0.04%
[rank0]:[titan] 2026-08-13 23:00:35,637 - root - INFO - step: 70  loss:  4.30901  grad_norm:  1.3440  memory:  0.20GiB(0.32%)  tps: 4,521  tflops: 0.14  mfu: 0.04%
[rank0]:[titan] 2026-08-13 23:00:36,077 - root - INFO - step: 71  loss:  4.69072  grad_norm:  1.7221  memory:  0.20GiB(0.32%)  tps: 4,666  tflops: 0.14  mfu: 0.04%
[rank0]:[titan] 2026-08-13 23:00:36,522 - root - INFO - step: 72  loss:  3.99828  grad_norm:  1.0410  memory:  0.20GiB(0.32%)  tps: 4,619  tflops: 0.14  mfu: 0.04%
[rank0]:[titan] 2026-08-13 23:00:36,966 - root - INFO - step: 73  loss:  3.02836  grad_norm:  0.9016  memory:  0.20GiB(0.32%)  tps: 4,627  tflops: 0.14  mfu: 0.04%
[rank0]:[titan] 2026-08-13 23:00:37,412 - root - INFO - step: 74  loss:  3.02211  grad_norm:  1.0756  memory:  0.20GiB(0.32%)  tps: 4,609  tflops: 0.14  mfu: 0.04%
[rank0]:[titan] 2026-08-13 23:00:37,856 - root - INFO - step: 75  loss:  3.25482  grad_norm:  0.9133  memory:  0.20GiB(0.32%)  tps: 4,625  tflops: 0.14  mfu: 0.04%
[rank0]:[titan] 2026-08-13 23:00:38,293 - root - INFO - step: 76  loss:  3.20660  grad_norm:  0.9959  memory:  0.20GiB(0.32%)  tps: 4,702  tflops: 0.14  mfu: 0.04%
[rank0]:[titan] 2026-08-13 23:00:38,768 - root - INFO - step: 77  loss:  3.01157  grad_norm:  0.9994  memory:  0.20GiB(0.32%)  tps: 4,325  tflops: 0.13  mfu: 0.04%
[rank0]:[titan] 2026-08-13 23:00:39,237 - root - INFO - step: 78  loss:  2.77098  grad_norm:  1.2781  memory:  0.20GiB(0.32%)  tps: 4,373  tflops: 0.13  mfu: 0.04%
[rank0]:[titan] 2026-08-13 23:00:39,673 - root - INFO - step: 79  loss:  2.87688  grad_norm:  0.8591  memory:  0.20GiB(0.32%)  tps: 4,716  tflops: 0.14  mfu: 0.04%
[rank0]:[titan] 2026-08-13 23:00:40,951 - root - INFO - step: 80  loss:  2.99563  grad_norm:  1.0755  memory:  0.20GiB(0.32%)  tps: 1,605  tflops: 0.05  mfu: 0.01%
[rank0]:[titan] 2026-08-13 23:00:42,492 - root - INFO - step: 81  loss:  3.19886  grad_norm:  1.0805  memory:  0.20GiB(0.32%)  tps: 1,330  tflops: 0.04  mfu: 0.01%
[rank0]:[titan] 2026-08-13 23:00:43,542 - root - INFO - step: 82  loss:  3.04078  grad_norm:  0.9595  memory:  0.20GiB(0.32%)  tps: 1,953  tflops: 0.06  mfu: 0.02%
[rank0]:[titan] 2026-08-13 23:00:44,482 - root - INFO - step: 83  loss:  2.89293  grad_norm:  0.9510  memory:  0.20GiB(0.32%)  tps: 2,182  tflops: 0.07  mfu: 0.02%
[rank0]:[titan] 2026-08-13 23:00:45,319 - root - INFO - step: 84  loss:  2.98334  grad_norm:  0.9441  memory:  0.20GiB(0.32%)  tps: 2,452  tflops: 0.07  mfu: 0.02%
[rank0]:[titan] 2026-08-13 23:00:45,965 - root - INFO - step: 85  loss:  2.79620  grad_norm:  0.9084  memory:  0.20GiB(0.32%)  tps: 3,175  tflops: 0.10  mfu: 0.03%
[rank0]:[titan] 2026-08-13 23:00:46,852 - root - INFO - step: 86  loss:  2.91709  grad_norm:  0.7169  memory:  0.20GiB(0.32%)  tps: 2,314  tflops: 0.07  mfu: 0.02%
[rank0]:[titan] 2026-08-13 23:00:47,681 - root - INFO - step: 87  loss:  2.88529  grad_norm:  0.8418  memory:  0.20GiB(0.32%)  tps: 2,475  tflops: 0.08  mfu: 0.02%
[rank0]:[titan] 2026-08-13 23:00:48,617 - root - INFO - step: 88  loss:  2.88986  grad_norm:  0.8050  memory:  0.20GiB(0.32%)  tps: 2,190  tflops: 0.07  mfu: 0.02%
[rank0]:[titan] 2026-08-13 23:00:49,312 - root - INFO - step: 89  loss:  2.84620  grad_norm:  0.9953  memory:  0.20GiB(0.32%)  tps: 2,955  tflops: 0.09  mfu: 0.03%
[rank0]:[titan] 2026-08-13 23:00:49,783 - root - INFO - step: 90  loss:  2.78987  grad_norm:  0.8989  memory:  0.20GiB(0.32%)  tps: 4,358  tflops: 0.13  mfu: 0.04%
[rank0]:[titan] 2026-08-13 23:00:50,216 - root - INFO - step: 91  loss:  2.74631  grad_norm:  0.8310  memory:  0.20GiB(0.32%)  tps: 4,745  tflops: 0.14  mfu: 0.04%
[rank0]:[titan] 2026-08-13 23:00:50,652 - root - INFO - step: 92  loss:  3.06302  grad_norm:  1.1074  memory:  0.20GiB(0.32%)  tps: 4,709  tflops: 0.14  mfu: 0.04%
[rank0]:[titan] 2026-08-13 23:00:51,082 - root - INFO - step: 93  loss:  2.94371  grad_norm:  0.9145  memory:  0.20GiB(0.32%)  tps: 4,779  tflops: 0.15  mfu: 0.04%
[rank0]:[titan] 2026-08-13 23:00:51,513 - root - INFO - step: 94  loss:  2.84812  grad_norm:  0.7682  memory:  0.20GiB(0.32%)  tps: 4,766  tflops: 0.14  mfu: 0.04%
[rank0]:[titan] 2026-08-13 23:00:51,944 - root - INFO - step: 95  loss:  2.84715  grad_norm:  0.6483  memory:  0.20GiB(0.32%)  tps: 4,770  tflops: 0.15  mfu: 0.04%
[rank0]:[titan] 2026-08-13 23:00:52,366 - root - INFO - step: 96  loss:  2.72731  grad_norm:  0.6571  memory:  0.20GiB(0.32%)  tps: 4,868  tflops: 0.15  mfu: 0.04%
[rank0]:[titan] 2026-08-13 23:00:52,805 - root - INFO - step: 97  loss:  2.84508  grad_norm:  0.5793  memory:  0.20GiB(0.32%)  tps: 4,679  tflops: 0.14  mfu: 0.04%
[rank0]:[titan] 2026-08-13 23:00:53,241 - root - INFO - step: 98  loss:  2.81755  grad_norm:  0.8186  memory:  0.20GiB(0.32%)  tps: 4,711  tflops: 0.14  mfu: 0.04%
[rank0]:[titan] 2026-08-13 23:00:53,677 - root - INFO - step: 99  loss:  2.83716  grad_norm:  0.6489  memory:  0.20GiB(0.32%)  tps: 4,714  tflops: 0.14  mfu: 0.04%
[rank0]:[titan] 2026-08-13 23:00:53,680 - root - INFO - [GC] Performing periodic GC collection took 0.00 seconds
[rank0]:[titan] 2026-08-13 23:00:54,106 - root - INFO - step: 100  loss:  2.73902  grad_norm:  0.4616  memory:  0.20GiB(0.32%)  tps: 4,791  tflops: 0.15  mfu: 0.04%
[rank0]:[titan] 2026-08-13 23:00:54,539 - root - INFO - step: 101  loss:  3.11745  grad_norm:  0.7695  memory:  0.20GiB(0.32%)  tps: 4,742  tflops: 0.14  mfu: 0.04%
[rank0]:[titan] 2026-08-13 23:00:54,991 - root - INFO - step: 102  loss:  2.88584  grad_norm:  0.8139  memory:  0.20GiB(0.32%)  tps: 4,548  tflops: 0.14  mfu: 0.04%
[rank0]:[titan] 2026-08-13 23:00:55,423 - root - INFO - step: 103  loss:  2.87310  grad_norm:  0.7989  memory:  0.20GiB(0.32%)  tps: 4,751  tflops: 0.14  mfu: 0.04%
[rank0]:[titan] 2026-08-13 23:00:55,897 - root - INFO - step: 104  loss:  2.84555  grad_norm:  0.6296  memory:  0.20GiB(0.32%)  tps: 4,339  tflops: 0.13  mfu: 0.04%
[rank0]:[titan] 2026-08-13 23:00:56,396 - root - INFO - step: 105  loss:  2.85847  grad_norm:  0.6292  memory:  0.20GiB(0.32%)  tps: 4,118  tflops: 0.13  mfu: 0.04%
[rank0]:[titan] 2026-08-13 23:00:56,828 - root - INFO - step: 106  loss:  2.80272  grad_norm:  0.7961  memory:  0.20GiB(0.32%)  tps: 4,746  tflops: 0.14  mfu: 0.04%
[rank0]:[titan] 2026-08-13 23:00:58,215 - root - INFO - step: 107  loss:  2.90086  grad_norm:  0.8133  memory:  0.20GiB(0.32%)  tps: 1,479  tflops: 0.04  mfu: 0.01%
[rank0]:[titan] 2026-08-13 23:00:59,505 - root - INFO - step: 108  loss:  2.89160  grad_norm:  0.8350  memory:  0.20GiB(0.32%)  tps: 1,589  tflops: 0.05  mfu: 0.01%
[rank0]:[titan] 2026-08-13 23:01:00,648 - root - INFO - step: 109  loss:  2.86058  grad_norm:  0.8851  memory:  0.20GiB(0.32%)  tps: 1,795  tflops: 0.05  mfu: 0.02%
[rank0]:[titan] 2026-08-13 23:01:01,658 - root - INFO - step: 110  loss:  2.81392  grad_norm:  0.9393  memory:  0.20GiB(0.32%)  tps: 2,030  tflops: 0.06  mfu: 0.02%
[rank0]:[titan] 2026-08-13 23:01:02,483 - root - INFO - step: 111  loss:  3.05518  grad_norm:  0.8952  memory:  0.20GiB(0.32%)  tps: 2,487  tflops: 0.08  mfu: 0.02%
[rank0]:[titan] 2026-08-13 23:01:03,249 - root - INFO - step: 112  loss:  2.95390  grad_norm:  0.7909  memory:  0.20GiB(0.32%)  tps: 2,676  tflops: 0.08  mfu: 0.02%
[rank0]:[titan] 2026-08-13 23:01:04,000 - root - INFO - step: 113  loss:  2.85901  grad_norm:  0.7949  memory:  0.20GiB(0.32%)  tps: 2,734  tflops: 0.08  mfu: 0.02%
[rank0]:[titan] 2026-08-13 23:01:04,839 - root - INFO - step: 114  loss:  2.82468  grad_norm:  0.8136  memory:  0.20GiB(0.32%)  tps: 2,444  tflops: 0.07  mfu: 0.02%
[rank0]:[titan] 2026-08-13 23:01:05,666 - root - INFO - step: 115  loss:  2.88672  grad_norm:  0.6793  memory:  0.20GiB(0.32%)  tps: 2,479  tflops: 0.08  mfu: 0.02%
[rank0]:[titan] 2026-08-13 23:01:06,461 - root - INFO - step: 116  loss:  2.81128  grad_norm:  0.5956  memory:  0.20GiB(0.32%)  tps: 2,580  tflops: 0.08  mfu: 0.02%
[rank0]:[titan] 2026-08-13 23:01:06,967 - root - INFO - step: 117  loss:  2.77205  grad_norm:  0.6761  memory:  0.20GiB(0.32%)  tps: 4,058  tflops: 0.12  mfu: 0.03%
[rank0]:[titan] 2026-08-13 23:01:07,397 - root - INFO - step: 118  loss:  2.73298  grad_norm:  0.7970  memory:  0.20GiB(0.32%)  tps: 4,781  tflops: 0.15  mfu: 0.04%
[rank0]:[titan] 2026-08-13 23:01:07,821 - root - INFO - step: 119  loss:  2.78777  grad_norm:  0.5667  memory:  0.20GiB(0.32%)  tps: 4,844  tflops: 0.15  mfu: 0.04%
[rank0]:[titan] 2026-08-13 23:01:08,259 - root - INFO - step: 120  loss:  2.95768  grad_norm:  0.7621  memory:  0.20GiB(0.32%)  tps: 4,696  tflops: 0.14  mfu: 0.04%
[rank0]:[titan] 2026-08-13 23:01:08,690 - root - INFO - step: 121  loss:  2.83629  grad_norm:  0.5374  memory:  0.20GiB(0.32%)  tps: 4,758  tflops: 0.14  mfu: 0.04%
[rank0]:[titan] 2026-08-13 23:01:09,126 - root - INFO - step: 122  loss:  2.63349  grad_norm:  0.7145  memory:  0.20GiB(0.32%)  tps: 4,710  tflops: 0.14  mfu: 0.04%
[rank0]:[titan] 2026-08-13 23:01:09,559 - root - INFO - step: 123  loss:  2.65047  grad_norm:  0.7179  memory:  0.20GiB(0.32%)  tps: 4,750  tflops: 0.14  mfu: 0.04%
[rank0]:[titan] 2026-08-13 23:01:09,985 - root - INFO - step: 124  loss:  2.98700  grad_norm:  0.9093  memory:  0.20GiB(0.32%)  tps: 4,816  tflops: 0.15  mfu: 0.04%
[rank0]:[titan] 2026-08-13 23:01:10,416 - root - INFO - step: 125  loss:  2.87417  grad_norm:  0.7344  memory:  0.20GiB(0.32%)  tps: 4,766  tflops: 0.15  mfu: 0.04%
[rank0]:[titan] 2026-08-13 23:01:10,846 - root - INFO - step: 126  loss:  3.06510  grad_norm:  0.8921  memory:  0.20GiB(0.32%)  tps: 4,787  tflops: 0.15  mfu: 0.04%
[rank0]:[titan] 2026-08-13 23:01:11,278 - root - INFO - step: 127  loss:  2.84059  grad_norm:  0.7739  memory:  0.20GiB(0.32%)  tps: 4,752  tflops: 0.14  mfu: 0.04%
[rank0]:[titan] 2026-08-13 23:01:11,713 - root - INFO - step: 128  loss:  2.85912  grad_norm:  0.5477  memory:  0.20GiB(0.32%)  tps: 4,718  tflops: 0.14  mfu: 0.04%
[rank0]:[titan] 2026-08-13 23:01:12,142 - root - INFO - step: 129  loss:  2.83315  grad_norm:  0.5844  memory:  0.20GiB(0.32%)  tps: 4,797  tflops: 0.15  mfu: 0.04%
[rank0]:[titan] 2026-08-13 23:01:12,569 - root - INFO - step: 130  loss:  2.82847  grad_norm:  0.6543  memory:  0.20GiB(0.32%)  tps: 4,805  tflops: 0.15  mfu: 0.04%
[rank0]:[titan] 2026-08-13 23:01:13,034 - root - INFO - step: 131  loss:  2.85218  grad_norm:  0.7200  memory:  0.20GiB(0.32%)  tps: 4,422  tflops: 0.13  mfu: 0.04%
[rank0]:[titan] 2026-08-13 23:01:13,492 - root - INFO - step: 132  loss:  2.72325  grad_norm:  0.7742  memory:  0.20GiB(0.32%)  tps: 4,482  tflops: 0.14  mfu: 0.04%
[rank0]:[titan] 2026-08-13 23:01:13,917 - root - INFO - step: 133  loss:  2.71312  grad_norm:  0.7268  memory:  0.20GiB(0.32%)  tps: 4,841  tflops: 0.15  mfu: 0.04%
[rank0]:[titan] 2026-08-13 23:01:15,048 - root - INFO - step: 134  loss:  2.69212  grad_norm:  0.6926  memory:  0.20GiB(0.32%)  tps: 1,812  tflops: 0.06  mfu: 0.02%
[rank0]:[titan] 2026-08-13 23:01:16,287 - root - INFO - step: 135  loss:  2.63853  grad_norm:  1.0023  memory:  0.20GiB(0.32%)  tps: 1,656  tflops: 0.05  mfu: 0.01%
[rank0]:[titan] 2026-08-13 23:01:17,369 - root - INFO - step: 136  loss:  2.78350  grad_norm:  0.5957  memory:  0.20GiB(0.32%)  tps: 1,894  tflops: 0.06  mfu: 0.02%
[rank0]:[titan] 2026-08-13 23:01:18,373 - root - INFO - step: 137  loss:  2.67936  grad_norm:  0.7832  memory:  0.20GiB(0.32%)  tps: 2,043  tflops: 0.06  mfu: 0.02%
[rank0]:[titan] 2026-08-13 23:01:19,080 - root - INFO - step: 138  loss:  2.69789  grad_norm:  0.8903  memory:  0.20GiB(0.32%)  tps: 2,902  tflops: 0.09  mfu: 0.02%
[rank0]:[titan] 2026-08-13 23:01:19,911 - root - INFO - step: 139  loss:  2.65696  grad_norm:  1.0301  memory:  0.20GiB(0.32%)  tps: 2,470  tflops: 0.08  mfu: 0.02%
[rank0]:[titan] 2026-08-13 23:01:20,624 - root - INFO - step: 140  loss:  2.90555  grad_norm:  0.8310  memory:  0.20GiB(0.32%)  tps: 2,877  tflops: 0.09  mfu: 0.02%
[rank0]:[titan] 2026-08-13 23:01:21,433 - root - INFO - step: 141  loss:  2.73959  grad_norm:  0.8775  memory:  0.20GiB(0.32%)  tps: 2,534  tflops: 0.08  mfu: 0.02%
[rank0]:[titan] 2026-08-13 23:01:22,309 - root - INFO - step: 142  loss:  2.78064  grad_norm:  0.8556  memory:  0.20GiB(0.32%)  tps: 2,342  tflops: 0.07  mfu: 0.02%
[rank0]:[titan] 2026-08-13 23:01:23,062 - root - INFO - step: 143  loss:  2.74929  grad_norm:  0.7072  memory:  0.20GiB(0.32%)  tps: 2,726  tflops: 0.08  mfu: 0.02%
[rank0]:[titan] 2026-08-13 23:01:23,654 - root - INFO - step: 144  loss:  2.75210  grad_norm:  0.8710  memory:  0.20GiB(0.32%)  tps: 3,468  tflops: 0.11  mfu: 0.03%
[rank0]:[titan] 2026-08-13 23:01:24,093 - root - INFO - step: 145  loss:  2.80820  grad_norm:  0.9569  memory:  0.20GiB(0.32%)  tps: 4,680  tflops: 0.14  mfu: 0.04%
[rank0]:[titan] 2026-08-13 23:01:24,516 - root - INFO - step: 146  loss:  2.96407  grad_norm:  0.9326  memory:  0.20GiB(0.32%)  tps: 4,852  tflops: 0.15  mfu: 0.04%
[rank0]:[titan] 2026-08-13 23:01:24,949 - root - INFO - step: 147  loss:  3.06737  grad_norm:  0.8615  memory:  0.20GiB(0.32%)  tps: 4,748  tflops: 0.14  mfu: 0.04%
[rank0]:[titan] 2026-08-13 23:01:25,391 - root - INFO - step: 148  loss:  3.06119  grad_norm:  1.1295  memory:  0.20GiB(0.32%)  tps: 4,660  tflops: 0.14  mfu: 0.04%
[rank0]:[titan] 2026-08-13 23:01:25,830 - root - INFO - step: 149  loss:  2.89584  grad_norm:  1.2655  memory:  0.20GiB(0.32%)  tps: 4,678  tflops: 0.14  mfu: 0.04%
[rank0]:[titan] 2026-08-13 23:01:25,833 - root - INFO - [GC] Performing periodic GC collection took 0.00 seconds
[rank0]:[titan] 2026-08-13 23:01:26,273 - root - INFO - step: 150  loss:  2.84590  grad_norm:  0.8887  memory:  0.20GiB(0.32%)  tps: 4,632  tflops: 0.14  mfu: 0.04%
[rank0]:[titan] 2026-08-13 23:01:26,693 - root - INFO - step: 151  loss:  2.74017  grad_norm:  0.9867  memory:  0.20GiB(0.32%)  tps: 4,899  tflops: 0.15  mfu: 0.04%
[rank0]:[titan] 2026-08-13 23:01:27,111 - root - INFO - step: 152  loss:  2.74298  grad_norm:  0.9842  memory:  0.20GiB(0.32%)  tps: 4,912  tflops: 0.15  mfu: 0.04%
[rank0]:[titan] 2026-08-13 23:01:27,528 - root - INFO - step: 153  loss:  2.67424  grad_norm:  0.9378  memory:  0.20GiB(0.32%)  tps: 4,924  tflops: 0.15  mfu: 0.04%
[rank0]:[titan] 2026-08-13 23:01:27,958 - root - INFO - step: 154  loss:  2.71262  grad_norm:  0.9885  memory:  0.20GiB(0.32%)  tps: 4,787  tflops: 0.15  mfu: 0.04%
[rank0]:[titan] 2026-08-13 23:01:28,388 - root - INFO - step: 155  loss:  2.65119  grad_norm:  0.9192  memory:  0.20GiB(0.32%)  tps: 4,777  tflops: 0.15  mfu: 0.04%
[rank0]:[titan] 2026-08-13 23:01:28,815 - root - INFO - step: 156  loss:  2.81213  grad_norm:  0.8797  memory:  0.20GiB(0.32%)  tps: 4,807  tflops: 0.15  mfu: 0.04%
[rank0]:[titan] 2026-08-13 23:01:29,255 - root - INFO - step: 157  loss:  2.77963  grad_norm:  0.9090  memory:  0.20GiB(0.32%)  tps: 4,673  tflops: 0.14  mfu: 0.04%
[rank0]:[titan] 2026-08-13 23:01:29,698 - root - INFO - step: 158  loss:  2.83851  grad_norm:  0.7447  memory:  0.20GiB(0.32%)  tps: 4,636  tflops: 0.14  mfu: 0.04%
[rank0]:[titan] 2026-08-13 23:01:30,177 - root - INFO - step: 159  loss:  2.75011  grad_norm:  0.9486  memory:  0.20GiB(0.32%)  tps: 4,283  tflops: 0.13  mfu: 0.04%
[rank0]:[titan] 2026-08-13 23:01:30,663 - root - INFO - step: 160  loss:  2.79624  grad_norm:  0.8095  memory:  0.20GiB(0.32%)  tps: 4,228  tflops: 0.13  mfu: 0.04%
[rank0]:[titan] 2026-08-13 23:01:31,093 - root - INFO - step: 161  loss:  2.98925  grad_norm:  0.9834  memory:  0.20GiB(0.32%)  tps: 4,774  tflops: 0.15  mfu: 0.04%
[rank0]:[titan] 2026-08-13 23:01:32,376 - root - INFO - step: 162  loss:  2.90995  grad_norm:  1.0858  memory:  0.20GiB(0.32%)  tps: 1,598  tflops: 0.05  mfu: 0.01%
[rank0]:[titan] 2026-08-13 23:01:33,791 - root - INFO - step: 163  loss:  2.87760  grad_norm:  0.8408  memory:  0.20GiB(0.32%)  tps: 1,448  tflops: 0.04  mfu: 0.01%
[rank0]:[titan] 2026-08-13 23:01:34,774 - root - INFO - step: 164  loss:  2.72566  grad_norm:  0.8362  memory:  0.20GiB(0.32%)  tps: 2,087  tflops: 0.06  mfu: 0.02%
[rank0]:[titan] 2026-08-13 23:01:35,676 - root - INFO - step: 165  loss:  2.68614  grad_norm:  0.7173  memory:  0.20GiB(0.32%)  tps: 2,275  tflops: 0.07  mfu: 0.02%
[rank0]:[titan] 2026-08-13 23:01:36,429 - root - INFO - step: 166  loss:  2.84781  grad_norm:  0.6960  memory:  0.20GiB(0.32%)  tps: 2,724  tflops: 0.08  mfu: 0.02%
[rank0]:[titan] 2026-08-13 23:01:37,073 - root - INFO - step: 167  loss:  2.70557  grad_norm:  0.7841  memory:  0.20GiB(0.32%)  tps: 3,187  tflops: 0.10  mfu: 0.03%
[rank0]:[titan] 2026-08-13 23:01:37,640 - root - INFO - step: 168  loss:  2.71143  grad_norm:  0.7284  memory:  0.20GiB(0.32%)  tps: 3,617  tflops: 0.11  mfu: 0.03%
[rank0]:[titan] 2026-08-13 23:01:38,518 - root - INFO - step: 169  loss:  2.85898  grad_norm:  0.6354  memory:  0.20GiB(0.32%)  tps: 2,336  tflops: 0.07  mfu: 0.02%
[rank0]:[titan] 2026-08-13 23:01:39,349 - root - INFO - step: 170  loss:  2.70836  grad_norm:  0.7002  memory:  0.20GiB(0.32%)  tps: 2,469  tflops: 0.08  mfu: 0.02%
[rank0]:[titan] 2026-08-13 23:01:40,175 - root - INFO - step: 171  loss:  2.71288  grad_norm:  0.6782  memory:  0.20GiB(0.32%)  tps: 2,486  tflops: 0.08  mfu: 0.02%
[rank0]:[titan] 2026-08-13 23:01:40,895 - root - INFO - step: 172  loss:  2.86098  grad_norm:  0.6449  memory:  0.20GiB(0.32%)  tps: 2,847  tflops: 0.09  mfu: 0.02%
[rank0]:[titan] 2026-08-13 23:01:41,359 - root - INFO - step: 173  loss:  2.85989  grad_norm:  0.9447  memory:  0.20GiB(0.32%)  tps: 4,428  tflops: 0.13  mfu: 0.04%
[rank0]:[titan] 2026-08-13 23:01:41,797 - root - INFO - step: 174  loss:  3.05249  grad_norm:  0.9301  memory:  0.20GiB(0.32%)  tps: 4,692  tflops: 0.14  mfu: 0.04%
[rank0]:[titan] 2026-08-13 23:01:42,224 - root - INFO - step: 175  loss:  2.83462  grad_norm:  0.6558  memory:  0.20GiB(0.32%)  tps: 4,808  tflops: 0.15  mfu: 0.04%
[rank0]:[titan] 2026-08-13 23:01:42,648 - root - INFO - step: 176  loss:  2.94947  grad_norm:  0.7871  memory:  0.20GiB(0.32%)  tps: 4,850  tflops: 0.15  mfu: 0.04%
[rank0]:[titan] 2026-08-13 23:01:43,075 - root - INFO - step: 177  loss:  3.11267  grad_norm:  0.9474  memory:  0.20GiB(0.32%)  tps: 4,815  tflops: 0.15  mfu: 0.04%
[rank0]:[titan] 2026-08-13 23:01:43,506 - root - INFO - step: 178  loss:  2.80760  grad_norm:  0.7198  memory:  0.20GiB(0.32%)  tps: 4,764  tflops: 0.14  mfu: 0.04%
[rank0]:[titan] 2026-08-13 23:01:43,925 - root - INFO - step: 179  loss:  2.76808  grad_norm:  0.7639  memory:  0.20GiB(0.32%)  tps: 4,906  tflops: 0.15  mfu: 0.04%
[rank0]:[titan] 2026-08-13 23:01:44,343 - root - INFO - step: 180  loss:  2.77984  grad_norm:  0.8456  memory:  0.20GiB(0.32%)  tps: 4,912  tflops: 0.15  mfu: 0.04%
[rank0]:[titan] 2026-08-13 23:01:44,762 - root - INFO - step: 181  loss:  2.81242  grad_norm:  0.9274  memory:  0.20GiB(0.32%)  tps: 4,905  tflops: 0.15  mfu: 0.04%
[rank0]:[titan] 2026-08-13 23:01:45,180 - root - INFO - step: 182  loss:  2.76614  grad_norm:  0.6486  memory:  0.20GiB(0.32%)  tps: 4,911  tflops: 0.15  mfu: 0.04%
[rank0]:[titan] 2026-08-13 23:01:45,600 - root - INFO - step: 183  loss:  2.67079  grad_norm:  0.6874  memory:  0.20GiB(0.32%)  tps: 4,897  tflops: 0.15  mfu: 0.04%
[rank0]:[titan] 2026-08-13 23:01:46,022 - root - INFO - step: 184  loss:  2.81431  grad_norm:  0.7850  memory:  0.20GiB(0.32%)  tps: 4,867  tflops: 0.15  mfu: 0.04%
[rank0]:[titan] 2026-08-13 23:01:46,446 - root - INFO - step: 185  loss:  2.79849  grad_norm:  0.6232  memory:  0.20GiB(0.32%)  tps: 4,846  tflops: 0.15  mfu: 0.04%
[rank0]:[titan] 2026-08-13 23:01:46,867 - root - INFO - step: 186  loss:  2.79677  grad_norm:  0.4960  memory:  0.20GiB(0.32%)  tps: 4,886  tflops: 0.15  mfu: 0.04%
[rank0]:[titan] 2026-08-13 23:01:47,326 - root - INFO - step: 187  loss:  2.83324  grad_norm:  0.8805  memory:  0.20GiB(0.32%)  tps: 4,474  tflops: 0.14  mfu: 0.04%
[rank0]:[titan] 2026-08-13 23:01:47,800 - root - INFO - step: 188  loss:  2.84791  grad_norm:  0.7141  memory:  0.20GiB(0.32%)  tps: 4,333  tflops: 0.13  mfu: 0.04%
[rank0]:[titan] 2026-08-13 23:01:48,227 - root - INFO - step: 189  loss:  2.80605  grad_norm:  0.9388  memory:  0.20GiB(0.32%)  tps: 4,807  tflops: 0.15  mfu: 0.04%
[rank0]:[titan] 2026-08-13 23:01:49,147 - root - INFO - step: 190  loss:  2.77183  grad_norm:  0.8195  memory:  0.20GiB(0.32%)  tps: 2,231  tflops: 0.07  mfu: 0.02%
[rank0]:[titan] 2026-08-13 23:01:50,522 - root - INFO - step: 191  loss:  3.15512  grad_norm:  0.8043  memory:  0.20GiB(0.32%)  tps: 1,491  tflops: 0.05  mfu: 0.01%
[rank0]:[titan] 2026-08-13 23:01:51,663 - root - INFO - step: 192  loss:  2.77957  grad_norm:  0.6181  memory:  0.20GiB(0.32%)  tps: 1,796  tflops: 0.05  mfu: 0.02%
[rank0]:[titan] 2026-08-13 23:01:52,630 - root - INFO - step: 193  loss:  2.80985  grad_norm:  0.7918  memory:  0.20GiB(0.32%)  tps: 2,122  tflops: 0.06  mfu: 0.02%
[rank0]:[titan] 2026-08-13 23:01:53,446 - root - INFO - step: 194  loss:  2.74202  grad_norm:  0.7487  memory:  0.20GiB(0.32%)  tps: 2,514  tflops: 0.08  mfu: 0.02%
[rank0]:[titan] 2026-08-13 23:01:54,369 - root - INFO - step: 195  loss:  2.64391  grad_norm:  1.1022  memory:  0.20GiB(0.32%)  tps: 2,222  tflops: 0.07  mfu: 0.02%
[rank0]:[titan] 2026-08-13 23:01:55,015 - root - INFO - step: 196  loss:  2.70335  grad_norm:  0.5841  memory:  0.20GiB(0.32%)  tps: 3,177  tflops: 0.10  mfu: 0.03%
[rank0]:[titan] 2026-08-13 23:01:55,748 - root - INFO - step: 197  loss:  2.77826  grad_norm:  0.7536  memory:  0.20GiB(0.32%)  tps: 2,800  tflops: 0.09  mfu: 0.02%
[rank0]:[titan] 2026-08-13 23:01:56,625 - root - INFO - step: 198  loss:  2.73957  grad_norm:  0.7098  memory:  0.20GiB(0.32%)  tps: 2,339  tflops: 0.07  mfu: 0.02%
[rank0]:[titan] 2026-08-13 23:01:57,445 - root - INFO - step: 199  loss:  2.70843  grad_norm:  1.1219  memory:  0.20GiB(0.32%)  tps: 2,501  tflops: 0.08  mfu: 0.02%
[rank0]:[titan] 2026-08-13 23:01:57,449 - root - INFO - [GC] Performing periodic GC collection took 0.00 seconds
[rank0]:[titan] 2026-08-13 23:01:58,212 - root - INFO - step: 200  loss:  2.76088  grad_norm:  0.9381  memory:  0.20GiB(0.32%)  tps: 2,676  tflops: 0.08  mfu: 0.02%
[rank0]:[titan] 2026-08-13 23:01:58,675 - root - INFO - step: 201  loss:  2.66156  grad_norm:  0.7577  memory:  0.20GiB(0.32%)  tps: 4,436  tflops: 0.13  mfu: 0.04%
[rank0]:[titan] 2026-08-13 23:01:59,104 - root - INFO - step: 202  loss:  2.67509  grad_norm:  0.7514  memory:  0.20GiB(0.32%)  tps: 4,784  tflops: 0.15  mfu: 0.04%
[rank0]:[titan] 2026-08-13 23:01:59,534 - root - INFO - step: 203  loss:  2.74721  grad_norm:  0.7040  memory:  0.20GiB(0.32%)  tps: 4,777  tflops: 0.15  mfu: 0.04%
[rank0]:[titan] 2026-08-13 23:01:59,957 - root - INFO - step: 204  loss:  2.73377  grad_norm:  0.7281  memory:  0.20GiB(0.32%)  tps: 4,860  tflops: 0.15  mfu: 0.04%
[rank0]:[titan] 2026-08-13 23:02:00,396 - root - INFO - step: 205  loss:  2.77945  grad_norm:  0.9644  memory:  0.20GiB(0.32%)  tps: 4,680  tflops: 0.14  mfu: 0.04%
[rank0]:[titan] 2026-08-13 23:02:00,811 - root - INFO - step: 206  loss:  2.71039  grad_norm:  0.8939  memory:  0.20GiB(0.32%)  tps: 4,950  tflops: 0.15  mfu: 0.04%
[rank0]:[titan] 2026-08-13 23:02:01,234 - root - INFO - step: 207  loss:  2.74949  grad_norm:  0.6512  memory:  0.20GiB(0.32%)  tps: 4,865  tflops: 0.15  mfu: 0.04%
[rank0]:[titan] 2026-08-13 23:02:01,659 - root - INFO - step: 208  loss:  2.77881  grad_norm:  0.6844  memory:  0.20GiB(0.32%)  tps: 4,826  tflops: 0.15  mfu: 0.04%
[rank0]:[titan] 2026-08-13 23:02:02,086 - root - INFO - step: 209  loss:  2.70259  grad_norm:  0.6786  memory:  0.20GiB(0.32%)  tps: 4,816  tflops: 0.15  mfu: 0.04%
[rank0]:[titan] 2026-08-13 23:02:02,510 - root - INFO - step: 210  loss:  2.74222  grad_norm:  0.8300  memory:  0.20GiB(0.32%)  tps: 4,841  tflops: 0.15  mfu: 0.04%
[rank0]:[titan] 2026-08-13 23:02:02,949 - root - INFO - step: 211  loss:  2.90457  grad_norm:  0.9351  memory:  0.20GiB(0.32%)  tps: 4,684  tflops: 0.14  mfu: 0.04%
[rank0]:[titan] 2026-08-13 23:02:03,392 - root - INFO - step: 212  loss:  2.89386  grad_norm:  0.8669  memory:  0.20GiB(0.32%)  tps: 4,641  tflops: 0.14  mfu: 0.04%
[rank0]:[titan] 2026-08-13 23:02:03,831 - root - INFO - step: 213  loss:  2.76579  grad_norm:  0.8575  memory:  0.20GiB(0.32%)  tps: 4,678  tflops: 0.14  mfu: 0.04%
[rank0]:[titan] 2026-08-13 23:02:04,275 - root - INFO - step: 214  loss:  2.75696  grad_norm:  0.7744  memory:  0.20GiB(0.32%)  tps: 4,628  tflops: 0.14  mfu: 0.04%
[rank0]:[titan] 2026-08-13 23:02:04,740 - root - INFO - step: 215  loss:  2.81961  grad_norm:  0.8513  memory:  0.20GiB(0.32%)  tps: 4,411  tflops: 0.13  mfu: 0.04%
[rank0]:[titan] 2026-08-13 23:02:05,213 - root - INFO - step: 216  loss:  2.97736  grad_norm:  0.9530  memory:  0.20GiB(0.32%)  tps: 4,344  tflops: 0.13  mfu: 0.04%
[rank0]:[titan] 2026-08-13 23:02:05,642 - root - INFO - step: 217  loss:  2.73809  grad_norm:  0.9809  memory:  0.20GiB(0.32%)  tps: 4,794  tflops: 0.15  mfu: 0.04%
[rank0]:[titan] 2026-08-13 23:02:06,674 - root - INFO - step: 218  loss:  2.77645  grad_norm:  0.7812  memory:  0.20GiB(0.32%)  tps: 1,987  tflops: 0.06  mfu: 0.02%
[rank0]:[titan] 2026-08-13 23:02:08,049 - root - INFO - step: 219  loss:  2.76400  grad_norm:  0.8516  memory:  0.20GiB(0.32%)  tps: 1,491  tflops: 0.05  mfu: 0.01%
[rank0]:[titan] 2026-08-13 23:02:09,014 - root - INFO - step: 220  loss:  2.78354  grad_norm:  0.5439  memory:  0.20GiB(0.32%)  tps: 2,126  tflops: 0.06  mfu: 0.02%
[rank0]:[titan] 2026-08-13 23:02:09,745 - root - INFO - step: 221  loss:  2.71696  grad_norm:  1.4253  memory:  0.20GiB(0.32%)  tps: 2,805  tflops: 0.09  mfu: 0.02%
[rank0]:[titan] 2026-08-13 23:02:10,686 - root - INFO - step: 222  loss:  2.79265  grad_norm:  1.2579  memory:  0.20GiB(0.32%)  tps: 2,180  tflops: 0.07  mfu: 0.02%
[rank0]:[titan] 2026-08-13 23:02:11,506 - root - INFO - step: 223  loss:  2.78411  grad_norm:  1.2031  memory:  0.20GiB(0.32%)  tps: 2,503  tflops: 0.08  mfu: 0.02%
[rank0]:[titan] 2026-08-13 23:02:12,104 - root - INFO - step: 224  loss:  2.93155  grad_norm:  0.8060  memory:  0.20GiB(0.32%)  tps: 3,433  tflops: 0.10  mfu: 0.03%
[rank0]:[titan] 2026-08-13 23:02:12,850 - root - INFO - step: 225  loss:  2.76831  grad_norm:  0.9325  memory:  0.20GiB(0.32%)  tps: 2,748  tflops: 0.08  mfu: 0.02%
[rank0]:[titan] 2026-08-13 23:02:13,606 - root - INFO - step: 226  loss:  2.74750  grad_norm:  0.5361  memory:  0.20GiB(0.32%)  tps: 2,715  tflops: 0.08  mfu: 0.02%
[rank0]:[titan] 2026-08-13 23:02:14,353 - root - INFO - step: 227  loss:  2.71258  grad_norm:  0.5656  memory:  0.20GiB(0.32%)  tps: 2,744  tflops: 0.08  mfu: 0.02%
[rank0]:[titan] 2026-08-13 23:02:15,064 - root - INFO - step: 228  loss:  2.74123  grad_norm:  0.8278  memory:  0.20GiB(0.32%)  tps: 2,885  tflops: 0.09  mfu: 0.02%
[rank0]:[titan] 2026-08-13 23:02:15,603 - root - INFO - step: 229  loss:  2.74898  grad_norm:  1.1820  memory:  0.20GiB(0.32%)  tps: 3,812  tflops: 0.12  mfu: 0.03%
[rank0]:[titan] 2026-08-13 23:02:16,047 - root - INFO - step: 230  loss:  2.73103  grad_norm:  0.8967  memory:  0.20GiB(0.32%)  tps: 4,624  tflops: 0.14  mfu: 0.04%
[rank0]:[titan] 2026-08-13 23:02:16,493 - root - INFO - step: 231  loss:  2.89781  grad_norm:  0.8955  memory:  0.20GiB(0.32%)  tps: 4,607  tflops: 0.14  mfu: 0.04%
[rank0]:[titan] 2026-08-13 23:02:16,936 - root - INFO - step: 232  loss:  2.75302  grad_norm:  0.8476  memory:  0.20GiB(0.32%)  tps: 4,638  tflops: 0.14  mfu: 0.04%
[rank0]:[titan] 2026-08-13 23:02:17,370 - root - INFO - step: 233  loss:  2.68593  grad_norm:  0.8681  memory:  0.20GiB(0.32%)  tps: 4,732  tflops: 0.14  mfu: 0.04%
[rank0]:[titan] 2026-08-13 23:02:17,803 - root - INFO - step: 234  loss:  2.83559  grad_norm:  0.7595  memory:  0.20GiB(0.32%)  tps: 4,744  tflops: 0.14  mfu: 0.04%
[rank0]:[titan] 2026-08-13 23:02:18,249 - root - INFO - step: 235  loss:  2.84573  grad_norm:  0.8060  memory:  0.20GiB(0.32%)  tps: 4,606  tflops: 0.14  mfu: 0.04%
[rank0]:[titan] 2026-08-13 23:02:18,686 - root - INFO - step: 236  loss:  2.86438  grad_norm:  0.8131  memory:  0.20GiB(0.32%)  tps: 4,708  tflops: 0.14  mfu: 0.04%
[rank0]:[titan] 2026-08-13 23:02:19,130 - root - INFO - step: 237  loss:  2.80419  grad_norm:  0.8999  memory:  0.20GiB(0.32%)  tps: 4,624  tflops: 0.14  mfu: 0.04%
[rank0]:[titan] 2026-08-13 23:02:19,570 - root - INFO - step: 238  loss:  2.69148  grad_norm:  0.7175  memory:  0.20GiB(0.32%)  tps: 4,664  tflops: 0.14  mfu: 0.04%
[rank0]:[titan] 2026-08-13 23:02:20,008 - root - INFO - step: 239  loss:  2.69196  grad_norm:  0.7306  memory:  0.20GiB(0.32%)  tps: 4,699  tflops: 0.14  mfu: 0.04%
[rank0]:[titan] 2026-08-13 23:02:20,448 - root - INFO - step: 240  loss:  2.68564  grad_norm:  0.7481  memory:  0.20GiB(0.32%)  tps: 4,669  tflops: 0.14  mfu: 0.04%
[rank0]:[titan] 2026-08-13 23:02:20,898 - root - INFO - step: 241  loss:  2.84044  grad_norm:  0.6491  memory:  0.20GiB(0.32%)  tps: 4,560  tflops: 0.14  mfu: 0.04%
[rank0]:[titan] 2026-08-13 23:02:21,383 - root - INFO - step: 242  loss:  2.85509  grad_norm:  0.6763  memory:  0.20GiB(0.32%)  tps: 4,234  tflops: 0.13  mfu: 0.04%
[rank0]:[titan] 2026-08-13 23:02:21,855 - root - INFO - step: 243  loss:  2.69590  grad_norm:  0.5641  memory:  0.20GiB(0.32%)  tps: 4,356  tflops: 0.13  mfu: 0.04%
[rank0]:[titan] 2026-08-13 23:02:22,311 - root - INFO - step: 244  loss:  2.71041  grad_norm:  0.8059  memory:  0.20GiB(0.32%)  tps: 4,504  tflops: 0.14  mfu: 0.04%
[rank0]:[titan] 2026-08-13 23:02:23,542 - root - INFO - step: 245  loss:  2.74234  grad_norm:  0.9748  memory:  0.20GiB(0.32%)  tps: 1,666  tflops: 0.05  mfu: 0.01%
[rank0]:[titan] 2026-08-13 23:02:24,844 - root - INFO - step: 246  loss:  2.76038  grad_norm:  0.6343  memory:  0.20GiB(0.32%)  tps: 1,574  tflops: 0.05  mfu: 0.01%
[rank0]:[titan] 2026-08-13 23:02:25,940 - root - INFO - step: 247  loss:  2.74621  grad_norm:  0.6316  memory:  0.20GiB(0.32%)  tps: 1,872  tflops: 0.06  mfu: 0.02%
[rank0]:[titan] 2026-08-13 23:02:26,821 - root - INFO - step: 248  loss:  2.67756  grad_norm:  0.7602  memory:  0.20GiB(0.32%)  tps: 2,327  tflops: 0.07  mfu: 0.02%
[rank0]:[titan] 2026-08-13 23:02:27,577 - root - INFO - step: 249  loss:  2.76870  grad_norm:  0.8336  memory:  0.20GiB(0.32%)  tps: 2,715  tflops: 0.08  mfu: 0.02%
[rank0]:[titan] 2026-08-13 23:02:27,580 - root - INFO - [GC] Performing periodic GC collection took 0.00 seconds
[rank0]:[titan] 2026-08-13 23:02:28,234 - root - INFO - step: 250  loss:  2.72217  grad_norm:  0.7224  memory:  0.20GiB(0.32%)  tps: 3,124  tflops: 0.10  mfu: 0.03%
[rank0]:[titan] 2026-08-13 23:02:28,869 - root - INFO - step: 251  loss:  2.62095  grad_norm:  1.0028  memory:  0.20GiB(0.32%)  tps: 3,229  tflops: 0.10  mfu: 0.03%
[rank0]:[titan] 2026-08-13 23:02:29,698 - root - INFO - step: 252  loss:  2.66312  grad_norm:  0.8060  memory:  0.20GiB(0.32%)  tps: 2,477  tflops: 0.08  mfu: 0.02%
[rank0]:[titan] 2026-08-13 23:02:30,517 - root - INFO - step: 253  loss:  2.63154  grad_norm:  0.7421  memory:  0.20GiB(0.32%)  tps: 2,503  tflops: 0.08  mfu: 0.02%
[rank0]:[titan] 2026-08-13 23:02:31,411 - root - INFO - step: 254  loss:  2.64125  grad_norm:  0.8314  memory:  0.20GiB(0.32%)  tps: 2,294  tflops: 0.07  mfu: 0.02%
[rank0]:[titan] 2026-08-13 23:02:32,010 - root - INFO - step: 255  loss:  2.62821  grad_norm:  0.7899  memory:  0.20GiB(0.32%)  tps: 3,426  tflops: 0.10  mfu: 0.03%
[rank0]:[titan] 2026-08-13 23:02:32,459 - root - INFO - step: 256  loss:  2.64915  grad_norm:  0.6873  memory:  0.20GiB(0.32%)  tps: 4,576  tflops: 0.14  mfu: 0.04%
[rank0]:[titan] 2026-08-13 23:02:32,914 - root - INFO - step: 257  loss:  2.73325  grad_norm:  0.5806  memory:  0.20GiB(0.32%)  tps: 4,511  tflops: 0.14  mfu: 0.04%
[rank0]:[titan] 2026-08-13 23:02:33,352 - root - INFO - step: 258  loss:  2.71040  grad_norm:  0.9747  memory:  0.20GiB(0.32%)  tps: 4,694  tflops: 0.14  mfu: 0.04%
[rank0]:[titan] 2026-08-13 23:02:33,783 - root - INFO - step: 259  loss:  2.68320  grad_norm:  0.8329  memory:  0.20GiB(0.32%)  tps: 4,770  tflops: 0.15  mfu: 0.04%
[rank0]:[titan] 2026-08-13 23:02:34,213 - root - INFO - step: 260  loss:  2.67657  grad_norm:  0.7737  memory:  0.20GiB(0.32%)  tps: 4,769  tflops: 0.15  mfu: 0.04%
[rank0]:[titan] 2026-08-13 23:02:34,661 - root - INFO - step: 261  loss:  2.61001  grad_norm:  0.5894  memory:  0.20GiB(0.32%)  tps: 4,590  tflops: 0.14  mfu: 0.04%
[rank0]:[titan] 2026-08-13 23:02:35,107 - root - INFO - step: 262  loss:  2.68697  grad_norm:  0.9767  memory:  0.20GiB(0.32%)  tps: 4,604  tflops: 0.14  mfu: 0.04%
[rank0]:[titan] 2026-08-13 23:02:35,542 - root - INFO - step: 263  loss:  2.64545  grad_norm:  0.9023  memory:  0.20GiB(0.32%)  tps: 4,714  tflops: 0.14  mfu: 0.04%
[rank0]:[titan] 2026-08-13 23:02:35,986 - root - INFO - step: 264  loss:  2.70960  grad_norm:  0.7234  memory:  0.20GiB(0.32%)  tps: 4,629  tflops: 0.14  mfu: 0.04%
[rank0]:[titan] 2026-08-13 23:02:36,423 - root - INFO - step: 265  loss:  2.69415  grad_norm:  0.7761  memory:  0.20GiB(0.32%)  tps: 4,708  tflops: 0.14  mfu: 0.04%
[rank0]:[titan] 2026-08-13 23:02:36,853 - root - INFO - step: 266  loss:  2.65451  grad_norm:  0.6852  memory:  0.20GiB(0.32%)  tps: 4,780  tflops: 0.15  mfu: 0.04%
[rank0]:[titan] 2026-08-13 23:02:37,287 - root - INFO - step: 267  loss:  2.76921  grad_norm:  0.6969  memory:  0.20GiB(0.32%)  tps: 4,735  tflops: 0.14  mfu: 0.04%
[rank0]:[titan] 2026-08-13 23:02:37,722 - root - INFO - step: 268  loss:  2.72770  grad_norm:  0.6341  memory:  0.20GiB(0.32%)  tps: 4,719  tflops: 0.14  mfu: 0.04%
[rank0]:[titan] 2026-08-13 23:02:38,218 - root - INFO - step: 269  loss:  2.61464  grad_norm:  0.5512  memory:  0.20GiB(0.32%)  tps: 4,138  tflops: 0.13  mfu: 0.04%
[rank0]:[titan] 2026-08-13 23:02:38,663 - root - INFO - step: 270  loss:  2.76205  grad_norm:  0.8365  memory:  0.20GiB(0.32%)  tps: 4,617  tflops: 0.14  mfu: 0.04%
[rank0]:[titan] 2026-08-13 23:02:39,139 - root - INFO - step: 271  loss:  2.88613  grad_norm:  0.9104  memory:  0.20GiB(0.32%)  tps: 4,315  tflops: 0.13  mfu: 0.04%
[rank0]:[titan] 2026-08-13 23:02:39,744 - root - INFO - step: 272  loss:  2.76721  grad_norm:  0.8419  memory:  0.20GiB(0.32%)  tps: 3,391  tflops: 0.10  mfu: 0.03%
[rank0]:[titan] 2026-08-13 23:02:41,092 - root - INFO - step: 273  loss:  2.63439  grad_norm:  0.8304  memory:  0.20GiB(0.32%)  tps: 1,521  tflops: 0.05  mfu: 0.01%
[rank0]:[titan] 2026-08-13 23:02:42,337 - root - INFO - step: 274  loss:  2.82429  grad_norm:  0.7437  memory:  0.20GiB(0.32%)  tps: 1,647  tflops: 0.05  mfu: 0.01%
[rank0]:[titan] 2026-08-13 23:02:43,087 - root - INFO - step: 275  loss:  3.05408  grad_norm:  0.8800  memory:  0.20GiB(0.32%)  tps: 2,734  tflops: 0.08  mfu: 0.02%
[rank0]:[titan] 2026-08-13 23:02:43,990 - root - INFO - step: 276  loss:  2.72173  grad_norm:  0.7464  memory:  0.20GiB(0.32%)  tps: 2,272  tflops: 0.07  mfu: 0.02%
[rank0]:[titan] 2026-08-13 23:02:44,682 - root - INFO - step: 277  loss:  2.66000  grad_norm:  0.6791  memory:  0.20GiB(0.32%)  tps: 2,967  tflops: 0.09  mfu: 0.03%
[rank0]:[titan] 2026-08-13 23:02:45,390 - root - INFO - step: 278  loss:  2.69264  grad_norm:  0.5964  memory:  0.20GiB(0.32%)  tps: 2,897  tflops: 0.09  mfu: 0.02%
[rank0]:[titan] 2026-08-13 23:02:45,910 - root - INFO - step: 279  loss:  2.61033  grad_norm:  0.5321  memory:  0.20GiB(0.32%)  tps: 3,954  tflops: 0.12  mfu: 0.03%
[rank0]:[titan] 2026-08-13 23:02:46,650 - root - INFO - step: 280  loss:  2.58424  grad_norm:  0.7179  memory:  0.20GiB(0.32%)  tps: 2,771  tflops: 0.08  mfu: 0.02%
[rank0]:[titan] 2026-08-13 23:02:47,464 - root - INFO - step: 281  loss:  2.64450  grad_norm:  0.6642  memory:  0.20GiB(0.32%)  tps: 2,520  tflops: 0.08  mfu: 0.02%
[rank0]:[titan] 2026-08-13 23:02:48,399 - root - INFO - step: 282  loss:  2.85886  grad_norm:  0.7818  memory:  0.20GiB(0.32%)  tps: 2,193  tflops: 0.07  mfu: 0.02%
[rank0]:[titan] 2026-08-13 23:02:49,179 - root - INFO - step: 283  loss:  2.74909  grad_norm:  0.7781  memory:  0.20GiB(0.32%)  tps: 2,633  tflops: 0.08  mfu: 0.02%
[rank0]:[titan] 2026-08-13 23:02:49,625 - root - INFO - step: 284  loss:  2.79407  grad_norm:  0.8399  memory:  0.20GiB(0.32%)  tps: 4,602  tflops: 0.14  mfu: 0.04%
[rank0]:[titan] 2026-08-13 23:02:50,059 - root - INFO - step: 285  loss:  2.71483  grad_norm:  0.9338  memory:  0.20GiB(0.32%)  tps: 4,737  tflops: 0.14  mfu: 0.04%
[rank0]:[titan] 2026-08-13 23:02:50,492 - root - INFO - step: 286  loss:  2.73723  grad_norm:  0.7031  memory:  0.20GiB(0.32%)  tps: 4,741  tflops: 0.14  mfu: 0.04%
[rank0]:[titan] 2026-08-13 23:02:50,912 - root - INFO - step: 287  loss:  2.65400  grad_norm:  0.7165  memory:  0.20GiB(0.32%)  tps: 4,887  tflops: 0.15  mfu: 0.04%
[rank0]:[titan] 2026-08-13 23:02:51,354 - root - INFO - step: 288  loss:  2.64917  grad_norm:  0.7879  memory:  0.20GiB(0.32%)  tps: 4,648  tflops: 0.14  mfu: 0.04%
[rank0]:[titan] 2026-08-13 23:02:51,779 - root - INFO - step: 289  loss:  2.61267  grad_norm:  0.9432  memory:  0.20GiB(0.32%)  tps: 4,844  tflops: 0.15  mfu: 0.04%
[rank0]:[titan] 2026-08-13 23:02:52,198 - root - INFO - step: 290  loss:  2.51789  grad_norm:  0.6870  memory:  0.20GiB(0.32%)  tps: 4,903  tflops: 0.15  mfu: 0.04%
[rank0]:[titan] 2026-08-13 23:02:52,615 - root - INFO - step: 291  loss:  2.61028  grad_norm:  0.6330  memory:  0.20GiB(0.32%)  tps: 4,924  tflops: 0.15  mfu: 0.04%
[rank0]:[titan] 2026-08-13 23:02:53,050 - root - INFO - step: 292  loss:  2.86059  grad_norm:  0.9114  memory:  0.20GiB(0.32%)  tps: 4,719  tflops: 0.14  mfu: 0.04%
[rank0]:[titan] 2026-08-13 23:02:53,490 - root - INFO - step: 293  loss:  2.77191  grad_norm:  0.6387  memory:  0.20GiB(0.32%)  tps: 4,677  tflops: 0.14  mfu: 0.04%
[rank0]:[titan] 2026-08-13 23:02:53,912 - root - INFO - step: 294  loss:  2.63137  grad_norm:  0.8453  memory:  0.20GiB(0.32%)  tps: 4,859  tflops: 0.15  mfu: 0.04%
[rank0]:[titan] 2026-08-13 23:02:54,340 - root - INFO - step: 295  loss:  2.79019  grad_norm:  0.7227  memory:  0.20GiB(0.32%)  tps: 4,820  tflops: 0.15  mfu: 0.04%
[rank0]:[titan] 2026-08-13 23:02:54,773 - root - INFO - step: 296  loss:  2.80702  grad_norm:  0.5737  memory:  0.20GiB(0.32%)  tps: 4,736  tflops: 0.14  mfu: 0.04%
[rank0]:[titan] 2026-08-13 23:02:55,198 - root - INFO - step: 297  loss:  2.74443  grad_norm:  0.7825  memory:  0.20GiB(0.32%)  tps: 4,836  tflops: 0.15  mfu: 0.04%
[rank0]:[titan] 2026-08-13 23:02:55,623 - root - INFO - step: 298  loss:  2.87512  grad_norm:  0.8085  memory:  0.20GiB(0.32%)  tps: 4,835  tflops: 0.15  mfu: 0.04%
[rank0]:[titan] 2026-08-13 23:02:56,062 - root - INFO - step: 299  loss:  2.87277  grad_norm:  0.6318  memory:  0.20GiB(0.32%)  tps: 4,680  tflops: 0.14  mfu: 0.04%
[rank0]:[titan] 2026-08-13 23:02:56,065 - root - INFO - [GC] Performing periodic GC collection took 0.00 seconds
[rank0]:[titan] 2026-08-13 23:02:56,538 - root - INFO - step: 300  loss:  2.76917  grad_norm:  0.9508  memory:  0.20GiB(0.32%)  tps: 4,316  tflops: 0.13  mfu: 0.04%
[rank0]:[titan] 2026-08-13 23:02:57,032 - root - INFO - step: 301  loss:  2.71678  grad_norm:  0.7119  memory:  0.20GiB(0.32%)  tps: 4,157  tflops: 0.13  mfu: 0.04%
[rank0]:[titan] 2026-08-13 23:02:57,472 - root - INFO - step: 302  loss:  2.96878  grad_norm:  0.7193  memory:  0.20GiB(0.32%)  tps: 4,673  tflops: 0.14  mfu: 0.04%
[rank0]:[titan] 2026-08-13 23:02:58,441 - root - INFO - step: 303  loss:  2.66936  grad_norm:  0.6182  memory:  0.20GiB(0.32%)  tps: 2,116  tflops: 0.06  mfu: 0.02%
[rank0]:[titan] 2026-08-13 23:02:59,998 - root - INFO - step: 304  loss:  2.76790  grad_norm:  0.7435  memory:  0.20GiB(0.32%)  tps: 1,317  tflops: 0.04  mfu: 0.01%
[rank0]:[titan] 2026-08-13 23:03:01,089 - root - INFO - step: 305  loss:  2.70917  grad_norm:  0.7262  memory:  0.20GiB(0.32%)  tps: 1,878  tflops: 0.06  mfu: 0.02%
[rank0]:[titan] 2026-08-13 23:03:02,111 - root - INFO - step: 306  loss:  2.72542  grad_norm:  0.7248  memory:  0.20GiB(0.32%)  tps: 2,008  tflops: 0.06  mfu: 0.02%
[rank0]:[titan] 2026-08-13 23:03:02,843 - root - INFO - step: 307  loss:  2.78587  grad_norm:  0.6152  memory:  0.20GiB(0.32%)  tps: 2,801  tflops: 0.09  mfu: 0.02%
[rank0]:[titan] 2026-08-13 23:03:03,587 - root - INFO - step: 308  loss:  2.74526  grad_norm:  0.7655  memory:  0.20GiB(0.32%)  tps: 2,759  tflops: 0.08  mfu: 0.02%
[rank0]:[titan] 2026-08-13 23:03:04,264 - root - INFO - step: 309  loss:  2.68489  grad_norm:  0.5188  memory:  0.20GiB(0.32%)  tps: 3,029  tflops: 0.09  mfu: 0.03%
[rank0]:[titan] 2026-08-13 23:03:04,998 - root - INFO - step: 310  loss:  2.65374  grad_norm:  0.5320  memory:  0.20GiB(0.32%)  tps: 2,798  tflops: 0.09  mfu: 0.02%
[rank0]:[titan] 2026-08-13 23:03:05,632 - root - INFO - step: 311  loss:  2.80396  grad_norm:  0.8220  memory:  0.20GiB(0.32%)  tps: 3,234  tflops: 0.10  mfu: 0.03%
[rank0]:[titan] 2026-08-13 23:03:06,387 - root - INFO - step: 312  loss:  2.77725  grad_norm:  0.7070  memory:  0.20GiB(0.32%)  tps: 2,718  tflops: 0.08  mfu: 0.02%
[rank0]:[titan] 2026-08-13 23:03:07,088 - root - INFO - step: 313  loss:  2.77145  grad_norm:  0.7973  memory:  0.20GiB(0.32%)  tps: 2,928  tflops: 0.09  mfu: 0.03%
[rank0]:[titan] 2026-08-13 23:03:07,548 - root - INFO - step: 314  loss:  2.78826  grad_norm:  0.5494  memory:  0.20GiB(0.32%)  tps: 4,464  tflops: 0.14  mfu: 0.04%
[rank0]:[titan] 2026-08-13 23:03:07,976 - root - INFO - step: 315  loss:  2.72008  grad_norm:  0.5164  memory:  0.20GiB(0.32%)  tps: 4,799  tflops: 0.15  mfu: 0.04%
[rank0]:[titan] 2026-08-13 23:03:08,408 - root - INFO - step: 316  loss:  2.89107  grad_norm:  0.6110  memory:  0.20GiB(0.32%)  tps: 4,755  tflops: 0.14  mfu: 0.04%
[rank0]:[titan] 2026-08-13 23:03:08,838 - root - INFO - step: 317  loss:  2.81440  grad_norm:  0.7191  memory:  0.20GiB(0.32%)  tps: 4,779  tflops: 0.15  mfu: 0.04%
[rank0]:[titan] 2026-08-13 23:03:09,265 - root - INFO - step: 318  loss:  2.81093  grad_norm:  0.5878  memory:  0.20GiB(0.32%)  tps: 4,802  tflops: 0.15  mfu: 0.04%
[rank0]:[titan] 2026-08-13 23:03:09,694 - root - INFO - step: 319  loss:  2.80712  grad_norm:  0.8716  memory:  0.20GiB(0.32%)  tps: 4,792  tflops: 0.15  mfu: 0.04%
[rank0]:[titan] 2026-08-13 23:03:10,126 - root - INFO - step: 320  loss:  2.74810  grad_norm:  0.6720  memory:  0.20GiB(0.32%)  tps: 4,761  tflops: 0.14  mfu: 0.04%
[rank0]:[titan] 2026-08-13 23:03:10,555 - root - INFO - step: 321  loss:  2.67826  grad_norm:  0.7076  memory:  0.20GiB(0.32%)  tps: 4,787  tflops: 0.15  mfu: 0.04%
[rank0]:[titan] 2026-08-13 23:03:10,991 - root - INFO - step: 322  loss:  2.67895  grad_norm:  0.6515  memory:  0.20GiB(0.32%)  tps: 4,707  tflops: 0.14  mfu: 0.04%
[rank0]:[titan] 2026-08-13 23:03:11,424 - root - INFO - step: 323  loss:  2.75178  grad_norm:  0.9165  memory:  0.20GiB(0.32%)  tps: 4,749  tflops: 0.14  mfu: 0.04%
[rank0]:[titan] 2026-08-13 23:03:11,859 - root - INFO - step: 324  loss:  2.70574  grad_norm:  0.8175  memory:  0.20GiB(0.32%)  tps: 4,728  tflops: 0.14  mfu: 0.04%
[rank0]:[titan] 2026-08-13 23:03:12,292 - root - INFO - step: 325  loss:  2.76768  grad_norm:  0.5654  memory:  0.20GiB(0.32%)  tps: 4,739  tflops: 0.14  mfu: 0.04%
[rank0]:[titan] 2026-08-13 23:03:12,730 - root - INFO - step: 326  loss:  2.76199  grad_norm:  0.8622  memory:  0.20GiB(0.32%)  tps: 4,688  tflops: 0.14  mfu: 0.04%
[rank0]:[titan] 2026-08-13 23:03:13,175 - root - INFO - step: 327  loss:  3.42491  grad_norm:  1.7563  memory:  0.20GiB(0.32%)  tps: 4,621  tflops: 0.14  mfu: 0.04%
[rank0]:[titan] 2026-08-13 23:03:13,647 - root - INFO - step: 328  loss:  2.70941  grad_norm:  0.9378  memory:  0.20GiB(0.32%)  tps: 4,356  tflops: 0.13  mfu: 0.04%
[rank0]:[titan] 2026-08-13 23:03:14,105 - root - INFO - step: 329  loss:  2.69257  grad_norm:  0.7759  memory:  0.20GiB(0.32%)  tps: 4,480  tflops: 0.14  mfu: 0.04%
[rank0]:[titan] 2026-08-13 23:03:14,588 - root - INFO - step: 330  loss:  2.72406  grad_norm:  0.5913  memory:  0.20GiB(0.32%)  tps: 4,252  tflops: 0.13  mfu: 0.04%
[rank0]:[titan] 2026-08-13 23:03:15,103 - root - INFO - step: 331  loss:  2.69998  grad_norm:  0.8150  memory:  0.20GiB(0.32%)  tps: 3,989  tflops: 0.12  mfu: 0.03%
[rank0]:[titan] 2026-08-13 23:03:16,365 - root - INFO - step: 332  loss:  2.65432  grad_norm:  0.8668  memory:  0.20GiB(0.32%)  tps: 1,624  tflops: 0.05  mfu: 0.01%
[rank0]:[titan] 2026-08-13 23:03:17,494 - root - INFO - step: 333  loss:  2.72403  grad_norm:  0.6479  memory:  0.20GiB(0.32%)  tps: 1,817  tflops: 0.06  mfu: 0.02%
[rank0]:[titan] 2026-08-13 23:03:18,281 - root - INFO - step: 334  loss:  2.66894  grad_norm:  0.6859  memory:  0.20GiB(0.32%)  tps: 2,604  tflops: 0.08  mfu: 0.02%
[rank0]:[titan] 2026-08-13 23:03:19,399 - root - INFO - step: 335  loss:  2.61415  grad_norm:  0.7046  memory:  0.20GiB(0.32%)  tps: 1,834  tflops: 0.06  mfu: 0.02%
[rank0]:[titan] 2026-08-13 23:03:20,210 - root - INFO - step: 336  loss:  2.59650  grad_norm:  0.5673  memory:  0.20GiB(0.32%)  tps: 2,529  tflops: 0.08  mfu: 0.02%
[rank0]:[titan] 2026-08-13 23:03:20,976 - root - INFO - step: 337  loss:  2.84499  grad_norm:  0.8493  memory:  0.20GiB(0.32%)  tps: 2,678  tflops: 0.08  mfu: 0.02%
[rank0]:[titan] 2026-08-13 23:03:21,632 - root - INFO - step: 338  loss:  2.72468  grad_norm:  0.7951  memory:  0.20GiB(0.32%)  tps: 3,129  tflops: 0.10  mfu: 0.03%
[rank0]:[titan] 2026-08-13 23:03:22,332 - root - INFO - step: 339  loss:  2.93063  grad_norm:  0.8038  memory:  0.20GiB(0.32%)  tps: 2,934  tflops: 0.09  mfu: 0.03%
[rank0]:[titan] 2026-08-13 23:03:23,215 - root - INFO - step: 340  loss:  2.73539  grad_norm:  0.6826  memory:  0.20GiB(0.32%)  tps: 2,322  tflops: 0.07  mfu: 0.02%
[rank0]:[titan] 2026-08-13 23:03:23,971 - root - INFO - step: 341  loss:  2.78453  grad_norm:  0.9137  memory:  0.20GiB(0.32%)  tps: 2,714  tflops: 0.08  mfu: 0.02%
[rank0]:[titan] 2026-08-13 23:03:24,568 - root - INFO - step: 342  loss:  2.72617  grad_norm:  0.8104  memory:  0.20GiB(0.32%)  tps: 3,437  tflops: 0.10  mfu: 0.03%
[rank0]:[titan] 2026-08-13 23:03:25,022 - root - INFO - step: 343  loss:  2.74036  grad_norm:  0.7009  memory:  0.20GiB(0.32%)  tps: 4,520  tflops: 0.14  mfu: 0.04%
[rank0]:[titan] 2026-08-13 23:03:25,470 - root - INFO - step: 344  loss:  2.71411  grad_norm:  0.7329  memory:  0.20GiB(0.32%)  tps: 4,588  tflops: 0.14  mfu: 0.04%
[rank0]:[titan] 2026-08-13 23:03:25,921 - root - INFO - step: 345  loss:  2.78621  grad_norm:  0.5626  memory:  0.20GiB(0.32%)  tps: 4,550  tflops: 0.14  mfu: 0.04%
[rank0]:[titan] 2026-08-13 23:03:26,370 - root - INFO - step: 346  loss:  2.82725  grad_norm:  0.6893  memory:  0.20GiB(0.32%)  tps: 4,582  tflops: 0.14  mfu: 0.04%
[rank0]:[titan] 2026-08-13 23:03:26,817 - root - INFO - step: 347  loss:  2.94530  grad_norm:  0.8275  memory:  0.20GiB(0.32%)  tps: 4,591  tflops: 0.14  mfu: 0.04%
[rank0]:[titan] 2026-08-13 23:03:27,259 - root - INFO - step: 348  loss:  2.85721  grad_norm:  1.0975  memory:  0.20GiB(0.32%)  tps: 4,650  tflops: 0.14  mfu: 0.04%
[rank0]:[titan] 2026-08-13 23:03:27,699 - root - INFO - step: 349  loss:  3.20394  grad_norm:  0.9330  memory:  0.20GiB(0.32%)  tps: 4,664  tflops: 0.14  mfu: 0.04%
[rank0]:[titan] 2026-08-13 23:03:27,703 - root - INFO - [GC] Performing periodic GC collection took 0.00 seconds
[rank0]:[titan] 2026-08-13 23:03:28,148 - root - INFO - step: 350  loss:  3.04582  grad_norm:  0.9906  memory:  0.20GiB(0.32%)  tps: 4,579  tflops: 0.14  mfu: 0.04%
[rank0]:[titan] 2026-08-13 23:03:28,622 - root - INFO - step: 351  loss:  2.82139  grad_norm:  0.6599  memory:  0.20GiB(0.32%)  tps: 4,334  tflops: 0.13  mfu: 0.04%
[rank0]:[titan] 2026-08-13 23:03:29,059 - root - INFO - step: 352  loss:  2.81373  grad_norm:  0.4792  memory:  0.20GiB(0.32%)  tps: 4,698  tflops: 0.14  mfu: 0.04%
[rank0]:[titan] 2026-08-13 23:03:29,501 - root - INFO - step: 353  loss:  2.77825  grad_norm:  0.4914  memory:  0.20GiB(0.32%)  tps: 4,649  tflops: 0.14  mfu: 0.04%
[rank0]:[titan] 2026-08-13 23:03:29,954 - root - INFO - step: 354  loss:  2.85360  grad_norm:  0.5925  memory:  0.20GiB(0.32%)  tps: 4,532  tflops: 0.14  mfu: 0.04%
[rank0]:[titan] 2026-08-13 23:03:30,435 - root - INFO - step: 355  loss:  2.81427  grad_norm:  0.6745  memory:  0.20GiB(0.32%)  tps: 4,276  tflops: 0.13  mfu: 0.04%
[rank0]:[titan] 2026-08-13 23:03:30,919 - root - INFO - step: 356  loss:  2.84519  grad_norm:  0.6051  memory:  0.20GiB(0.32%)  tps: 4,237  tflops: 0.13  mfu: 0.04%
[rank0]:[titan] 2026-08-13 23:03:31,363 - root - INFO - step: 357  loss:  2.84484  grad_norm:  0.6560  memory:  0.20GiB(0.32%)  tps: 4,628  tflops: 0.14  mfu: 0.04%
[rank0]:[titan] 2026-08-13 23:03:32,415 - root - INFO - step: 358  loss:  2.91865  grad_norm:  0.6434  memory:  0.20GiB(0.32%)  tps: 1,950  tflops: 0.06  mfu: 0.02%
[rank0]:[titan] 2026-08-13 23:03:33,805 - root - INFO - step: 359  loss:  2.66724  grad_norm:  0.6834  memory:  0.20GiB(0.32%)  tps: 1,475  tflops: 0.04  mfu: 0.01%
[rank0]:[titan] 2026-08-13 23:03:34,863 - root - INFO - step: 360  loss:  2.68081  grad_norm:  0.5147  memory:  0.20GiB(0.32%)  tps: 1,937  tflops: 0.06  mfu: 0.02%
[rank0]:[titan] 2026-08-13 23:03:35,796 - root - INFO - step: 361  loss:  2.73644  grad_norm:  0.6753  memory:  0.20GiB(0.32%)  tps: 2,199  tflops: 0.07  mfu: 0.02%
[rank0]:[titan] 2026-08-13 23:03:36,548 - root - INFO - step: 362  loss:  2.81854  grad_norm:  0.6944  memory:  0.20GiB(0.32%)  tps: 2,725  tflops: 0.08  mfu: 0.02%
[rank0]:[titan] 2026-08-13 23:03:37,235 - root - INFO - step: 363  loss:  2.79342  grad_norm:  0.7198  memory:  0.20GiB(0.32%)  tps: 2,989  tflops: 0.09  mfu: 0.03%
[rank0]:[titan] 2026-08-13 23:03:37,960 - root - INFO - step: 364  loss:  2.75335  grad_norm:  0.5265  memory:  0.20GiB(0.32%)  tps: 2,831  tflops: 0.09  mfu: 0.02%
[rank0]:[titan] 2026-08-13 23:03:38,751 - root - INFO - step: 365  loss:  2.74968  grad_norm:  0.7841  memory:  0.20GiB(0.32%)  tps: 2,594  tflops: 0.08  mfu: 0.02%
[rank0]:[titan] 2026-08-13 23:03:39,644 - root - INFO - step: 366  loss:  2.69884  grad_norm:  0.8152  memory:  0.20GiB(0.32%)  tps: 2,296  tflops: 0.07  mfu: 0.02%
[rank0]:[titan] 2026-08-13 23:03:40,485 - root - INFO - step: 367  loss:  2.78557  grad_norm:  0.5537  memory:  0.20GiB(0.32%)  tps: 2,438  tflops: 0.07  mfu: 0.02%
[rank0]:[titan] 2026-08-13 23:03:41,201 - root - INFO - step: 368  loss:  2.87548  grad_norm:  0.8417  memory:  0.20GiB(0.32%)  tps: 2,868  tflops: 0.09  mfu: 0.02%
[rank0]:[titan] 2026-08-13 23:03:41,675 - root - INFO - step: 369  loss:  2.69351  grad_norm:  0.9491  memory:  0.20GiB(0.32%)  tps: 4,328  tflops: 0.13  mfu: 0.04%
[rank0]:[titan] 2026-08-13 23:03:42,118 - root - INFO - step: 370  loss:  2.65392  grad_norm:  1.2140  memory:  0.20GiB(0.32%)  tps: 4,645  tflops: 0.14  mfu: 0.04%
[rank0]:[titan] 2026-08-13 23:03:42,556 - root - INFO - step: 371  loss:  2.58505  grad_norm:  0.8852  memory:  0.20GiB(0.32%)  tps: 4,683  tflops: 0.14  mfu: 0.04%
[rank0]:[titan] 2026-08-13 23:03:42,999 - root - INFO - step: 372  loss:  2.58464  grad_norm:  0.7775  memory:  0.20GiB(0.32%)  tps: 4,636  tflops: 0.14  mfu: 0.04%
[rank0]:[titan] 2026-08-13 23:03:43,463 - root - INFO - step: 373  loss:  2.52169  grad_norm:  0.5850  memory:  0.20GiB(0.32%)  tps: 4,430  tflops: 0.13  mfu: 0.04%
[rank0]:[titan] 2026-08-13 23:03:43,909 - root - INFO - step: 374  loss:  2.55296  grad_norm:  0.5066  memory:  0.20GiB(0.32%)  tps: 4,605  tflops: 0.14  mfu: 0.04%
[rank0]:[titan] 2026-08-13 23:03:44,366 - root - INFO - step: 375  loss:  2.90720  grad_norm:  1.3832  memory:  0.20GiB(0.32%)  tps: 4,492  tflops: 0.14  mfu: 0.04%
[rank0]:[titan] 2026-08-13 23:03:44,817 - root - INFO - step: 376  loss:  2.82099  grad_norm:  1.2984  memory:  0.20GiB(0.32%)  tps: 4,561  tflops: 0.14  mfu: 0.04%
[rank0]:[titan] 2026-08-13 23:03:45,269 - root - INFO - step: 377  loss:  2.90370  grad_norm:  1.0580  memory:  0.20GiB(0.32%)  tps: 4,541  tflops: 0.14  mfu: 0.04%
[rank0]:[titan] 2026-08-13 23:03:45,714 - root - INFO - step: 378  loss:  3.03108  grad_norm:  1.2270  memory:  0.20GiB(0.32%)  tps: 4,620  tflops: 0.14  mfu: 0.04%
[rank0]:[titan] 2026-08-13 23:03:46,151 - root - INFO - step: 379  loss:  2.98985  grad_norm:  1.3018  memory:  0.20GiB(0.32%)  tps: 4,697  tflops: 0.14  mfu: 0.04%
[rank0]:[titan] 2026-08-13 23:03:46,627 - root - INFO - step: 380  loss:  2.74913  grad_norm:  1.0516  memory:  0.20GiB(0.32%)  tps: 4,316  tflops: 0.13  mfu: 0.04%
[rank0]:[titan] 2026-08-13 23:03:47,063 - root - INFO - step: 381  loss:  2.79784  grad_norm:  0.8292  memory:  0.20GiB(0.32%)  tps: 4,712  tflops: 0.14  mfu: 0.04%
[rank0]:[titan] 2026-08-13 23:03:47,565 - root - INFO - step: 382  loss:  2.80309  grad_norm:  1.2899  memory:  0.20GiB(0.32%)  tps: 4,089  tflops: 0.12  mfu: 0.04%
[rank0]:[titan] 2026-08-13 23:03:48,079 - root - INFO - step: 383  loss:  2.81538  grad_norm:  0.9727  memory:  0.20GiB(0.32%)  tps: 3,996  tflops: 0.12  mfu: 0.03%
[rank0]:[titan] 2026-08-13 23:03:49,513 - root - INFO - step: 384  loss:  2.76024  grad_norm:  0.8562  memory:  0.20GiB(0.32%)  tps: 1,429  tflops: 0.04  mfu: 0.01%
[rank0]:[titan] 2026-08-13 23:03:50,682 - root - INFO - step: 385  loss:  2.80596  grad_norm:  1.0594  memory:  0.20GiB(0.32%)  tps: 1,754  tflops: 0.05  mfu: 0.02%
[rank0]:[titan] 2026-08-13 23:03:51,492 - root - INFO - step: 386  loss:  2.77862  grad_norm:  0.6833  memory:  0.20GiB(0.32%)  tps: 2,533  tflops: 0.08  mfu: 0.02%
[rank0]:[titan] 2026-08-13 23:03:52,448 - root - INFO - step: 387  loss:  2.86509  grad_norm:  0.7352  memory:  0.20GiB(0.32%)  tps: 2,145  tflops: 0.07  mfu: 0.02%
[rank0]:[titan] 2026-08-13 23:03:53,281 - root - INFO - step: 388  loss:  2.74295  grad_norm:  0.6457  memory:  0.20GiB(0.32%)  tps: 2,464  tflops: 0.07  mfu: 0.02%
[rank0]:[titan] 2026-08-13 23:03:54,051 - root - INFO - step: 389  loss:  2.80185  grad_norm:  0.7274  memory:  0.20GiB(0.32%)  tps: 2,664  tflops: 0.08  mfu: 0.02%
[rank0]:[titan] 2026-08-13 23:03:54,748 - root - INFO - step: 390  loss:  2.87140  grad_norm:  0.8801  memory:  0.20GiB(0.32%)  tps: 2,945  tflops: 0.09  mfu: 0.03%
[rank0]:[titan] 2026-08-13 23:03:55,566 - root - INFO - step: 391  loss:  2.97581  grad_norm:  0.8798  memory:  0.20GiB(0.32%)  tps: 2,509  tflops: 0.08  mfu: 0.02%
[rank0]:[titan] 2026-08-13 23:03:56,337 - root - INFO - step: 392  loss:  2.90081  grad_norm:  0.5859  memory:  0.20GiB(0.32%)  tps: 2,660  tflops: 0.08  mfu: 0.02%
[rank0]:[titan] 2026-08-13 23:03:57,166 - root - INFO - step: 393  loss:  2.99249  grad_norm:  0.5694  memory:  0.20GiB(0.32%)  tps: 2,475  tflops: 0.08  mfu: 0.02%
[rank0]:[titan] 2026-08-13 23:03:57,754 - root - INFO - step: 394  loss:  2.73383  grad_norm:  0.5800  memory:  0.20GiB(0.32%)  tps: 3,487  tflops: 0.11  mfu: 0.03%
[rank0]:[titan] 2026-08-13 23:03:58,203 - root - INFO - step: 395  loss:  2.86939  grad_norm:  0.7642  memory:  0.20GiB(0.32%)  tps: 4,578  tflops: 0.14  mfu: 0.04%
[rank0]:[titan] 2026-08-13 23:03:58,644 - root - INFO - step: 396  loss:  2.71109  grad_norm:  0.7574  memory:  0.20GiB(0.32%)  tps: 4,656  tflops: 0.14  mfu: 0.04%
[rank0]:[titan] 2026-08-13 23:03:59,082 - root - INFO - step: 397  loss:  2.82154  grad_norm:  0.6668  memory:  0.20GiB(0.32%)  tps: 4,694  tflops: 0.14  mfu: 0.04%
[rank0]:[titan] 2026-08-13 23:03:59,511 - root - INFO - step: 398  loss:  2.74110  grad_norm:  0.8757  memory:  0.20GiB(0.32%)  tps: 4,784  tflops: 0.15  mfu: 0.04%
[rank0]:[titan] 2026-08-13 23:03:59,956 - root - INFO - step: 399  loss:  2.71080  grad_norm:  0.4992  memory:  0.20GiB(0.32%)  tps: 4,620  tflops: 0.14  mfu: 0.04%
[rank0]:[titan] 2026-08-13 23:03:59,959 - root - INFO - [GC] Performing periodic GC collection took 0.00 seconds
[rank0]:[titan] 2026-08-13 23:04:00,397 - root - INFO - step: 400  loss:  2.64946  grad_norm:  0.5469  memory:  0.20GiB(0.32%)  tps: 4,652  tflops: 0.14  mfu: 0.04%
[rank0]:[titan] 2026-08-13 23:04:00,833 - root - INFO - step: 401  loss:  2.82489  grad_norm:  0.7066  memory:  0.20GiB(0.32%)  tps: 4,712  tflops: 0.14  mfu: 0.04%
[rank0]:[titan] 2026-08-13 23:04:01,278 - root - INFO - step: 402  loss:  3.02889  grad_norm:  0.7383  memory:  0.20GiB(0.32%)  tps: 4,617  tflops: 0.14  mfu: 0.04%
[rank0]:[titan] 2026-08-13 23:04:01,710 - root - INFO - step: 403  loss:  2.69220  grad_norm:  0.4985  memory:  0.20GiB(0.32%)  tps: 4,758  tflops: 0.14  mfu: 0.04%
[rank0]:[titan] 2026-08-13 23:04:02,147 - root - INFO - step: 404  loss:  2.68072  grad_norm:  0.5000  memory:  0.20GiB(0.32%)  tps: 4,703  tflops: 0.14  mfu: 0.04%
[rank0]:[titan] 2026-08-13 23:04:02,585 - root - INFO - step: 405  loss:  2.72566  grad_norm:  0.4855  memory:  0.20GiB(0.32%)  tps: 4,690  tflops: 0.14  mfu: 0.04%
[rank0]:[titan] 2026-08-13 23:04:03,041 - root - INFO - step: 406  loss:  2.77438  grad_norm:  0.7159  memory:  0.20GiB(0.32%)  tps: 4,501  tflops: 0.14  mfu: 0.04%
[rank0]:[titan] 2026-08-13 23:04:03,484 - root - INFO - step: 407  loss:  2.65918  grad_norm:  0.7874  memory:  0.20GiB(0.32%)  tps: 4,638  tflops: 0.14  mfu: 0.04%
[rank0]:[titan] 2026-08-13 23:04:03,928 - root - INFO - step: 408  loss:  2.72034  grad_norm:  0.7660  memory:  0.20GiB(0.32%)  tps: 4,622  tflops: 0.14  mfu: 0.04%
[rank0]:[titan] 2026-08-13 23:04:04,386 - root - INFO - step: 409  loss:  2.76864  grad_norm:  0.6688  memory:  0.20GiB(0.32%)  tps: 4,491  tflops: 0.14  mfu: 0.04%
[rank0]:[titan] 2026-08-13 23:04:04,867 - root - INFO - step: 410  loss:  2.71134  grad_norm:  0.4768  memory:  0.20GiB(0.32%)  tps: 4,265  tflops: 0.13  mfu: 0.04%
[rank0]:[titan] 2026-08-13 23:04:05,310 - root - INFO - step: 411  loss:  2.74545  grad_norm:  0.4508  memory:  0.20GiB(0.32%)  tps: 4,637  tflops: 0.14  mfu: 0.04%
[rank0]:[titan] 2026-08-13 23:04:06,718 - root - INFO - step: 412  loss:  2.66726  grad_norm:  0.4011  memory:  0.20GiB(0.32%)  tps: 1,456  tflops: 0.04  mfu: 0.01%
[rank0]:[titan] 2026-08-13 23:04:08,020 - root - INFO - step: 413  loss:  2.74558  grad_norm:  0.8397  memory:  0.20GiB(0.32%)  tps: 1,574  tflops: 0.05  mfu: 0.01%
[rank0]:[titan] 2026-08-13 23:04:08,762 - root - INFO - step: 414  loss:  2.70505  grad_norm:  0.7051  memory:  0.20GiB(0.32%)  tps: 2,764  tflops: 0.08  mfu: 0.02%
[rank0]:[titan] 2026-08-13 23:04:09,852 - root - INFO - step: 415  loss:  2.66516  grad_norm:  0.5519  memory:  0.20GiB(0.32%)  tps: 1,881  tflops: 0.06  mfu: 0.02%
[rank0]:[titan] 2026-08-13 23:04:10,826 - root - INFO - step: 416  loss:  2.69396  grad_norm:  0.5107  memory:  0.20GiB(0.32%)  tps: 2,107  tflops: 0.06  mfu: 0.02%
[rank0]:[titan] 2026-08-13 23:04:11,550 - root - INFO - step: 417  loss:  2.71598  grad_norm:  0.5412  memory:  0.20GiB(0.32%)  tps: 2,831  tflops: 0.09  mfu: 0.02%
[rank0]:[titan] 2026-08-13 23:04:12,194 - root - INFO - step: 418  loss:  2.83554  grad_norm:  0.8970  memory:  0.20GiB(0.32%)  tps: 3,187  tflops: 0.10  mfu: 0.03%
[rank0]:[titan] 2026-08-13 23:04:12,956 - root - INFO - step: 419  loss:  2.89176  grad_norm:  0.7568  memory:  0.20GiB(0.32%)  tps: 2,695  tflops: 0.08  mfu: 0.02%
[rank0]:[titan] 2026-08-13 23:04:13,661 - root - INFO - step: 420  loss:  2.81383  grad_norm:  0.7672  memory:  0.20GiB(0.32%)  tps: 2,909  tflops: 0.09  mfu: 0.03%
[rank0]:[titan] 2026-08-13 23:04:14,500 - root - INFO - step: 421  loss:  2.88954  grad_norm:  0.7053  memory:  0.20GiB(0.32%)  tps: 2,445  tflops: 0.07  mfu: 0.02%
[rank0]:[titan] 2026-08-13 23:04:15,151 - root - INFO - step: 422  loss:  2.58440  grad_norm:  0.4770  memory:  0.20GiB(0.32%)  tps: 3,154  tflops: 0.10  mfu: 0.03%
[rank0]:[titan] 2026-08-13 23:04:15,608 - root - INFO - step: 423  loss:  2.88033  grad_norm:  0.5904  memory:  0.20GiB(0.32%)  tps: 4,492  tflops: 0.14  mfu: 0.04%
[rank0]:[titan] 2026-08-13 23:04:16,051 - root - INFO - step: 424  loss:  2.78210  grad_norm:  0.5339  memory:  0.20GiB(0.32%)  tps: 4,641  tflops: 0.14  mfu: 0.04%
[rank0]:[titan] 2026-08-13 23:04:16,502 - root - INFO - step: 425  loss:  2.70741  grad_norm:  0.4843  memory:  0.20GiB(0.32%)  tps: 4,552  tflops: 0.14  mfu: 0.04%
[rank0]:[titan] 2026-08-13 23:04:16,947 - root - INFO - step: 426  loss:  2.67259  grad_norm:  0.5036  memory:  0.20GiB(0.32%)  tps: 4,620  tflops: 0.14  mfu: 0.04%
[rank0]:[titan] 2026-08-13 23:04:17,398 - root - INFO - step: 427  loss:  2.66571  grad_norm:  0.5326  memory:  0.20GiB(0.32%)  tps: 4,556  tflops: 0.14  mfu: 0.04%
[rank0]:[titan] 2026-08-13 23:04:17,845 - root - INFO - step: 428  loss:  2.70568  grad_norm:  0.6055  memory:  0.20GiB(0.32%)  tps: 4,595  tflops: 0.14  mfu: 0.04%
[rank0]:[titan] 2026-08-13 23:04:18,289 - root - INFO - step: 429  loss:  2.65987  grad_norm:  0.9434  memory:  0.20GiB(0.32%)  tps: 4,624  tflops: 0.14  mfu: 0.04%
[rank0]:[titan] 2026-08-13 23:04:18,729 - root - INFO - step: 430  loss:  2.69381  grad_norm:  0.7286  memory:  0.20GiB(0.32%)  tps: 4,670  tflops: 0.14  mfu: 0.04%
[rank0]:[titan] 2026-08-13 23:04:19,162 - root - INFO - step: 431  loss:  2.65063  grad_norm:  0.6491  memory:  0.20GiB(0.32%)  tps: 4,748  tflops: 0.14  mfu: 0.04%
[rank0]:[titan] 2026-08-13 23:04:19,595 - root - INFO - step: 432  loss:  2.62030  grad_norm:  0.6825  memory:  0.20GiB(0.32%)  tps: 4,744  tflops: 0.14  mfu: 0.04%
[rank0]:[titan] 2026-08-13 23:04:20,035 - root - INFO - step: 433  loss:  2.67311  grad_norm:  0.6530  memory:  0.20GiB(0.32%)  tps: 4,668  tflops: 0.14  mfu: 0.04%
[rank0]:[titan] 2026-08-13 23:04:20,470 - root - INFO - step: 434  loss:  2.61844  grad_norm:  0.6075  memory:  0.20GiB(0.32%)  tps: 4,716  tflops: 0.14  mfu: 0.04%
[rank0]:[titan] 2026-08-13 23:04:20,935 - root - INFO - step: 435  loss:  2.64752  grad_norm:  0.5635  memory:  0.20GiB(0.32%)  tps: 4,418  tflops: 0.13  mfu: 0.04%
[rank0]:[titan] 2026-08-13 23:04:21,376 - root - INFO - step: 436  loss:  2.76093  grad_norm:  0.6141  memory:  0.20GiB(0.32%)  tps: 4,665  tflops: 0.14  mfu: 0.04%
[rank0]:[titan] 2026-08-13 23:04:21,854 - root - INFO - step: 437  loss:  2.80452  grad_norm:  0.6436  memory:  0.20GiB(0.32%)  tps: 4,299  tflops: 0.13  mfu: 0.04%
[rank0]:[titan] 2026-08-13 23:04:22,526 - root - INFO - step: 438  loss:  3.04152  grad_norm:  0.8003  memory:  0.20GiB(0.32%)  tps: 3,050  tflops: 0.09  mfu: 0.03%
[rank0]:[titan] 2026-08-13 23:04:23,813 - root - INFO - step: 439  loss:  3.19574  grad_norm:  1.0030  memory:  0.20GiB(0.32%)  tps: 1,594  tflops: 0.05  mfu: 0.01%
[rank0]:[titan] 2026-08-13 23:04:25,173 - root - INFO - step: 440  loss:  2.73297  grad_norm:  0.6133  memory:  0.20GiB(0.32%)  tps: 1,507  tflops: 0.05  mfu: 0.01%
[rank0]:[titan] 2026-08-13 23:04:26,048 - root - INFO - step: 441  loss:  2.63849  grad_norm:  0.6790  memory:  0.20GiB(0.32%)  tps: 2,347  tflops: 0.07  mfu: 0.02%
[rank0]:[titan] 2026-08-13 23:04:26,850 - root - INFO - step: 442  loss:  2.63009  grad_norm:  0.7510  memory:  0.20GiB(0.32%)  tps: 2,562  tflops: 0.08  mfu: 0.02%
[rank0]:[titan] 2026-08-13 23:04:27,645 - root - INFO - step: 443  loss:  2.68947  grad_norm:  0.7010  memory:  0.20GiB(0.32%)  tps: 2,578  tflops: 0.08  mfu: 0.02%
[rank0]:[titan] 2026-08-13 23:04:28,242 - root - INFO - step: 444  loss:  2.82520  grad_norm:  0.5701  memory:  0.20GiB(0.32%)  tps: 3,440  tflops: 0.10  mfu: 0.03%
[rank0]:[titan] 2026-08-13 23:04:28,928 - root - INFO - step: 445  loss:  2.61727  grad_norm:  0.8680  memory:  0.20GiB(0.32%)  tps: 2,991  tflops: 0.09  mfu: 0.03%
[rank0]:[titan] 2026-08-13 23:04:29,703 - root - INFO - step: 446  loss:  2.74533  grad_norm:  0.6942  memory:  0.20GiB(0.32%)  tps: 2,648  tflops: 0.08  mfu: 0.02%
[rank0]:[titan] 2026-08-13 23:04:30,473 - root - INFO - step: 447  loss:  2.81428  grad_norm:  0.9102  memory:  0.20GiB(0.32%)  tps: 2,667  tflops: 0.08  mfu: 0.02%
[rank0]:[titan] 2026-08-13 23:04:31,249 - root - INFO - step: 448  loss:  2.76728  grad_norm:  0.6448  memory:  0.20GiB(0.32%)  tps: 2,643  tflops: 0.08  mfu: 0.02%
[rank0]:[titan] 2026-08-13 23:04:31,778 - root - INFO - step: 449  loss:  2.74784  grad_norm:  0.7634  memory:  0.20GiB(0.32%)  tps: 3,879  tflops: 0.12  mfu: 0.03%
[rank0]:[titan] 2026-08-13 23:04:31,781 - root - INFO - [GC] Performing periodic GC collection took 0.00 seconds
[rank0]:[titan] 2026-08-13 23:04:32,211 - root - INFO - step: 450  loss:  2.59084  grad_norm:  0.5004  memory:  0.20GiB(0.32%)  tps: 4,746  tflops: 0.14  mfu: 0.04%
[rank0]:[titan] 2026-08-13 23:04:32,639 - root - INFO - step: 451  loss:  2.85544  grad_norm:  0.7711  memory:  0.20GiB(0.32%)  tps: 4,797  tflops: 0.15  mfu: 0.04%
[rank0]:[titan] 2026-08-13 23:04:33,072 - root - INFO - step: 452  loss:  2.73867  grad_norm:  0.5656  memory:  0.20GiB(0.32%)  tps: 4,753  tflops: 0.14  mfu: 0.04%
[rank0]:[titan] 2026-08-13 23:04:33,495 - root - INFO - step: 453  loss:  2.66956  grad_norm:  0.9313  memory:  0.20GiB(0.32%)  tps: 4,858  tflops: 0.15  mfu: 0.04%
[rank0]:[titan] 2026-08-13 23:04:33,931 - root - INFO - step: 454  loss:  2.67986  grad_norm:  0.8188  memory:  0.20GiB(0.32%)  tps: 4,705  tflops: 0.14  mfu: 0.04%
[rank0]:[titan] 2026-08-13 23:04:34,365 - root - INFO - step: 455  loss:  2.64378  grad_norm:  0.6582  memory:  0.20GiB(0.32%)  tps: 4,737  tflops: 0.14  mfu: 0.04%
[rank0]:[titan] 2026-08-13 23:04:34,798 - root - INFO - step: 456  loss:  2.79083  grad_norm:  0.5878  memory:  0.20GiB(0.32%)  tps: 4,743  tflops: 0.14  mfu: 0.04%
[rank0]:[titan] 2026-08-13 23:04:35,247 - root - INFO - step: 457  loss:  2.77734  grad_norm:  0.5747  memory:  0.20GiB(0.32%)  tps: 4,576  tflops: 0.14  mfu: 0.04%
[rank0]:[titan] 2026-08-13 23:04:35,698 - root - INFO - step: 458  loss:  3.06758  grad_norm:  0.7311  memory:  0.20GiB(0.32%)  tps: 4,556  tflops: 0.14  mfu: 0.04%
[rank0]:[titan] 2026-08-13 23:04:36,139 - root - INFO - step: 459  loss:  2.69638  grad_norm:  0.7984  memory:  0.20GiB(0.32%)  tps: 4,652  tflops: 0.14  mfu: 0.04%
[rank0]:[titan] 2026-08-13 23:04:36,586 - root - INFO - step: 460  loss:  2.79105  grad_norm:  0.7638  memory:  0.20GiB(0.32%)  tps: 4,601  tflops: 0.14  mfu: 0.04%
[rank0]:[titan] 2026-08-13 23:04:37,028 - root - INFO - step: 461  loss:  2.82875  grad_norm:  0.8005  memory:  0.20GiB(0.32%)  tps: 4,654  tflops: 0.14  mfu: 0.04%
[rank0]:[titan] 2026-08-13 23:04:37,501 - root - INFO - step: 462  loss:  2.72915  grad_norm:  0.7087  memory:  0.20GiB(0.32%)  tps: 4,337  tflops: 0.13  mfu: 0.04%
[rank0]:[titan] 2026-08-13 23:04:37,990 - root - INFO - step: 463  loss:  2.86247  grad_norm:  0.6801  memory:  0.20GiB(0.32%)  tps: 4,196  tflops: 0.13  mfu: 0.04%
[rank0]:[titan] 2026-08-13 23:04:38,436 - root - INFO - step: 464  loss:  2.67670  grad_norm:  0.5333  memory:  0.20GiB(0.32%)  tps: 4,613  tflops: 0.14  mfu: 0.04%
[rank0]:[titan] 2026-08-13 23:04:39,597 - root - INFO - step: 465  loss:  2.81093  grad_norm:  1.0265  memory:  0.20GiB(0.32%)  tps: 1,766  tflops: 0.05  mfu: 0.02%
[rank0]:[titan] 2026-08-13 23:04:40,876 - root - INFO - step: 466  loss:  2.87545  grad_norm:  1.0949  memory:  0.20GiB(0.32%)  tps: 1,603  tflops: 0.05  mfu: 0.01%
[rank0]:[titan] 2026-08-13 23:04:41,851 - root - INFO - step: 467  loss:  2.74554  grad_norm:  0.9874  memory:  0.20GiB(0.32%)  tps: 2,103  tflops: 0.06  mfu: 0.02%
[rank0]:[titan] 2026-08-13 23:04:42,796 - root - INFO - step: 468  loss:  3.01303  grad_norm:  1.1724  memory:  0.20GiB(0.32%)  tps: 2,169  tflops: 0.07  mfu: 0.02%
[rank0]:[titan] 2026-08-13 23:04:43,509 - root - INFO - step: 469  loss:  2.57356  grad_norm:  0.9032  memory:  0.20GiB(0.32%)  tps: 2,880  tflops: 0.09  mfu: 0.02%
[rank0]:[titan] 2026-08-13 23:04:44,165 - root - INFO - step: 470  loss:  2.76558  grad_norm:  0.8377  memory:  0.20GiB(0.32%)  tps: 3,128  tflops: 0.10  mfu: 0.03%
[rank0]:[titan] 2026-08-13 23:04:44,816 - root - INFO - step: 471  loss:  2.79003  grad_norm:  1.0177  memory:  0.20GiB(0.32%)  tps: 3,151  tflops: 0.10  mfu: 0.03%
[rank0]:[titan] 2026-08-13 23:04:45,658 - root - INFO - step: 472  loss:  2.89104  grad_norm:  0.9092  memory:  0.20GiB(0.32%)  tps: 2,437  tflops: 0.07  mfu: 0.02%
[rank0]:[titan] 2026-08-13 23:04:46,433 - root - INFO - step: 473  loss:  2.65493  grad_norm:  0.9155  memory:  0.20GiB(0.32%)  tps: 2,647  tflops: 0.08  mfu: 0.02%
[rank0]:[titan] 2026-08-13 23:04:47,250 - root - INFO - step: 474  loss:  2.70258  grad_norm:  0.9805  memory:  0.20GiB(0.32%)  tps: 2,511  tflops: 0.08  mfu: 0.02%
[rank0]:[titan] 2026-08-13 23:04:47,901 - root - INFO - step: 475  loss:  2.72152  grad_norm:  0.8961  memory:  0.20GiB(0.32%)  tps: 3,155  tflops: 0.10  mfu: 0.03%
[rank0]:[titan] 2026-08-13 23:04:48,366 - root - INFO - step: 476  loss:  2.72818  grad_norm:  0.7320  memory:  0.20GiB(0.32%)  tps: 4,419  tflops: 0.13  mfu: 0.04%
[rank0]:[titan] 2026-08-13 23:04:48,804 - root - INFO - step: 477  loss:  2.59435  grad_norm:  0.7182  memory:  0.20GiB(0.32%)  tps: 4,691  tflops: 0.14  mfu: 0.04%
[rank0]:[titan] 2026-08-13 23:04:49,242 - root - INFO - step: 478  loss:  2.72882  grad_norm:  0.8529  memory:  0.20GiB(0.32%)  tps: 4,694  tflops: 0.14  mfu: 0.04%
[rank0]:[titan] 2026-08-13 23:04:49,676 - root - INFO - step: 479  loss:  2.77054  grad_norm:  0.7288  memory:  0.20GiB(0.32%)  tps: 4,726  tflops: 0.14  mfu: 0.04%
[rank0]:[titan] 2026-08-13 23:04:50,115 - root - INFO - step: 480  loss:  2.83285  grad_norm:  0.4417  memory:  0.20GiB(0.32%)  tps: 4,687  tflops: 0.14  mfu: 0.04%
[rank0]:[titan] 2026-08-13 23:04:50,551 - root - INFO - step: 481  loss:  2.71321  grad_norm:  0.4837  memory:  0.20GiB(0.32%)  tps: 4,707  tflops: 0.14  mfu: 0.04%
[rank0]:[titan] 2026-08-13 23:04:50,986 - root - INFO - step: 482  loss:  2.74474  grad_norm:  0.6094  memory:  0.20GiB(0.32%)  tps: 4,725  tflops: 0.14  mfu: 0.04%
[rank0]:[titan] 2026-08-13 23:04:51,429 - root - INFO - step: 483  loss:  2.71158  grad_norm:  0.6249  memory:  0.20GiB(0.32%)  tps: 4,637  tflops: 0.14  mfu: 0.04%
[rank0]:[titan] 2026-08-13 23:04:51,870 - root - INFO - step: 484  loss:  2.62825  grad_norm:  0.6798  memory:  0.20GiB(0.32%)  tps: 4,658  tflops: 0.14  mfu: 0.04%
[rank0]:[titan] 2026-08-13 23:04:52,305 - root - INFO - step: 485  loss:  2.74659  grad_norm:  0.5756  memory:  0.20GiB(0.32%)  tps: 4,726  tflops: 0.14  mfu: 0.04%
[rank0]:[titan] 2026-08-13 23:04:52,748 - root - INFO - step: 486  loss:  2.81636  grad_norm:  0.5218  memory:  0.20GiB(0.32%)  tps: 4,641  tflops: 0.14  mfu: 0.04%
[rank0]:[titan] 2026-08-13 23:04:53,176 - root - INFO - step: 487  loss:  2.88681  grad_norm:  0.5193  memory:  0.20GiB(0.32%)  tps: 4,795  tflops: 0.15  mfu: 0.04%
[rank0]:[titan] 2026-08-13 23:04:53,609 - root - INFO - step: 488  loss:  2.82315  grad_norm:  0.5677  memory:  0.20GiB(0.32%)  tps: 4,752  tflops: 0.14  mfu: 0.04%
[rank0]:[titan] 2026-08-13 23:04:54,041 - root - INFO - step: 489  loss:  2.77396  grad_norm:  0.5766  memory:  0.20GiB(0.32%)  tps: 4,751  tflops: 0.14  mfu: 0.04%
[rank0]:[titan] 2026-08-13 23:04:54,472 - root - INFO - step: 490  loss:  2.75252  grad_norm:  0.5127  memory:  0.20GiB(0.32%)  tps: 4,762  tflops: 0.14  mfu: 0.04%
[rank0]:[titan] 2026-08-13 23:04:54,915 - root - INFO - step: 491  loss:  2.86545  grad_norm:  0.6123  memory:  0.20GiB(0.32%)  tps: 4,644  tflops: 0.14  mfu: 0.04%
[rank0]:[titan] 2026-08-13 23:04:55,388 - root - INFO - step: 492  loss:  2.78659  grad_norm:  0.7360  memory:  0.20GiB(0.32%)  tps: 4,344  tflops: 0.13  mfu: 0.04%
[rank0]:[titan] 2026-08-13 23:04:55,854 - root - INFO - step: 493  loss:  2.72800  grad_norm:  0.5840  memory:  0.20GiB(0.32%)  tps: 4,405  tflops: 0.13  mfu: 0.04%
[rank0]:[titan] 2026-08-13 23:04:56,292 - root - INFO - step: 494  loss:  2.72065  grad_norm:  0.6844  memory:  0.20GiB(0.32%)  tps: 4,685  tflops: 0.14  mfu: 0.04%
[rank0]:[titan] 2026-08-13 23:04:57,641 - root - INFO - step: 495  loss:  2.81248  grad_norm:  0.4718  memory:  0.20GiB(0.32%)  tps: 1,520  tflops: 0.05  mfu: 0.01%
[rank0]:[titan] 2026-08-13 23:04:58,919 - root - INFO - step: 496  loss:  2.73558  grad_norm:  0.5917  memory:  0.20GiB(0.32%)  tps: 1,605  tflops: 0.05  mfu: 0.01%
[rank0]:[titan] 2026-08-13 23:04:59,995 - root - INFO - step: 497  loss:  2.74673  grad_norm:  0.6486  memory:  0.20GiB(0.32%)  tps: 1,906  tflops: 0.06  mfu: 0.02%
[rank0]:[titan] 2026-08-13 23:05:00,814 - root - INFO - step: 498  loss:  2.70990  grad_norm:  0.9984  memory:  0.20GiB(0.32%)  tps: 2,504  tflops: 0.08  mfu: 0.02%
[rank0]:[titan] 2026-08-13 23:05:01,709 - root - INFO - step: 499  loss:  2.74516  grad_norm:  0.5841  memory:  0.20GiB(0.32%)  tps: 2,293  tflops: 0.07  mfu: 0.02%
[rank0]:[titan] 2026-08-13 23:05:01,712 - root - INFO - [GC] Performing periodic GC collection took 0.00 seconds
[rank0]:[titan] 2026-08-13 23:05:02,358 - root - INFO - step: 500  loss:  2.92463  grad_norm:  0.6538  memory:  0.20GiB(0.32%)  tps: 3,160  tflops: 0.10  mfu: 0.03%
[rank0]:[titan] 2026-08-13 23:05:02,874 - root - INFO - step: 501  loss:  2.78507  grad_norm:  0.7657  memory:  0.20GiB(0.32%)  tps: 3,979  tflops: 0.12  mfu: 0.03%
[rank0]:[titan] 2026-08-13 23:05:03,629 - root - INFO - step: 502  loss:  2.92081  grad_norm:  0.7075  memory:  0.20GiB(0.32%)  tps: 2,717  tflops: 0.08  mfu: 0.02%
[rank0]:[titan] 2026-08-13 23:05:04,460 - root - INFO - step: 503  loss:  2.80292  grad_norm:  0.6598  memory:  0.20GiB(0.32%)  tps: 2,470  tflops: 0.08  mfu: 0.02%
[rank0]:[titan] 2026-08-13 23:05:05,231 - root - INFO - step: 504  loss:  2.70286  grad_norm:  0.6172  memory:  0.20GiB(0.32%)  tps: 2,662  tflops: 0.08  mfu: 0.02%
[rank0]:[titan] 2026-08-13 23:05:05,894 - root - INFO - step: 505  loss:  2.79499  grad_norm:  0.5913  memory:  0.20GiB(0.32%)  tps: 3,094  tflops: 0.09  mfu: 0.03%
[rank0]:[titan] 2026-08-13 23:05:06,346 - root - INFO - step: 506  loss:  2.61147  grad_norm:  0.6459  memory:  0.20GiB(0.32%)  tps: 4,540  tflops: 0.14  mfu: 0.04%
[rank0]:[titan] 2026-08-13 23:05:06,779 - root - INFO - step: 507  loss:  2.76096  grad_norm:  0.5070  memory:  0.20GiB(0.32%)  tps: 4,746  tflops: 0.14  mfu: 0.04%
[rank0]:[titan] 2026-08-13 23:05:07,216 - root - INFO - step: 508  loss:  2.75305  grad_norm:  0.6586  memory:  0.20GiB(0.32%)  tps: 4,703  tflops: 0.14  mfu: 0.04%
[rank0]:[titan] 2026-08-13 23:05:07,649 - root - INFO - step: 509  loss:  2.72700  grad_norm:  0.6469  memory:  0.20GiB(0.32%)  tps: 4,749  tflops: 0.14  mfu: 0.04%
[rank0]:[titan] 2026-08-13 23:05:08,085 - root - INFO - step: 510  loss:  2.71652  grad_norm:  0.5593  memory:  0.20GiB(0.32%)  tps: 4,708  tflops: 0.14  mfu: 0.04%
[rank0]:[titan] 2026-08-13 23:05:08,514 - root - INFO - step: 511  loss:  2.81877  grad_norm:  0.5220  memory:  0.20GiB(0.32%)  tps: 4,794  tflops: 0.15  mfu: 0.04%
[rank0]:[titan] 2026-08-13 23:05:08,938 - root - INFO - step: 512  loss:  2.82178  grad_norm:  0.7032  memory:  0.20GiB(0.32%)  tps: 4,843  tflops: 0.15  mfu: 0.04%
[rank0]:[titan] 2026-08-13 23:05:09,368 - root - INFO - step: 513  loss:  2.90641  grad_norm:  0.6757  memory:  0.20GiB(0.32%)  tps: 4,772  tflops: 0.15  mfu: 0.04%
[rank0]:[titan] 2026-08-13 23:05:09,804 - root - INFO - step: 514  loss:  2.83444  grad_norm:  0.5403  memory:  0.20GiB(0.32%)  tps: 4,715  tflops: 0.14  mfu: 0.04%
[rank0]:[titan] 2026-08-13 23:05:10,234 - root - INFO - step: 515  loss:  2.67439  grad_norm:  0.5003  memory:  0.20GiB(0.32%)  tps: 4,773  tflops: 0.15  mfu: 0.04%
[rank0]:[titan] 2026-08-13 23:05:10,672 - root - INFO - step: 516  loss:  2.64495  grad_norm:  0.4043  memory:  0.20GiB(0.32%)  tps: 4,700  tflops: 0.14  mfu: 0.04%
[rank0]:[titan] 2026-08-13 23:05:11,100 - root - INFO - step: 517  loss:  2.67981  grad_norm:  0.4675  memory:  0.20GiB(0.32%)  tps: 4,797  tflops: 0.15  mfu: 0.04%
[rank0]:[titan] 2026-08-13 23:05:11,533 - root - INFO - step: 518  loss:  2.77743  grad_norm:  0.7189  memory:  0.20GiB(0.32%)  tps: 4,743  tflops: 0.14  mfu: 0.04%
[rank0]:[titan] 2026-08-13 23:05:11,973 - root - INFO - step: 519  loss:  2.69678  grad_norm:  0.4689  memory:  0.20GiB(0.32%)  tps: 4,662  tflops: 0.14  mfu: 0.04%
[rank0]:[titan] 2026-08-13 23:05:12,419 - root - INFO - step: 520  loss:  2.69466  grad_norm:  0.8449  memory:  0.20GiB(0.32%)  tps: 4,616  tflops: 0.14  mfu: 0.04%
[rank0]:[titan] 2026-08-13 23:05:12,860 - root - INFO - step: 521  loss:  2.65313  grad_norm:  0.5479  memory:  0.20GiB(0.32%)  tps: 4,651  tflops: 0.14  mfu: 0.04%
[rank0]:[titan] 2026-08-13 23:05:13,339 - root - INFO - step: 522  loss:  2.68588  grad_norm:  0.5671  memory:  0.20GiB(0.32%)  tps: 4,290  tflops: 0.13  mfu: 0.04%
[rank0]:[titan] 2026-08-13 23:05:13,806 - root - INFO - step: 523  loss:  2.67329  grad_norm:  0.4622  memory:  0.20GiB(0.32%)  tps: 4,401  tflops: 0.13  mfu: 0.04%
[rank0]:[titan] 2026-08-13 23:05:14,252 - root - INFO - step: 524  loss:  2.64743  grad_norm:  0.5855  memory:  0.20GiB(0.32%)  tps: 4,605  tflops: 0.14  mfu: 0.04%
[rank0]:[titan] 2026-08-13 23:05:14,872 - root - INFO - step: 525  loss:  2.74907  grad_norm:  0.5631  memory:  0.20GiB(0.32%)  tps: 3,312  tflops: 0.10  mfu: 0.03%
[rank0]:[titan] 2026-08-13 23:05:16,209 - root - INFO - step: 526  loss:  2.59882  grad_norm:  0.4698  memory:  0.20GiB(0.32%)  tps: 1,533  tflops: 0.05  mfu: 0.01%
[rank0]:[titan] 2026-08-13 23:05:17,566 - root - INFO - step: 527  loss:  2.75563  grad_norm:  0.7761  memory:  0.20GiB(0.32%)  tps: 1,511  tflops: 0.05  mfu: 0.01%
[rank0]:[titan] 2026-08-13 23:05:18,562 - root - INFO - step: 528  loss:  2.71840  grad_norm:  0.7580  memory:  0.20GiB(0.32%)  tps: 2,059  tflops: 0.06  mfu: 0.02%
[rank0]:[titan] 2026-08-13 23:05:19,403 - root - INFO - step: 529  loss:  2.73250  grad_norm:  0.8364  memory:  0.20GiB(0.32%)  tps: 2,437  tflops: 0.07  mfu: 0.02%
[rank0]:[titan] 2026-08-13 23:05:19,984 - root - INFO - step: 530  loss:  2.69955  grad_norm:  0.9570  memory:  0.20GiB(0.32%)  tps: 3,536  tflops: 0.11  mfu: 0.03%
[rank0]:[titan] 2026-08-13 23:05:20,762 - root - INFO - step: 531  loss:  2.69472  grad_norm:  0.5348  memory:  0.20GiB(0.32%)  tps: 2,639  tflops: 0.08  mfu: 0.02%
[rank0]:[titan] 2026-08-13 23:05:21,529 - root - INFO - step: 532  loss:  2.60435  grad_norm:  0.5176  memory:  0.20GiB(0.32%)  tps: 2,675  tflops: 0.08  mfu: 0.02%
[rank0]:[titan] 2026-08-13 23:05:22,300 - root - INFO - step: 533  loss:  2.75115  grad_norm:  0.6678  memory:  0.20GiB(0.32%)  tps: 2,660  tflops: 0.08  mfu: 0.02%
[rank0]:[titan] 2026-08-13 23:05:23,117 - root - INFO - step: 534  loss:  2.65131  grad_norm:  0.7316  memory:  0.20GiB(0.32%)  tps: 2,510  tflops: 0.08  mfu: 0.02%
[rank0]:[titan] 2026-08-13 23:05:23,896 - root - INFO - step: 535  loss:  2.67422  grad_norm:  0.5631  memory:  0.20GiB(0.32%)  tps: 2,635  tflops: 0.08  mfu: 0.02%
[rank0]:[titan] 2026-08-13 23:05:24,444 - root - INFO - step: 536  loss:  2.75196  grad_norm:  0.8963  memory:  0.20GiB(0.32%)  tps: 3,746  tflops: 0.11  mfu: 0.03%
[rank0]:[titan] 2026-08-13 23:05:24,879 - root - INFO - step: 537  loss:  2.53952  grad_norm:  0.7611  memory:  0.20GiB(0.32%)  tps: 4,726  tflops: 0.14  mfu: 0.04%
[rank0]:[titan] 2026-08-13 23:05:25,323 - root - INFO - step: 538  loss:  2.57656  grad_norm:  0.4695  memory:  0.20GiB(0.32%)  tps: 4,617  tflops: 0.14  mfu: 0.04%
[rank0]:[titan] 2026-08-13 23:05:25,767 - root - INFO - step: 539  loss:  2.69729  grad_norm:  0.5710  memory:  0.20GiB(0.32%)  tps: 4,631  tflops: 0.14  mfu: 0.04%
[rank0]:[titan] 2026-08-13 23:05:26,205 - root - INFO - step: 540  loss:  2.79532  grad_norm:  0.7534  memory:  0.20GiB(0.32%)  tps: 4,686  tflops: 0.14  mfu: 0.04%
[rank0]:[titan] 2026-08-13 23:05:26,650 - root - INFO - step: 541  loss:  2.65356  grad_norm:  0.5658  memory:  0.20GiB(0.32%)  tps: 4,623  tflops: 0.14  mfu: 0.04%
[rank0]:[titan] 2026-08-13 23:05:27,094 - root - INFO - step: 542  loss:  2.69648  grad_norm:  0.6797  memory:  0.20GiB(0.32%)  tps: 4,626  tflops: 0.14  mfu: 0.04%
[rank0]:[titan] 2026-08-13 23:05:27,539 - root - INFO - step: 543  loss:  2.69668  grad_norm:  0.5969  memory:  0.20GiB(0.32%)  tps: 4,610  tflops: 0.14  mfu: 0.04%
[rank0]:[titan] 2026-08-13 23:05:27,994 - root - INFO - step: 544  loss:  2.79399  grad_norm:  0.8305  memory:  0.20GiB(0.32%)  tps: 4,511  tflops: 0.14  mfu: 0.04%
[rank0]:[titan] 2026-08-13 23:05:28,440 - root - INFO - step: 545  loss:  2.77111  grad_norm:  0.4412  memory:  0.20GiB(0.32%)  tps: 4,613  tflops: 0.14  mfu: 0.04%
[rank0]:[titan] 2026-08-13 23:05:28,885 - root - INFO - step: 546  loss:  2.73284  grad_norm:  0.5562  memory:  0.20GiB(0.32%)  tps: 4,614  tflops: 0.14  mfu: 0.04%
[rank0]:[titan] 2026-08-13 23:05:29,337 - root - INFO - step: 547  loss:  2.86816  grad_norm:  0.6577  memory:  0.20GiB(0.32%)  tps: 4,547  tflops: 0.14  mfu: 0.04%
[rank0]:[titan] 2026-08-13 23:05:29,830 - root - INFO - step: 548  loss:  2.65180  grad_norm:  0.6756  memory:  0.20GiB(0.32%)  tps: 4,164  tflops: 0.13  mfu: 0.04%
[rank0]:[titan] 2026-08-13 23:05:30,301 - root - INFO - step: 549  loss:  2.57771  grad_norm:  0.5601  memory:  0.20GiB(0.32%)  tps: 4,356  tflops: 0.13  mfu: 0.04%
[rank0]:[titan] 2026-08-13 23:05:30,305 - root - INFO - [GC] Performing periodic GC collection took 0.00 seconds
[rank0]:[titan] 2026-08-13 23:05:30,753 - root - INFO - step: 550  loss:  2.68973  grad_norm:  0.5354  memory:  0.20GiB(0.32%)  tps: 4,551  tflops: 0.14  mfu: 0.04%
[rank0]:[titan] 2026-08-13 23:05:31,448 - root - INFO - step: 551  loss:  2.75810  grad_norm:  0.5632  memory:  0.20GiB(0.32%)  tps: 2,952  tflops: 0.09  mfu: 0.03%
[rank0]:[titan] 2026-08-13 23:05:32,790 - root - INFO - step: 552  loss:  2.72740  grad_norm:  0.4660  memory:  0.20GiB(0.32%)  tps: 1,528  tflops: 0.05  mfu: 0.01%
[rank0]:[titan] 2026-08-13 23:05:34,094 - root - INFO - step: 553  loss:  2.67941  grad_norm:  0.5799  memory:  0.20GiB(0.32%)  tps: 1,572  tflops: 0.05  mfu: 0.01%
[rank0]:[titan] 2026-08-13 23:05:34,786 - root - INFO - step: 554  loss:  2.64423  grad_norm:  0.6452  memory:  0.20GiB(0.32%)  tps: 2,964  tflops: 0.09  mfu: 0.03%
[rank0]:[titan] 2026-08-13 23:05:35,806 - root - INFO - step: 555  loss:  2.62680  grad_norm:  0.8191  memory:  0.20GiB(0.32%)  tps: 2,011  tflops: 0.06  mfu: 0.02%
[rank0]:[titan] 2026-08-13 23:05:36,669 - root - INFO - step: 556  loss:  2.59527  grad_norm:  0.5395  memory:  0.20GiB(0.32%)  tps: 2,377  tflops: 0.07  mfu: 0.02%
[rank0]:[titan] 2026-08-13 23:05:37,323 - root - INFO - step: 557  loss:  2.67258  grad_norm:  0.5348  memory:  0.20GiB(0.32%)  tps: 3,136  tflops: 0.10  mfu: 0.03%
[rank0]:[titan] 2026-08-13 23:05:38,149 - root - INFO - step: 558  loss:  2.70512  grad_norm:  0.6250  memory:  0.20GiB(0.32%)  tps: 2,485  tflops: 0.08  mfu: 0.02%
[rank0]:[titan] 2026-08-13 23:05:38,801 - root - INFO - step: 559  loss:  2.73133  grad_norm:  0.6134  memory:  0.20GiB(0.32%)  tps: 3,144  tflops: 0.10  mfu: 0.03%
[rank0]:[titan] 2026-08-13 23:05:39,616 - root - INFO - step: 560  loss:  2.67485  grad_norm:  0.6413  memory:  0.20GiB(0.32%)  tps: 2,519  tflops: 0.08  mfu: 0.02%
[rank0]:[titan] 2026-08-13 23:05:40,340 - root - INFO - step: 561  loss:  2.80645  grad_norm:  0.6358  memory:  0.20GiB(0.32%)  tps: 2,833  tflops: 0.09  mfu: 0.02%
[rank0]:[titan] 2026-08-13 23:05:40,874 - root - INFO - step: 562  loss:  2.74968  grad_norm:  0.8257  memory:  0.20GiB(0.32%)  tps: 3,849  tflops: 0.12  mfu: 0.03%
[rank0]:[titan] 2026-08-13 23:05:41,317 - root - INFO - step: 563  loss:  2.70377  grad_norm:  0.6241  memory:  0.20GiB(0.32%)  tps: 4,630  tflops: 0.14  mfu: 0.04%
[rank0]:[titan] 2026-08-13 23:05:41,771 - root - INFO - step: 564  loss:  2.69313  grad_norm:  0.5385  memory:  0.20GiB(0.32%)  tps: 4,531  tflops: 0.14  mfu: 0.04%
[rank0]:[titan] 2026-08-13 23:05:42,216 - root - INFO - step: 565  loss:  2.68406  grad_norm:  0.6874  memory:  0.20GiB(0.32%)  tps: 4,609  tflops: 0.14  mfu: 0.04%
[rank0]:[titan] 2026-08-13 23:05:42,660 - root - INFO - step: 566  loss:  2.73640  grad_norm:  0.7214  memory:  0.20GiB(0.32%)  tps: 4,629  tflops: 0.14  mfu: 0.04%
[rank0]:[titan] 2026-08-13 23:05:43,105 - root - INFO - step: 567  loss:  2.60993  grad_norm:  0.6104  memory:  0.20GiB(0.32%)  tps: 4,622  tflops: 0.14  mfu: 0.04%
[rank0]:[titan] 2026-08-13 23:05:43,548 - root - INFO - step: 568  loss:  2.78606  grad_norm:  0.6951  memory:  0.20GiB(0.32%)  tps: 4,628  tflops: 0.14  mfu: 0.04%
[rank0]:[titan] 2026-08-13 23:05:43,992 - root - INFO - step: 569  loss:  3.25751  grad_norm:  1.1735  memory:  0.20GiB(0.32%)  tps: 4,626  tflops: 0.14  mfu: 0.04%
[rank0]:[titan] 2026-08-13 23:05:44,443 - root - INFO - step: 570  loss:  2.73631  grad_norm:  0.6458  memory:  0.20GiB(0.32%)  tps: 4,558  tflops: 0.14  mfu: 0.04%
[rank0]:[titan] 2026-08-13 23:05:44,902 - root - INFO - step: 571  loss:  2.62682  grad_norm:  0.7495  memory:  0.20GiB(0.32%)  tps: 4,472  tflops: 0.14  mfu: 0.04%
[rank0]:[titan] 2026-08-13 23:05:45,353 - root - INFO - step: 572  loss:  2.66232  grad_norm:  0.6483  memory:  0.20GiB(0.32%)  tps: 4,557  tflops: 0.14  mfu: 0.04%
[rank0]:[titan] 2026-08-13 23:05:45,796 - root - INFO - step: 573  loss:  2.84850  grad_norm:  0.4668  memory:  0.20GiB(0.32%)  tps: 4,635  tflops: 0.14  mfu: 0.04%
[rank0]:[titan] 2026-08-13 23:05:46,240 - root - INFO - step: 574  loss:  2.85884  grad_norm:  0.5846  memory:  0.20GiB(0.32%)  tps: 4,634  tflops: 0.14  mfu: 0.04%
[rank0]:[titan] 2026-08-13 23:05:46,679 - root - INFO - step: 575  loss:  2.86583  grad_norm:  0.6676  memory:  0.20GiB(0.32%)  tps: 4,679  tflops: 0.14  mfu: 0.04%
[rank0]:[titan] 2026-08-13 23:05:47,186 - root - INFO - step: 576  loss:  2.95450  grad_norm:  1.1963  memory:  0.20GiB(0.32%)  tps: 4,046  tflops: 0.12  mfu: 0.03%
[rank0]:[titan] 2026-08-13 23:05:47,624 - root - INFO - step: 577  loss:  2.77221  grad_norm:  0.7582  memory:  0.20GiB(0.32%)  tps: 4,690  tflops: 0.14  mfu: 0.04%
[rank0]:[titan] 2026-08-13 23:05:48,111 - root - INFO - step: 578  loss:  2.69149  grad_norm:  0.7958  memory:  0.20GiB(0.32%)  tps: 4,220  tflops: 0.13  mfu: 0.04%
[rank0]:[titan] 2026-08-13 23:05:48,605 - root - INFO - step: 579  loss:  2.66068  grad_norm:  0.7452  memory:  0.20GiB(0.32%)  tps: 4,156  tflops: 0.13  mfu: 0.04%
[rank0]:[titan] 2026-08-13 23:05:49,958 - root - INFO - step: 580  loss:  2.70322  grad_norm:  0.6628  memory:  0.20GiB(0.32%)  tps: 1,516  tflops: 0.05  mfu: 0.01%
[rank0]:[titan] 2026-08-13 23:05:51,206 - root - INFO - step: 581  loss:  2.76666  grad_norm:  0.7334  memory:  0.20GiB(0.32%)  tps: 1,643  tflops: 0.05  mfu: 0.01%
[rank0]:[titan] 2026-08-13 23:05:52,072 - root - INFO - step: 582  loss:  2.74422  grad_norm:  0.6526  memory:  0.20GiB(0.32%)  tps: 2,369  tflops: 0.07  mfu: 0.02%
[rank0]:[titan] 2026-08-13 23:05:53,035 - root - INFO - step: 583  loss:  2.72620  grad_norm:  0.4325  memory:  0.20GiB(0.32%)  tps: 2,129  tflops: 0.06  mfu: 0.02%
[rank0]:[titan] 2026-08-13 23:05:53,757 - root - INFO - step: 584  loss:  2.61522  grad_norm:  0.4992  memory:  0.20GiB(0.32%)  tps: 2,842  tflops: 0.09  mfu: 0.02%
[rank0]:[titan] 2026-08-13 23:05:54,589 - root - INFO - step: 585  loss:  2.66322  grad_norm:  0.6720  memory:  0.20GiB(0.32%)  tps: 2,465  tflops: 0.08  mfu: 0.02%
[rank0]:[titan] 2026-08-13 23:05:55,230 - root - INFO - step: 586  loss:  2.57355  grad_norm:  0.5565  memory:  0.20GiB(0.32%)  tps: 3,199  tflops: 0.10  mfu: 0.03%
[rank0]:[titan] 2026-08-13 23:05:55,994 - root - INFO - step: 587  loss:  2.51703  grad_norm:  0.5444  memory:  0.20GiB(0.32%)  tps: 2,686  tflops: 0.08  mfu: 0.02%
[rank0]:[titan] 2026-08-13 23:05:56,908 - root - INFO - step: 588  loss:  2.58103  grad_norm:  0.5098  memory:  0.20GiB(0.32%)  tps: 2,245  tflops: 0.07  mfu: 0.02%
[rank0]:[titan] 2026-08-13 23:05:57,806 - root - INFO - step: 589  loss:  2.49663  grad_norm:  0.5419  memory:  0.20GiB(0.32%)  tps: 2,289  tflops: 0.07  mfu: 0.02%
[rank0]:[titan] 2026-08-13 23:05:58,466 - root - INFO - step: 590  loss:  2.61626  grad_norm:  0.4950  memory:  0.20GiB(0.32%)  tps: 3,108  tflops: 0.09  mfu: 0.03%
[rank0]:[titan] 2026-08-13 23:05:58,918 - root - INFO - step: 591  loss:  2.72089  grad_norm:  0.5402  memory:  0.20GiB(0.32%)  tps: 4,545  tflops: 0.14  mfu: 0.04%
[rank0]:[titan] 2026-08-13 23:05:59,352 - root - INFO - step: 592  loss:  2.79976  grad_norm:  1.0163  memory:  0.20GiB(0.32%)  tps: 4,735  tflops: 0.14  mfu: 0.04%
[rank0]:[titan] 2026-08-13 23:05:59,793 - root - INFO - step: 593  loss:  2.80002  grad_norm:  0.7276  memory:  0.20GiB(0.32%)  tps: 4,658  tflops: 0.14  mfu: 0.04%
[rank0]:[titan] 2026-08-13 23:06:00,230 - root - INFO - step: 594  loss:  2.73776  grad_norm:  0.6285  memory:  0.20GiB(0.32%)  tps: 4,698  tflops: 0.14  mfu: 0.04%
[rank0]:[titan] 2026-08-13 23:06:00,678 - root - INFO - step: 595  loss:  2.73419  grad_norm:  0.6121  memory:  0.20GiB(0.32%)  tps: 4,586  tflops: 0.14  mfu: 0.04%
[rank0]:[titan] 2026-08-13 23:06:01,116 - root - INFO - step: 596  loss:  2.69686  grad_norm:  0.7683  memory:  0.20GiB(0.32%)  tps: 4,692  tflops: 0.14  mfu: 0.04%
[rank0]:[titan] 2026-08-13 23:06:01,552 - root - INFO - step: 597  loss:  2.73700  grad_norm:  0.8661  memory:  0.20GiB(0.32%)  tps: 4,716  tflops: 0.14  mfu: 0.04%
[rank0]:[titan] 2026-08-13 23:06:01,993 - root - INFO - step: 598  loss:  2.57389  grad_norm:  0.7107  memory:  0.20GiB(0.32%)  tps: 4,659  tflops: 0.14  mfu: 0.04%
[rank0]:[titan] 2026-08-13 23:06:02,432 - root - INFO - step: 599  loss:  2.59873  grad_norm:  0.5314  memory:  0.20GiB(0.32%)  tps: 4,679  tflops: 0.14  mfu: 0.04%
[rank0]:[titan] 2026-08-13 23:06:02,435 - root - INFO - [GC] Performing periodic GC collection took 0.00 seconds
[rank0]:[titan] 2026-08-13 23:06:02,882 - root - INFO - step: 600  loss:  2.82267  grad_norm:  0.5108  memory:  0.20GiB(0.32%)  tps: 4,564  tflops: 0.14  mfu: 0.04%
[rank0]:[titan] 2026-08-13 23:06:03,316 - root - INFO - step: 601  loss:  2.78044  grad_norm:  0.6577  memory:  0.20GiB(0.32%)  tps: 4,730  tflops: 0.14  mfu: 0.04%
[rank0]:[titan] 2026-08-13 23:06:03,793 - root - INFO - step: 602  loss:  3.09731  grad_norm:  0.7439  memory:  0.20GiB(0.32%)  tps: 4,305  tflops: 0.13  mfu: 0.04%
[rank0]:[titan] 2026-08-13 23:06:04,234 - root - INFO - step: 603  loss:  2.77656  grad_norm:  0.4675  memory:  0.20GiB(0.32%)  tps: 4,658  tflops: 0.14  mfu: 0.04%
[rank0]:[titan] 2026-08-13 23:06:04,725 - root - INFO - step: 604  loss:  2.70332  grad_norm:  0.7009  memory:  0.20GiB(0.32%)  tps: 4,181  tflops: 0.13  mfu: 0.04%
[rank0]:[titan] 2026-08-13 23:06:05,356 - root - INFO - step: 605  loss:  2.68949  grad_norm:  0.5111  memory:  0.20GiB(0.32%)  tps: 3,253  tflops: 0.10  mfu: 0.03%
[rank0]:[titan] 2026-08-13 23:06:06,810 - root - INFO - step: 606  loss:  2.63380  grad_norm:  0.4665  memory:  0.20GiB(0.32%)  tps: 1,410  tflops: 0.04  mfu: 0.01%
[rank0]:[titan] 2026-08-13 23:06:07,988 - root - INFO - step: 607  loss:  2.62924  grad_norm:  0.5045  memory:  0.20GiB(0.32%)  tps: 1,741  tflops: 0.05  mfu: 0.01%
[rank0]:[titan] 2026-08-13 23:06:08,671 - root - INFO - step: 608  loss:  2.54592  grad_norm:  0.5131  memory:  0.20GiB(0.32%)  tps: 3,004  tflops: 0.09  mfu: 0.03%
[rank0]:[titan] 2026-08-13 23:06:09,663 - root - INFO - step: 609  loss:  2.62588  grad_norm:  0.7338  memory:  0.20GiB(0.32%)  tps: 2,068  tflops: 0.06  mfu: 0.02%
[rank0]:[titan] 2026-08-13 23:06:10,498 - root - INFO - step: 610  loss:  2.96828  grad_norm:  0.6584  memory:  0.20GiB(0.32%)  tps: 2,456  tflops: 0.07  mfu: 0.02%
[rank0]:[titan] 2026-08-13 23:06:11,293 - root - INFO - step: 611  loss:  3.15191  grad_norm:  0.8830  memory:  0.20GiB(0.32%)  tps: 2,580  tflops: 0.08  mfu: 0.02%
[rank0]:[titan] 2026-08-13 23:06:11,999 - root - INFO - step: 612  loss:  2.72964  grad_norm:  0.7355  memory:  0.20GiB(0.32%)  tps: 2,905  tflops: 0.09  mfu: 0.02%
[rank0]:[titan] 2026-08-13 23:06:12,725 - root - INFO - step: 613  loss:  2.73787  grad_norm:  0.4259  memory:  0.20GiB(0.32%)  tps: 2,827  tflops: 0.09  mfu: 0.02%
[rank0]:[titan] 2026-08-13 23:06:13,544 - root - INFO - step: 614  loss:  2.77951  grad_norm:  0.4806  memory:  0.20GiB(0.32%)  tps: 2,505  tflops: 0.08  mfu: 0.02%
[rank0]:[titan] 2026-08-13 23:06:14,439 - root - INFO - step: 615  loss:  2.70103  grad_norm:  0.4173  memory:  0.20GiB(0.32%)  tps: 2,292  tflops: 0.07  mfu: 0.02%
[rank0]:[titan] 2026-08-13 23:06:15,043 - root - INFO - step: 616  loss:  2.59935  grad_norm:  0.5550  memory:  0.20GiB(0.32%)  tps: 3,395  tflops: 0.10  mfu: 0.03%
[rank0]:[titan] 2026-08-13 23:06:15,501 - root - INFO - step: 617  loss:  2.73365  grad_norm:  0.7536  memory:  0.20GiB(0.32%)  tps: 4,496  tflops: 0.14  mfu: 0.04%
[rank0]:[titan] 2026-08-13 23:06:15,941 - root - INFO - step: 618  loss:  2.75921  grad_norm:  0.8079  memory:  0.20GiB(0.32%)  tps: 4,659  tflops: 0.14  mfu: 0.04%
[rank0]:[titan] 2026-08-13 23:06:16,379 - root - INFO - step: 619  loss:  2.64019  grad_norm:  0.6404  memory:  0.20GiB(0.32%)  tps: 4,700  tflops: 0.14  mfu: 0.04%
[rank0]:[titan] 2026-08-13 23:06:16,819 - root - INFO - step: 620  loss:  2.85356  grad_norm:  0.6028  memory:  0.20GiB(0.32%)  tps: 4,659  tflops: 0.14  mfu: 0.04%
[rank0]:[titan] 2026-08-13 23:06:17,263 - root - INFO - step: 621  loss:  2.85435  grad_norm:  0.7142  memory:  0.20GiB(0.32%)  tps: 4,630  tflops: 0.14  mfu: 0.04%
[rank0]:[titan] 2026-08-13 23:06:17,709 - root - INFO - step: 622  loss:  3.14074  grad_norm:  0.7710  memory:  0.20GiB(0.32%)  tps: 4,611  tflops: 0.14  mfu: 0.04%
[rank0]:[titan] 2026-08-13 23:06:18,149 - root - INFO - step: 623  loss:  2.69506  grad_norm:  0.6347  memory:  0.20GiB(0.32%)  tps: 4,662  tflops: 0.14  mfu: 0.04%
[rank0]:[titan] 2026-08-13 23:06:18,585 - root - INFO - step: 624  loss:  2.68691  grad_norm:  0.5369  memory:  0.20GiB(0.32%)  tps: 4,712  tflops: 0.14  mfu: 0.04%
[rank0]:[titan] 2026-08-13 23:06:19,025 - root - INFO - step: 625  loss:  2.68052  grad_norm:  0.6697  memory:  0.20GiB(0.32%)  tps: 4,675  tflops: 0.14  mfu: 0.04%
[rank0]:[titan] 2026-08-13 23:06:19,467 - root - INFO - step: 626  loss:  2.86898  grad_norm:  0.4679  memory:  0.20GiB(0.32%)  tps: 4,647  tflops: 0.14  mfu: 0.04%
[rank0]:[titan] 2026-08-13 23:06:19,916 - root - INFO - step: 627  loss:  2.86040  grad_norm:  0.5134  memory:  0.20GiB(0.32%)  tps: 4,568  tflops: 0.14  mfu: 0.04%
[rank0]:[titan] 2026-08-13 23:06:20,359 - root - INFO - step: 628  loss:  2.61045  grad_norm:  0.5298  memory:  0.20GiB(0.32%)  tps: 4,644  tflops: 0.14  mfu: 0.04%
[rank0]:[titan] 2026-08-13 23:06:20,804 - root - INFO - step: 629  loss:  2.67694  grad_norm:  0.6205  memory:  0.20GiB(0.32%)  tps: 4,607  tflops: 0.14  mfu: 0.04%
[rank0]:[titan] 2026-08-13 23:06:21,293 - root - INFO - step: 630  loss:  2.66239  grad_norm:  0.5121  memory:  0.20GiB(0.32%)  tps: 4,201  tflops: 0.13  mfu: 0.04%
[rank0]:[titan] 2026-08-13 23:06:21,792 - root - INFO - step: 631  loss:  2.68875  grad_norm:  0.7069  memory:  0.20GiB(0.32%)  tps: 4,116  tflops: 0.13  mfu: 0.04%
[rank0]:[titan] 2026-08-13 23:06:22,237 - root - INFO - step: 632  loss:  2.64665  grad_norm:  0.6889  memory:  0.20GiB(0.32%)  tps: 4,621  tflops: 0.14  mfu: 0.04%
[rank0]:[titan] 2026-08-13 23:06:23,271 - root - INFO - step: 633  loss:  2.63422  grad_norm:  0.6266  memory:  0.20GiB(0.32%)  tps: 1,983  tflops: 0.06  mfu: 0.02%
[rank0]:[titan] 2026-08-13 23:06:24,676 - root - INFO - step: 634  loss:  2.78389  grad_norm:  0.6101  memory:  0.20GiB(0.32%)  tps: 1,459  tflops: 0.04  mfu: 0.01%
[rank0]:[titan] 2026-08-13 23:06:25,668 - root - INFO - step: 635  loss:  2.74799  grad_norm:  0.6275  memory:  0.20GiB(0.32%)  tps: 2,066  tflops: 0.06  mfu: 0.02%
[rank0]:[titan] 2026-08-13 23:06:26,686 - root - INFO - step: 636  loss:  2.62943  grad_norm:  0.5703  memory:  0.20GiB(0.32%)  tps: 2,014  tflops: 0.06  mfu: 0.02%
[rank0]:[titan] 2026-08-13 23:06:27,459 - root - INFO - step: 637  loss:  2.67619  grad_norm:  0.5325  memory:  0.20GiB(0.32%)  tps: 2,656  tflops: 0.08  mfu: 0.02%
[rank0]:[titan] 2026-08-13 23:06:28,096 - root - INFO - step: 638  loss:  2.65658  grad_norm:  0.6718  memory:  0.20GiB(0.32%)  tps: 3,220  tflops: 0.10  mfu: 0.03%
[rank0]:[titan] 2026-08-13 23:06:28,819 - root - INFO - step: 639  loss:  2.71555  grad_norm:  0.6095  memory:  0.20GiB(0.32%)  tps: 2,840  tflops: 0.09  mfu: 0.02%
[rank0]:[titan] 2026-08-13 23:06:29,687 - root - INFO - step: 640  loss:  2.66864  grad_norm:  0.4848  memory:  0.20GiB(0.32%)  tps: 2,362  tflops: 0.07  mfu: 0.02%
[rank0]:[titan] 2026-08-13 23:06:30,506 - root - INFO - step: 641  loss:  2.71507  grad_norm:  0.5116  memory:  0.20GiB(0.32%)  tps: 2,506  tflops: 0.08  mfu: 0.02%
[rank0]:[titan] 2026-08-13 23:06:31,371 - root - INFO - step: 642  loss:  2.74133  grad_norm:  0.6310  memory:  0.20GiB(0.32%)  tps: 2,369  tflops: 0.07  mfu: 0.02%
[rank0]:[titan] 2026-08-13 23:06:32,212 - root - INFO - step: 643  loss:  2.74832  grad_norm:  0.7357  memory:  0.20GiB(0.32%)  tps: 2,441  tflops: 0.07  mfu: 0.02%
[rank0]:[titan] 2026-08-13 23:06:32,689 - root - INFO - step: 644  loss:  2.68128  grad_norm:  0.5639  memory:  0.20GiB(0.32%)  tps: 4,303  tflops: 0.13  mfu: 0.04%
[rank0]:[titan] 2026-08-13 23:06:33,124 - root - INFO - step: 645  loss:  2.62323  grad_norm:  0.6997  memory:  0.20GiB(0.32%)  tps: 4,727  tflops: 0.14  mfu: 0.04%
[rank0]:[titan] 2026-08-13 23:06:33,559 - root - INFO - step: 646  loss:  2.63878  grad_norm:  0.6251  memory:  0.20GiB(0.32%)  tps: 4,723  tflops: 0.14  mfu: 0.04%
[rank0]:[titan] 2026-08-13 23:06:33,991 - root - INFO - step: 647  loss:  2.77402  grad_norm:  0.6198  memory:  0.20GiB(0.32%)  tps: 4,748  tflops: 0.14  mfu: 0.04%
[rank0]:[titan] 2026-08-13 23:06:34,432 - root - INFO - step: 648  loss:  2.66243  grad_norm:  0.4618  memory:  0.20GiB(0.32%)  tps: 4,663  tflops: 0.14  mfu: 0.04%
[rank0]:[titan] 2026-08-13 23:06:34,869 - root - INFO - step: 649  loss:  2.60050  grad_norm:  0.6096  memory:  0.20GiB(0.32%)  tps: 4,701  tflops: 0.14  mfu: 0.04%
[rank0]:[titan] 2026-08-13 23:06:34,872 - root - INFO - [GC] Performing periodic GC collection took 0.00 seconds
[rank0]:[titan] 2026-08-13 23:06:35,311 - root - INFO - step: 650  loss:  2.81179  grad_norm:  0.6147  memory:  0.20GiB(0.32%)  tps: 4,649  tflops: 0.14  mfu: 0.04%
[rank0]:[titan] 2026-08-13 23:06:35,748 - root - INFO - step: 651  loss:  2.84976  grad_norm:  0.6944  memory:  0.20GiB(0.32%)  tps: 4,694  tflops: 0.14  mfu: 0.04%
[rank0]:[titan] 2026-08-13 23:06:36,186 - root - INFO - step: 652  loss:  2.78362  grad_norm:  0.5918  memory:  0.20GiB(0.32%)  tps: 4,698  tflops: 0.14  mfu: 0.04%
[rank0]:[titan] 2026-08-13 23:06:36,630 - root - INFO - step: 653  loss:  2.73516  grad_norm:  0.5655  memory:  0.20GiB(0.32%)  tps: 4,621  tflops: 0.14  mfu: 0.04%
[rank0]:[titan] 2026-08-13 23:06:37,072 - root - INFO - step: 654  loss:  2.68061  grad_norm:  0.6305  memory:  0.20GiB(0.32%)  tps: 4,651  tflops: 0.14  mfu: 0.04%
[rank0]:[titan] 2026-08-13 23:06:37,510 - root - INFO - step: 655  loss:  2.69311  grad_norm:  0.4650  memory:  0.20GiB(0.32%)  tps: 4,687  tflops: 0.14  mfu: 0.04%
[rank0]:[titan] 2026-08-13 23:06:37,955 - root - INFO - step: 656  loss:  2.92674  grad_norm:  0.9158  memory:  0.20GiB(0.32%)  tps: 4,619  tflops: 0.14  mfu: 0.04%
[rank0]:[titan] 2026-08-13 23:06:38,428 - root - INFO - step: 657  loss:  2.65937  grad_norm:  0.8094  memory:  0.20GiB(0.32%)  tps: 4,343  tflops: 0.13  mfu: 0.04%
[rank0]:[titan] 2026-08-13 23:06:38,867 - root - INFO - step: 658  loss:  2.63206  grad_norm:  0.7496  memory:  0.20GiB(0.32%)  tps: 4,683  tflops: 0.14  mfu: 0.04%
[rank0]:[titan] 2026-08-13 23:06:39,341 - root - INFO - step: 659  loss:  2.97455  grad_norm:  0.8007  memory:  0.20GiB(0.32%)  tps: 4,334  tflops: 0.13  mfu: 0.04%
[rank0]:[titan] 2026-08-13 23:06:39,969 - root - INFO - step: 660  loss:  2.74311  grad_norm:  0.7487  memory:  0.20GiB(0.32%)  tps: 3,267  tflops: 0.10  mfu: 0.03%
[rank0]:[titan] 2026-08-13 23:06:41,231 - root - INFO - step: 661  loss:  2.67397  grad_norm:  0.6743  memory:  0.20GiB(0.32%)  tps: 1,625  tflops: 0.05  mfu: 0.01%
[rank0]:[titan] 2026-08-13 23:06:42,520 - root - INFO - step: 662  loss:  2.64262  grad_norm:  0.5101  memory:  0.20GiB(0.32%)  tps: 1,590  tflops: 0.05  mfu: 0.01%
[rank0]:[titan] 2026-08-13 23:06:43,305 - root - INFO - step: 663  loss:  2.68925  grad_norm:  0.4835  memory:  0.20GiB(0.32%)  tps: 2,614  tflops: 0.08  mfu: 0.02%
[rank0]:[titan] 2026-08-13 23:06:44,194 - root - INFO - step: 664  loss:  2.66663  grad_norm:  0.5303  memory:  0.20GiB(0.32%)  tps: 2,307  tflops: 0.07  mfu: 0.02%
[rank0]:[titan] 2026-08-13 23:06:44,965 - root - INFO - step: 665  loss:  2.66288  grad_norm:  0.5980  memory:  0.20GiB(0.32%)  tps: 2,664  tflops: 0.08  mfu: 0.02%
[rank0]:[titan] 2026-08-13 23:06:45,800 - root - INFO - step: 666  loss:  2.69378  grad_norm:  0.5162  memory:  0.20GiB(0.32%)  tps: 2,457  tflops: 0.07  mfu: 0.02%
[rank0]:[titan] 2026-08-13 23:06:46,459 - root - INFO - step: 667  loss:  2.61415  grad_norm:  0.5431  memory:  0.20GiB(0.32%)  tps: 3,116  tflops: 0.09  mfu: 0.03%
[rank0]:[titan] 2026-08-13 23:06:47,340 - root - INFO - step: 668  loss:  2.58809  grad_norm:  0.3807  memory:  0.20GiB(0.32%)  tps: 2,327  tflops: 0.07  mfu: 0.02%
[rank0]:[titan] 2026-08-13 23:06:48,108 - root - INFO - step: 669  loss:  2.69410  grad_norm:  0.6028  memory:  0.20GiB(0.32%)  tps: 2,672  tflops: 0.08  mfu: 0.02%
[rank0]:[titan] 2026-08-13 23:06:48,926 - root - INFO - step: 670  loss:  2.65359  grad_norm:  0.6488  memory:  0.20GiB(0.32%)  tps: 2,506  tflops: 0.08  mfu: 0.02%
[rank0]:[titan] 2026-08-13 23:06:49,479 - root - INFO - step: 671  loss:  2.73062  grad_norm:  0.6092  memory:  0.20GiB(0.32%)  tps: 3,714  tflops: 0.11  mfu: 0.03%
[rank0]:[titan] 2026-08-13 23:06:49,928 - root - INFO - step: 672  loss:  2.67523  grad_norm:  0.4802  memory:  0.20GiB(0.32%)  tps: 4,577  tflops: 0.14  mfu: 0.04%
[rank0]:[titan] 2026-08-13 23:06:50,386 - root - INFO - step: 673  loss:  2.81772  grad_norm:  0.4366  memory:  0.20GiB(0.32%)  tps: 4,486  tflops: 0.14  mfu: 0.04%
[rank0]:[titan] 2026-08-13 23:06:50,834 - root - INFO - step: 674  loss:  2.61268  grad_norm:  0.4895  memory:  0.20GiB(0.32%)  tps: 4,579  tflops: 0.14  mfu: 0.04%
[rank0]:[titan] 2026-08-13 23:06:51,292 - root - INFO - step: 675  loss:  2.80107  grad_norm:  0.6289  memory:  0.20GiB(0.32%)  tps: 4,493  tflops: 0.14  mfu: 0.04%
[rank0]:[titan] 2026-08-13 23:06:51,761 - root - INFO - step: 676  loss:  2.74764  grad_norm:  0.5280  memory:  0.20GiB(0.32%)  tps: 4,375  tflops: 0.13  mfu: 0.04%
[rank0]:[titan] 2026-08-13 23:06:52,204 - root - INFO - step: 677  loss:  2.77854  grad_norm:  0.7824  memory:  0.20GiB(0.32%)  tps: 4,636  tflops: 0.14  mfu: 0.04%
[rank0]:[titan] 2026-08-13 23:06:52,648 - root - INFO - step: 678  loss:  2.72346  grad_norm:  0.7768  memory:  0.20GiB(0.32%)  tps: 4,633  tflops: 0.14  mfu: 0.04%
[rank0]:[titan] 2026-08-13 23:06:53,098 - root - INFO - step: 679  loss:  2.73436  grad_norm:  0.6770  memory:  0.20GiB(0.32%)  tps: 4,560  tflops: 0.14  mfu: 0.04%
[rank0]:[titan] 2026-08-13 23:06:53,543 - root - INFO - step: 680  loss:  2.77713  grad_norm:  0.7301  memory:  0.20GiB(0.32%)  tps: 4,620  tflops: 0.14  mfu: 0.04%
[rank0]:[titan] 2026-08-13 23:06:53,983 - root - INFO - step: 681  loss:  2.81680  grad_norm:  0.5693  memory:  0.20GiB(0.32%)  tps: 4,666  tflops: 0.14  mfu: 0.04%
[rank0]:[titan] 2026-08-13 23:06:54,425 - root - INFO - step: 682  loss:  2.73871  grad_norm:  0.5335  memory:  0.20GiB(0.32%)  tps: 4,647  tflops: 0.14  mfu: 0.04%
[rank0]:[titan] 2026-08-13 23:06:54,876 - root - INFO - step: 683  loss:  2.68917  grad_norm:  0.9961  memory:  0.20GiB(0.32%)  tps: 4,557  tflops: 0.14  mfu: 0.04%
[rank0]:[titan] 2026-08-13 23:06:55,317 - root - INFO - step: 684  loss:  2.71187  grad_norm:  0.8727  memory:  0.20GiB(0.32%)  tps: 4,655  tflops: 0.14  mfu: 0.04%
[rank0]:[titan] 2026-08-13 23:06:55,804 - root - INFO - step: 685  loss:  2.73672  grad_norm:  0.8776  memory:  0.20GiB(0.32%)  tps: 4,222  tflops: 0.13  mfu: 0.04%
[rank0]:[titan] 2026-08-13 23:06:56,299 - root - INFO - step: 686  loss:  2.82196  grad_norm:  0.7033  memory:  0.20GiB(0.32%)  tps: 4,143  tflops: 0.13  mfu: 0.04%
[rank0]:[titan] 2026-08-13 23:06:56,745 - root - INFO - step: 687  loss:  2.74186  grad_norm:  0.5412  memory:  0.20GiB(0.32%)  tps: 4,603  tflops: 0.14  mfu: 0.04%
[rank0]:[titan] 2026-08-13 23:06:57,718 - root - INFO - step: 688  loss:  2.78060  grad_norm:  0.7098  memory:  0.20GiB(0.32%)  tps: 2,109  tflops: 0.06  mfu: 0.02%
[rank0]:[titan] 2026-08-13 23:06:59,117 - root - INFO - step: 689  loss:  2.77188  grad_norm:  0.5897  memory:  0.20GiB(0.32%)  tps: 1,465  tflops: 0.04  mfu: 0.01%
[rank0]:[titan] 2026-08-13 23:07:00,341 - root - INFO - step: 690  loss:  2.67392  grad_norm:  0.6130  memory:  0.20GiB(0.32%)  tps: 1,675  tflops: 0.05  mfu: 0.01%
[rank0]:[titan] 2026-08-13 23:07:01,226 - root - INFO - step: 691  loss:  2.76096  grad_norm:  0.6270  memory:  0.20GiB(0.32%)  tps: 2,319  tflops: 0.07  mfu: 0.02%
[rank0]:[titan] 2026-08-13 23:07:02,122 - root - INFO - step: 692  loss:  2.65342  grad_norm:  0.5107  memory:  0.20GiB(0.32%)  tps: 2,290  tflops: 0.07  mfu: 0.02%
[rank0]:[titan] 2026-08-13 23:07:02,815 - root - INFO - step: 693  loss:  2.79780  grad_norm:  0.6051  memory:  0.20GiB(0.32%)  tps: 2,958  tflops: 0.09  mfu: 0.03%
[rank0]:[titan] 2026-08-13 23:07:03,491 - root - INFO - step: 694  loss:  2.84005  grad_norm:  0.6293  memory:  0.20GiB(0.32%)  tps: 3,037  tflops: 0.09  mfu: 0.03%
[rank0]:[titan] 2026-08-13 23:07:04,257 - root - INFO - step: 695  loss:  2.80848  grad_norm:  0.6028  memory:  0.20GiB(0.32%)  tps: 2,678  tflops: 0.08  mfu: 0.02%
[rank0]:[titan] 2026-08-13 23:07:05,151 - root - INFO - step: 696  loss:  2.75810  grad_norm:  0.7246  memory:  0.20GiB(0.32%)  tps: 2,294  tflops: 0.07  mfu: 0.02%
[rank0]:[titan] 2026-08-13 23:07:05,927 - root - INFO - step: 697  loss:  2.77339  grad_norm:  0.5926  memory:  0.20GiB(0.32%)  tps: 2,646  tflops: 0.08  mfu: 0.02%
[rank0]:[titan] 2026-08-13 23:07:06,704 - root - INFO - step: 698  loss:  2.82501  grad_norm:  0.5213  memory:  0.20GiB(0.32%)  tps: 2,638  tflops: 0.08  mfu: 0.02%
[rank0]:[titan] 2026-08-13 23:07:07,163 - root - INFO - step: 699  loss:  2.78300  grad_norm:  0.5031  memory:  0.20GiB(0.32%)  tps: 4,479  tflops: 0.14  mfu: 0.04%
[rank0]:[titan] 2026-08-13 23:07:07,166 - root - INFO - [GC] Performing periodic GC collection took 0.00 seconds
[rank0]:[titan] 2026-08-13 23:07:07,617 - root - INFO - step: 700  loss:  2.83062  grad_norm:  0.5537  memory:  0.20GiB(0.32%)  tps: 4,520  tflops: 0.14  mfu: 0.04%
[rank0]:[titan] 2026-08-13 23:07:08,070 - root - INFO - step: 701  loss:  2.66392  grad_norm:  0.5688  memory:  0.20GiB(0.32%)  tps: 4,544  tflops: 0.14  mfu: 0.04%
[rank0]:[titan] 2026-08-13 23:07:08,510 - root - INFO - step: 702  loss:  2.69269  grad_norm:  0.6227  memory:  0.20GiB(0.32%)  tps: 4,661  tflops: 0.14  mfu: 0.04%
[rank0]:[titan] 2026-08-13 23:07:08,950 - root - INFO - step: 703  loss:  2.71409  grad_norm:  0.5684  memory:  0.20GiB(0.32%)  tps: 4,670  tflops: 0.14  mfu: 0.04%
[rank0]:[titan] 2026-08-13 23:07:09,390 - root - INFO - step: 704  loss:  2.69224  grad_norm:  0.6693  memory:  0.20GiB(0.32%)  tps: 4,668  tflops: 0.14  mfu: 0.04%
[rank0]:[titan] 2026-08-13 23:07:09,834 - root - INFO - step: 705  loss:  2.70482  grad_norm:  0.5968  memory:  0.20GiB(0.32%)  tps: 4,627  tflops: 0.14  mfu: 0.04%
[rank0]:[titan] 2026-08-13 23:07:10,272 - root - INFO - step: 706  loss:  2.68590  grad_norm:  0.6089  memory:  0.20GiB(0.32%)  tps: 4,692  tflops: 0.14  mfu: 0.04%
[rank0]:[titan] 2026-08-13 23:07:10,713 - root - INFO - step: 707  loss:  2.66116  grad_norm:  0.5031  memory:  0.20GiB(0.32%)  tps: 4,655  tflops: 0.14  mfu: 0.04%
[rank0]:[titan] 2026-08-13 23:07:11,155 - root - INFO - step: 708  loss:  2.77258  grad_norm:  0.5839  memory:  0.20GiB(0.32%)  tps: 4,652  tflops: 0.14  mfu: 0.04%
[rank0]:[titan] 2026-08-13 23:07:11,603 - root - INFO - step: 709  loss:  2.76500  grad_norm:  0.5209  memory:  0.20GiB(0.32%)  tps: 4,579  tflops: 0.14  mfu: 0.04%
[rank0]:[titan] 2026-08-13 23:07:12,054 - root - INFO - step: 710  loss:  2.79177  grad_norm:  0.6675  memory:  0.20GiB(0.32%)  tps: 4,558  tflops: 0.14  mfu: 0.04%
[rank0]:[titan] 2026-08-13 23:07:12,495 - root - INFO - step: 711  loss:  2.71887  grad_norm:  0.7621  memory:  0.20GiB(0.32%)  tps: 4,660  tflops: 0.14  mfu: 0.04%
[rank0]:[titan] 2026-08-13 23:07:12,934 - root - INFO - step: 712  loss:  2.66368  grad_norm:  0.5906  memory:  0.20GiB(0.32%)  tps: 4,681  tflops: 0.14  mfu: 0.04%
[rank0]:[titan] 2026-08-13 23:07:13,404 - root - INFO - step: 713  loss:  2.67864  grad_norm:  0.5981  memory:  0.20GiB(0.32%)  tps: 4,365  tflops: 0.13  mfu: 0.04%
[rank0]:[titan] 2026-08-13 23:07:13,892 - root - INFO - step: 714  loss:  2.78569  grad_norm:  0.4556  memory:  0.20GiB(0.32%)  tps: 4,209  tflops: 0.13  mfu: 0.04%
[rank0]:[titan] 2026-08-13 23:07:14,345 - root - INFO - step: 715  loss:  2.81422  grad_norm:  0.5171  memory:  0.20GiB(0.32%)  tps: 4,534  tflops: 0.14  mfu: 0.04%
[rank0]:[titan] 2026-08-13 23:07:15,667 - root - INFO - step: 716  loss:  2.57838  grad_norm:  0.6569  memory:  0.20GiB(0.32%)  tps: 1,551  tflops: 0.05  mfu: 0.01%
[rank0]:[titan] 2026-08-13 23:07:16,893 - root - INFO - step: 717  loss:  2.62153  grad_norm:  0.6794  memory:  0.20GiB(0.32%)  tps: 1,672  tflops: 0.05  mfu: 0.01%
[rank0]:[titan] 2026-08-13 23:07:17,748 - root - INFO - step: 718  loss:  2.68532  grad_norm:  0.5375  memory:  0.20GiB(0.32%)  tps: 2,398  tflops: 0.07  mfu: 0.02%
[rank0]:[titan] 2026-08-13 23:07:18,623 - root - INFO - step: 719  loss:  2.74349  grad_norm:  0.6054  memory:  0.20GiB(0.32%)  tps: 2,345  tflops: 0.07  mfu: 0.02%
[rank0]:[titan] 2026-08-13 23:07:19,333 - root - INFO - step: 720  loss:  2.62601  grad_norm:  0.6588  memory:  0.20GiB(0.32%)  tps: 2,892  tflops: 0.09  mfu: 0.02%
[rank0]:[titan] 2026-08-13 23:07:20,019 - root - INFO - step: 721  loss:  2.64433  grad_norm:  0.5059  memory:  0.20GiB(0.32%)  tps: 2,989  tflops: 0.09  mfu: 0.03%
[rank0]:[titan] 2026-08-13 23:07:20,738 - root - INFO - step: 722  loss:  2.61685  grad_norm:  0.7540  memory:  0.20GiB(0.32%)  tps: 2,855  tflops: 0.09  mfu: 0.02%
[rank0]:[titan] 2026-08-13 23:07:21,428 - root - INFO - step: 723  loss:  2.81489  grad_norm:  0.4542  memory:  0.20GiB(0.32%)  tps: 2,972  tflops: 0.09  mfu: 0.03%
[rank0]:[titan] 2026-08-13 23:07:22,198 - root - INFO - step: 724  loss:  2.67611  grad_norm:  0.6239  memory:  0.20GiB(0.32%)  tps: 2,663  tflops: 0.08  mfu: 0.02%
[rank0]:[titan] 2026-08-13 23:07:22,898 - root - INFO - step: 725  loss:  2.71908  grad_norm:  0.5023  memory:  0.20GiB(0.32%)  tps: 2,934  tflops: 0.09  mfu: 0.03%
[rank0]:[titan] 2026-08-13 23:07:23,724 - root - INFO - step: 726  loss:  2.61685  grad_norm:  0.5699  memory:  0.20GiB(0.32%)  tps: 2,484  tflops: 0.08  mfu: 0.02%
[rank0]:[titan] 2026-08-13 23:07:24,178 - root - INFO - step: 727  loss:  2.60308  grad_norm:  0.6248  memory:  0.20GiB(0.32%)  tps: 4,523  tflops: 0.14  mfu: 0.04%
[rank0]:[titan] 2026-08-13 23:07:24,617 - root - INFO - step: 728  loss:  2.67048  grad_norm:  0.5767  memory:  0.20GiB(0.32%)  tps: 4,674  tflops: 0.14  mfu: 0.04%
[rank0]:[titan] 2026-08-13 23:07:25,057 - root - INFO - step: 729  loss:  2.75566  grad_norm:  0.5010  memory:  0.20GiB(0.32%)  tps: 4,669  tflops: 0.14  mfu: 0.04%
[rank0]:[titan] 2026-08-13 23:07:25,495 - root - INFO - step: 730  loss:  2.68290  grad_norm:  0.6000  memory:  0.20GiB(0.32%)  tps: 4,689  tflops: 0.14  mfu: 0.04%
[rank0]:[titan] 2026-08-13 23:07:25,944 - root - INFO - step: 731  loss:  2.64369  grad_norm:  0.4854  memory:  0.20GiB(0.32%)  tps: 4,575  tflops: 0.14  mfu: 0.04%
[rank0]:[titan] 2026-08-13 23:07:26,386 - root - INFO - step: 732  loss:  2.63587  grad_norm:  0.7140  memory:  0.20GiB(0.32%)  tps: 4,654  tflops: 0.14  mfu: 0.04%
[rank0]:[titan] 2026-08-13 23:07:26,823 - root - INFO - step: 733  loss:  2.63961  grad_norm:  0.6917  memory:  0.20GiB(0.32%)  tps: 4,703  tflops: 0.14  mfu: 0.04%
[rank0]:[titan] 2026-08-13 23:07:27,255 - root - INFO - step: 734  loss:  2.61675  grad_norm:  0.6290  memory:  0.20GiB(0.32%)  tps: 4,750  tflops: 0.14  mfu: 0.04%
[rank0]:[titan] 2026-08-13 23:07:27,692 - root - INFO - step: 735  loss:  2.64956  grad_norm:  0.5168  memory:  0.20GiB(0.32%)  tps: 4,707  tflops: 0.14  mfu: 0.04%
[rank0]:[titan] 2026-08-13 23:07:28,142 - root - INFO - step: 736  loss:  2.75666  grad_norm:  0.5481  memory:  0.20GiB(0.32%)  tps: 4,578  tflops: 0.14  mfu: 0.04%
[rank0]:[titan] 2026-08-13 23:07:28,573 - root - INFO - step: 737  loss:  2.66677  grad_norm:  0.6757  memory:  0.20GiB(0.32%)  tps: 4,761  tflops: 0.14  mfu: 0.04%
[rank0]:[titan] 2026-08-13 23:07:29,008 - root - INFO - step: 738  loss:  2.56745  grad_norm:  0.8025  memory:  0.20GiB(0.32%)  tps: 4,728  tflops: 0.14  mfu: 0.04%
[rank0]:[titan] 2026-08-13 23:07:29,445 - root - INFO - step: 739  loss:  2.58510  grad_norm:  0.7010  memory:  0.20GiB(0.32%)  tps: 4,694  tflops: 0.14  mfu: 0.04%
[rank0]:[titan] 2026-08-13 23:07:29,922 - root - INFO - step: 740  loss:  2.68865  grad_norm:  0.8052  memory:  0.20GiB(0.32%)  tps: 4,305  tflops: 0.13  mfu: 0.04%
[rank0]:[titan] 2026-08-13 23:07:30,395 - root - INFO - step: 741  loss:  2.74159  grad_norm:  0.5538  memory:  0.20GiB(0.32%)  tps: 4,346  tflops: 0.13  mfu: 0.04%
[rank0]:[titan] 2026-08-13 23:07:30,843 - root - INFO - step: 742  loss:  2.63170  grad_norm:  0.5579  memory:  0.20GiB(0.32%)  tps: 4,582  tflops: 0.14  mfu: 0.04%
[rank0]:[titan] 2026-08-13 23:07:32,340 - root - INFO - step: 743  loss:  2.81194  grad_norm:  0.5630  memory:  0.20GiB(0.32%)  tps: 1,370  tflops: 0.04  mfu: 0.01%
[rank0]:[titan] 2026-08-13 23:07:33,612 - root - INFO - step: 744  loss:  2.71338  grad_norm:  0.5525  memory:  0.20GiB(0.32%)  tps: 1,611  tflops: 0.05  mfu: 0.01%
[rank0]:[titan] 2026-08-13 23:07:34,474 - root - INFO - step: 745  loss:  2.67660  grad_norm:  0.5299  memory:  0.20GiB(0.32%)  tps: 2,379  tflops: 0.07  mfu: 0.02%
[rank0]:[titan] 2026-08-13 23:07:35,368 - root - INFO - step: 746  loss:  2.61172  grad_norm:  0.4980  memory:  0.20GiB(0.32%)  tps: 2,295  tflops: 0.07  mfu: 0.02%
[rank0]:[titan] 2026-08-13 23:07:36,131 - root - INFO - step: 747  loss:  2.67511  grad_norm:  0.3841  memory:  0.20GiB(0.32%)  tps: 2,688  tflops: 0.08  mfu: 0.02%
[rank0]:[titan] 2026-08-13 23:07:36,783 - root - INFO - step: 748  loss:  2.68049  grad_norm:  0.6262  memory:  0.20GiB(0.32%)  tps: 3,146  tflops: 0.10  mfu: 0.03%
[rank0]:[titan] 2026-08-13 23:07:37,304 - root - INFO - step: 749  loss:  2.78705  grad_norm:  0.5503  memory:  0.20GiB(0.32%)  tps: 3,940  tflops: 0.12  mfu: 0.03%
[rank0]:[titan] 2026-08-13 23:07:37,308 - root - INFO - [GC] Performing periodic GC collection took 0.00 seconds
[rank0]:[titan] 2026-08-13 23:07:38,115 - root - INFO - step: 750  loss:  2.73329  grad_norm:  0.6560  memory:  0.20GiB(0.32%)  tps: 2,531  tflops: 0.08  mfu: 0.02%
[rank0]:[titan] 2026-08-13 23:07:38,909 - root - INFO - step: 751  loss:  2.70809  grad_norm:  0.5255  memory:  0.20GiB(0.32%)  tps: 2,585  tflops: 0.08  mfu: 0.02%
[rank0]:[titan] 2026-08-13 23:07:39,676 - root - INFO - step: 752  loss:  2.67715  grad_norm:  0.6184  memory:  0.20GiB(0.32%)  tps: 2,674  tflops: 0.08  mfu: 0.02%
[rank0]:[titan] 2026-08-13 23:07:40,448 - root - INFO - step: 753  loss:  2.70894  grad_norm:  0.6546  memory:  0.20GiB(0.32%)  tps: 2,657  tflops: 0.08  mfu: 0.02%
[rank0]:[titan] 2026-08-13 23:07:40,923 - root - INFO - step: 754  loss:  2.66120  grad_norm:  0.7167  memory:  0.20GiB(0.32%)  tps: 4,327  tflops: 0.13  mfu: 0.04%
[rank0]:[titan] 2026-08-13 23:07:41,372 - root - INFO - step: 755  loss:  2.65748  grad_norm:  0.5791  memory:  0.20GiB(0.32%)  tps: 4,584  tflops: 0.14  mfu: 0.04%
[rank0]:[titan] 2026-08-13 23:07:41,811 - root - INFO - step: 756  loss:  2.63029  grad_norm:  0.6149  memory:  0.20GiB(0.32%)  tps: 4,676  tflops: 0.14  mfu: 0.04%
[rank0]:[titan] 2026-08-13 23:07:42,245 - root - INFO - step: 757  loss:  2.72450  grad_norm:  0.4541  memory:  0.20GiB(0.32%)  tps: 4,733  tflops: 0.14  mfu: 0.04%
[rank0]:[titan] 2026-08-13 23:07:42,685 - root - INFO - step: 758  loss:  2.78188  grad_norm:  0.6943  memory:  0.20GiB(0.32%)  tps: 4,672  tflops: 0.14  mfu: 0.04%
[rank0]:[titan] 2026-08-13 23:07:43,131 - root - INFO - step: 759  loss:  2.72859  grad_norm:  0.8596  memory:  0.20GiB(0.32%)  tps: 4,597  tflops: 0.14  mfu: 0.04%
[rank0]:[titan] 2026-08-13 23:07:43,577 - root - INFO - step: 760  loss:  2.74899  grad_norm:  0.8896  memory:  0.20GiB(0.32%)  tps: 4,608  tflops: 0.14  mfu: 0.04%
[rank0]:[titan] 2026-08-13 23:07:44,018 - root - INFO - step: 761  loss:  2.75203  grad_norm:  0.7884  memory:  0.20GiB(0.32%)  tps: 4,662  tflops: 0.14  mfu: 0.04%
[rank0]:[titan] 2026-08-13 23:07:44,465 - root - INFO - step: 762  loss:  3.04944  grad_norm:  0.7797  memory:  0.20GiB(0.32%)  tps: 4,594  tflops: 0.14  mfu: 0.04%
[rank0]:[titan] 2026-08-13 23:07:44,913 - root - INFO - step: 763  loss:  2.79340  grad_norm:  0.6190  memory:  0.20GiB(0.32%)  tps: 4,589  tflops: 0.14  mfu: 0.04%
[rank0]:[titan] 2026-08-13 23:07:45,360 - root - INFO - step: 764  loss:  2.83116  grad_norm:  0.6380  memory:  0.20GiB(0.32%)  tps: 4,594  tflops: 0.14  mfu: 0.04%
[rank0]:[titan] 2026-08-13 23:07:45,807 - root - INFO - step: 765  loss:  2.66599  grad_norm:  0.7382  memory:  0.20GiB(0.32%)  tps: 4,591  tflops: 0.14  mfu: 0.04%
[rank0]:[titan] 2026-08-13 23:07:46,244 - root - INFO - step: 766  loss:  2.63439  grad_norm:  0.6148  memory:  0.20GiB(0.32%)  tps: 4,711  tflops: 0.14  mfu: 0.04%
[rank0]:[titan] 2026-08-13 23:07:46,698 - root - INFO - step: 767  loss:  2.74871  grad_norm:  0.5097  memory:  0.20GiB(0.32%)  tps: 4,520  tflops: 0.14  mfu: 0.04%
[rank0]:[titan] 2026-08-13 23:07:47,139 - root - INFO - step: 768  loss:  2.65678  grad_norm:  0.5851  memory:  0.20GiB(0.32%)  tps: 4,655  tflops: 0.14  mfu: 0.04%
[rank0]:[titan] 2026-08-13 23:07:47,614 - root - INFO - step: 769  loss:  2.79444  grad_norm:  0.7593  memory:  0.20GiB(0.32%)  tps: 4,325  tflops: 0.13  mfu: 0.04%
[rank0]:[titan] 2026-08-13 23:07:48,074 - root - INFO - step: 770  loss:  2.71903  grad_norm:  0.8496  memory:  0.20GiB(0.32%)  tps: 4,468  tflops: 0.14  mfu: 0.04%
[rank0]:[titan] 2026-08-13 23:07:48,527 - root - INFO - step: 771  loss:  2.78781  grad_norm:  0.6972  memory:  0.20GiB(0.32%)  tps: 4,535  tflops: 0.14  mfu: 0.04%
[rank0]:[titan] 2026-08-13 23:07:49,275 - root - INFO - step: 772  loss:  2.78133  grad_norm:  0.5539  memory:  0.20GiB(0.32%)  tps: 2,745  tflops: 0.08  mfu: 0.02%
[rank0]:[titan] 2026-08-13 23:07:50,632 - root - INFO - step: 773  loss:  2.68302  grad_norm:  0.7215  memory:  0.20GiB(0.32%)  tps: 1,510  tflops: 0.05  mfu: 0.01%
[rank0]:[titan] 2026-08-13 23:07:51,874 - root - INFO - step: 774  loss:  2.81396  grad_norm:  0.6683  memory:  0.20GiB(0.32%)  tps: 1,651  tflops: 0.05  mfu: 0.01%
[rank0]:[titan] 2026-08-13 23:07:52,745 - root - INFO - step: 775  loss:  2.95481  grad_norm:  0.6046  memory:  0.20GiB(0.32%)  tps: 2,357  tflops: 0.07  mfu: 0.02%
[rank0]:[titan] 2026-08-13 23:07:53,715 - root - INFO - step: 776  loss:  3.24108  grad_norm:  1.9750  memory:  0.20GiB(0.32%)  tps: 2,113  tflops: 0.06  mfu: 0.02%
[rank0]:[titan] 2026-08-13 23:07:54,435 - root - INFO - step: 777  loss:  3.15182  grad_norm:  1.5650  memory:  0.20GiB(0.32%)  tps: 2,851  tflops: 0.09  mfu: 0.02%
[rank0]:[titan] 2026-08-13 23:07:55,107 - root - INFO - step: 778  loss:  2.72592  grad_norm:  0.4903  memory:  0.20GiB(0.32%)  tps: 3,052  tflops: 0.09  mfu: 0.03%
[rank0]:[titan] 2026-08-13 23:07:55,822 - root - INFO - step: 779  loss:  2.75863  grad_norm:  0.5668  memory:  0.20GiB(0.32%)  tps: 2,871  tflops: 0.09  mfu: 0.02%
[rank0]:[titan] 2026-08-13 23:07:56,590 - root - INFO - step: 780  loss:  2.65173  grad_norm:  0.5337  memory:  0.20GiB(0.32%)  tps: 2,671  tflops: 0.08  mfu: 0.02%
[rank0]:[titan] 2026-08-13 23:07:57,423 - root - INFO - step: 781  loss:  2.68049  grad_norm:  0.5998  memory:  0.20GiB(0.32%)  tps: 2,465  tflops: 0.07  mfu: 0.02%
[rank0]:[titan] 2026-08-13 23:07:58,205 - root - INFO - step: 782  loss:  2.78248  grad_norm:  0.4701  memory:  0.20GiB(0.32%)  tps: 2,622  tflops: 0.08  mfu: 0.02%
[rank0]:[titan] 2026-08-13 23:07:58,679 - root - INFO - step: 783  loss:  2.86918  grad_norm:  0.5283  memory:  0.20GiB(0.32%)  tps: 4,334  tflops: 0.13  mfu: 0.04%
[rank0]:[titan] 2026-08-13 23:07:59,122 - root - INFO - step: 784  loss:  2.68359  grad_norm:  0.5606  memory:  0.20GiB(0.32%)  tps: 4,641  tflops: 0.14  mfu: 0.04%
[rank0]:[titan] 2026-08-13 23:07:59,560 - root - INFO - step: 785  loss:  2.76579  grad_norm:  0.6289  memory:  0.20GiB(0.32%)  tps: 4,687  tflops: 0.14  mfu: 0.04%
[rank0]:[titan] 2026-08-13 23:08:00,006 - root - INFO - step: 786  loss:  2.70801  grad_norm:  0.4475  memory:  0.20GiB(0.32%)  tps: 4,611  tflops: 0.14  mfu: 0.04%
[rank0]:[titan] 2026-08-13 23:08:00,447 - root - INFO - step: 787  loss:  2.67978  grad_norm:  0.5937  memory:  0.20GiB(0.32%)  tps: 4,656  tflops: 0.14  mfu: 0.04%
[rank0]:[titan] 2026-08-13 23:08:00,884 - root - INFO - step: 788  loss:  2.63425  grad_norm:  0.5837  memory:  0.20GiB(0.32%)  tps: 4,700  tflops: 0.14  mfu: 0.04%
[rank0]:[titan] 2026-08-13 23:08:01,326 - root - INFO - step: 789  loss:  2.60715  grad_norm:  0.5271  memory:  0.20GiB(0.32%)  tps: 4,645  tflops: 0.14  mfu: 0.04%
[rank0]:[titan] 2026-08-13 23:08:01,770 - root - INFO - step: 790  loss:  2.59733  grad_norm:  0.4230  memory:  0.20GiB(0.32%)  tps: 4,625  tflops: 0.14  mfu: 0.04%
[rank0]:[titan] 2026-08-13 23:08:02,208 - root - INFO - step: 791  loss:  2.65680  grad_norm:  0.6751  memory:  0.20GiB(0.32%)  tps: 4,693  tflops: 0.14  mfu: 0.04%
[rank0]:[titan] 2026-08-13 23:08:02,642 - root - INFO - step: 792  loss:  2.59383  grad_norm:  0.4664  memory:  0.20GiB(0.32%)  tps: 4,739  tflops: 0.14  mfu: 0.04%
[rank0]:[titan] 2026-08-13 23:08:03,083 - root - INFO - step: 793  loss:  2.77195  grad_norm:  0.6020  memory:  0.20GiB(0.32%)  tps: 4,660  tflops: 0.14  mfu: 0.04%
[rank0]:[titan] 2026-08-13 23:08:03,516 - root - INFO - step: 794  loss:  2.76298  grad_norm:  0.4652  memory:  0.20GiB(0.32%)  tps: 4,740  tflops: 0.14  mfu: 0.04%
[rank0]:[titan] 2026-08-13 23:08:04,024 - root - INFO - step: 795  loss:  2.78599  grad_norm:  0.6258  memory:  0.20GiB(0.32%)  tps: 4,043  tflops: 0.12  mfu: 0.03%
[rank0]:[titan] 2026-08-13 23:08:04,472 - root - INFO - step: 796  loss:  2.83607  grad_norm:  0.6040  memory:  0.20GiB(0.32%)  tps: 4,581  tflops: 0.14  mfu: 0.04%
[rank0]:[titan] 2026-08-13 23:08:04,959 - root - INFO - step: 797  loss:  2.81967  grad_norm:  0.4744  memory:  0.20GiB(0.32%)  tps: 4,218  tflops: 0.13  mfu: 0.04%
[rank0]:[titan] 2026-08-13 23:08:05,437 - root - INFO - step: 798  loss:  2.66134  grad_norm:  0.4258  memory:  0.20GiB(0.32%)  tps: 4,293  tflops: 0.13  mfu: 0.04%
[rank0]:[titan] 2026-08-13 23:08:05,885 - root - INFO - step: 799  loss:  2.85351  grad_norm:  0.5785  memory:  0.20GiB(0.32%)  tps: 4,588  tflops: 0.14  mfu: 0.04%
[rank0]:[titan] 2026-08-13 23:08:05,888 - root - INFO - [GC] Performing periodic GC collection took 0.00 seconds
[rank0]:[titan] 2026-08-13 23:08:06,764 - root - INFO - step: 800  loss:  2.87548  grad_norm:  0.8743  memory:  0.20GiB(0.32%)  tps: 2,333  tflops: 0.07  mfu: 0.02%
[rank0]:[titan] 2026-08-13 23:08:08,130 - root - INFO - step: 801  loss:  2.99362  grad_norm:  0.8906  memory:  0.20GiB(0.32%)  tps: 1,501  tflops: 0.05  mfu: 0.01%
[rank0]:[titan] 2026-08-13 23:08:09,176 - root - INFO - step: 802  loss:  2.81033  grad_norm:  0.6490  memory:  0.20GiB(0.32%)  tps: 1,961  tflops: 0.06  mfu: 0.02%
[rank0]:[titan] 2026-08-13 23:08:10,105 - root - INFO - step: 803  loss:  2.88649  grad_norm:  0.9062  memory:  0.20GiB(0.32%)  tps: 2,207  tflops: 0.07  mfu: 0.02%
[rank0]:[titan] 2026-08-13 23:08:10,937 - root - INFO - step: 804  loss:  2.63623  grad_norm:  0.5826  memory:  0.20GiB(0.32%)  tps: 2,467  tflops: 0.08  mfu: 0.02%
[rank0]:[titan] 2026-08-13 23:08:11,593 - root - INFO - step: 805  loss:  2.69278  grad_norm:  0.6055  memory:  0.20GiB(0.32%)  tps: 3,125  tflops: 0.10  mfu: 0.03%
[rank0]:[titan] 2026-08-13 23:08:12,246 - root - INFO - step: 806  loss:  2.72628  grad_norm:  0.6552  memory:  0.20GiB(0.32%)  tps: 3,144  tflops: 0.10  mfu: 0.03%
[rank0]:[titan] 2026-08-13 23:08:13,055 - root - INFO - step: 807  loss:  2.62505  grad_norm:  0.7602  memory:  0.20GiB(0.32%)  tps: 2,537  tflops: 0.08  mfu: 0.02%
[rank0]:[titan] 2026-08-13 23:08:13,748 - root - INFO - step: 808  loss:  2.58826  grad_norm:  0.7182  memory:  0.20GiB(0.32%)  tps: 2,960  tflops: 0.09  mfu: 0.03%
[rank0]:[titan] 2026-08-13 23:08:14,636 - root - INFO - step: 809  loss:  2.64621  grad_norm:  0.9842  memory:  0.20GiB(0.32%)  tps: 2,308  tflops: 0.07  mfu: 0.02%
[rank0]:[titan] 2026-08-13 23:08:15,417 - root - INFO - step: 810  loss:  2.75853  grad_norm:  0.5449  memory:  0.20GiB(0.32%)  tps: 2,628  tflops: 0.08  mfu: 0.02%
[rank0]:[titan] 2026-08-13 23:08:15,950 - root - INFO - step: 811  loss:  2.62877  grad_norm:  0.7225  memory:  0.20GiB(0.32%)  tps: 3,855  tflops: 0.12  mfu: 0.03%
[rank0]:[titan] 2026-08-13 23:08:16,400 - root - INFO - step: 812  loss:  2.55866  grad_norm:  0.6960  memory:  0.20GiB(0.32%)  tps: 4,572  tflops: 0.14  mfu: 0.04%
[rank0]:[titan] 2026-08-13 23:08:16,842 - root - INFO - step: 813  loss:  2.72134  grad_norm:  0.5482  memory:  0.20GiB(0.32%)  tps: 4,643  tflops: 0.14  mfu: 0.04%
[rank0]:[titan] 2026-08-13 23:08:17,285 - root - INFO - step: 814  loss:  2.69401  grad_norm:  0.5328  memory:  0.20GiB(0.32%)  tps: 4,639  tflops: 0.14  mfu: 0.04%
[rank0]:[titan] 2026-08-13 23:08:17,719 - root - INFO - step: 815  loss:  2.59716  grad_norm:  0.4905  memory:  0.20GiB(0.32%)  tps: 4,732  tflops: 0.14  mfu: 0.04%
[rank0]:[titan] 2026-08-13 23:08:18,159 - root - INFO - step: 816  loss:  2.69541  grad_norm:  0.6594  memory:  0.20GiB(0.32%)  tps: 4,665  tflops: 0.14  mfu: 0.04%
[rank0]:[titan] 2026-08-13 23:08:18,598 - root - INFO - step: 817  loss:  2.59571  grad_norm:  0.5794  memory:  0.20GiB(0.32%)  tps: 4,679  tflops: 0.14  mfu: 0.04%
[rank0]:[titan] 2026-08-13 23:08:19,031 - root - INFO - step: 818  loss:  2.67149  grad_norm:  0.4759  memory:  0.20GiB(0.32%)  tps: 4,747  tflops: 0.14  mfu: 0.04%
[rank0]:[titan] 2026-08-13 23:08:19,470 - root - INFO - step: 819  loss:  2.76979  grad_norm:  0.5506  memory:  0.20GiB(0.32%)  tps: 4,675  tflops: 0.14  mfu: 0.04%
[rank0]:[titan] 2026-08-13 23:08:19,920 - root - INFO - step: 820  loss:  2.67277  grad_norm:  0.5675  memory:  0.20GiB(0.32%)  tps: 4,562  tflops: 0.14  mfu: 0.04%
[rank0]:[titan] 2026-08-13 23:08:20,363 - root - INFO - step: 821  loss:  2.66405  grad_norm:  0.7277  memory:  0.20GiB(0.32%)  tps: 4,641  tflops: 0.14  mfu: 0.04%
[rank0]:[titan] 2026-08-13 23:08:20,803 - root - INFO - step: 822  loss:  2.58441  grad_norm:  0.3894  memory:  0.20GiB(0.32%)  tps: 4,664  tflops: 0.14  mfu: 0.04%
[rank0]:[titan] 2026-08-13 23:08:21,253 - root - INFO - step: 823  loss:  2.61369  grad_norm:  0.4625  memory:  0.20GiB(0.32%)  tps: 4,569  tflops: 0.14  mfu: 0.04%
[rank0]:[titan] 2026-08-13 23:08:21,700 - root - INFO - step: 824  loss:  2.70463  grad_norm:  0.5201  memory:  0.20GiB(0.32%)  tps: 4,598  tflops: 0.14  mfu: 0.04%
[rank0]:[titan] 2026-08-13 23:08:22,170 - root - INFO - step: 825  loss:  2.66984  grad_norm:  0.6548  memory:  0.20GiB(0.32%)  tps: 4,367  tflops: 0.13  mfu: 0.04%
[rank0]:[titan] 2026-08-13 23:08:22,689 - root - INFO - step: 826  loss:  2.60730  grad_norm:  0.5993  memory:  0.20GiB(0.32%)  tps: 3,957  tflops: 0.12  mfu: 0.03%
[rank0]:[titan] 2026-08-13 23:08:23,133 - root - INFO - step: 827  loss:  2.67387  grad_norm:  0.5090  memory:  0.20GiB(0.32%)  tps: 4,623  tflops: 0.14  mfu: 0.04%
[rank0]:[titan] 2026-08-13 23:08:24,654 - root - INFO - step: 828  loss:  2.69193  grad_norm:  0.5166  memory:  0.20GiB(0.32%)  tps: 1,348  tflops: 0.04  mfu: 0.01%
[rank0]:[titan] 2026-08-13 23:08:25,908 - root - INFO - step: 829  loss:  2.76731  grad_norm:  0.4968  memory:  0.20GiB(0.32%)  tps: 1,634  tflops: 0.05  mfu: 0.01%
[rank0]:[titan] 2026-08-13 23:08:26,765 - root - INFO - step: 830  loss:  2.73184  grad_norm:  0.3904  memory:  0.20GiB(0.32%)  tps: 2,394  tflops: 0.07  mfu: 0.02%
[rank0]:[titan] 2026-08-13 23:08:27,760 - root - INFO - step: 831  loss:  2.83456  grad_norm:  0.6066  memory:  0.20GiB(0.32%)  tps: 2,060  tflops: 0.06  mfu: 0.02%
[rank0]:[titan] 2026-08-13 23:08:28,467 - root - INFO - step: 832  loss:  2.88692  grad_norm:  0.5952  memory:  0.20GiB(0.32%)  tps: 2,902  tflops: 0.09  mfu: 0.02%
[rank0]:[titan] 2026-08-13 23:08:29,111 - root - INFO - step: 833  loss:  2.86494  grad_norm:  0.4331  memory:  0.20GiB(0.32%)  tps: 3,186  tflops: 0.10  mfu: 0.03%
[rank0]:[titan] 2026-08-13 23:08:29,697 - root - INFO - step: 834  loss:  2.69001  grad_norm:  0.6008  memory:  0.20GiB(0.32%)  tps: 3,506  tflops: 0.11  mfu: 0.03%
[rank0]:[titan] 2026-08-13 23:08:30,522 - root - INFO - step: 835  loss:  2.72117  grad_norm:  0.4889  memory:  0.20GiB(0.32%)  tps: 2,486  tflops: 0.08  mfu: 0.02%
[rank0]:[titan] 2026-08-13 23:08:31,308 - root - INFO - step: 836  loss:  2.73780  grad_norm:  0.5863  memory:  0.20GiB(0.32%)  tps: 2,611  tflops: 0.08  mfu: 0.02%
[rank0]:[titan] 2026-08-13 23:08:32,073 - root - INFO - step: 837  loss:  2.64137  grad_norm:  0.4790  memory:  0.20GiB(0.32%)  tps: 2,682  tflops: 0.08  mfu: 0.02%
[rank0]:[titan] 2026-08-13 23:08:32,844 - root - INFO - step: 838  loss:  2.70288  grad_norm:  0.5007  memory:  0.20GiB(0.32%)  tps: 2,658  tflops: 0.08  mfu: 0.02%
[rank0]:[titan] 2026-08-13 23:08:33,313 - root - INFO - step: 839  loss:  2.78003  grad_norm:  0.4733  memory:  0.20GiB(0.32%)  tps: 4,386  tflops: 0.13  mfu: 0.04%
[rank0]:[titan] 2026-08-13 23:08:33,754 - root - INFO - step: 840  loss:  2.76954  grad_norm:  0.4444  memory:  0.20GiB(0.32%)  tps: 4,657  tflops: 0.14  mfu: 0.04%
[rank0]:[titan] 2026-08-13 23:08:34,198 - root - INFO - step: 841  loss:  2.81648  grad_norm:  0.4960  memory:  0.20GiB(0.32%)  tps: 4,623  tflops: 0.14  mfu: 0.04%
[rank0]:[titan] 2026-08-13 23:08:34,642 - root - INFO - step: 842  loss:  2.74352  grad_norm:  0.4688  memory:  0.20GiB(0.32%)  tps: 4,626  tflops: 0.14  mfu: 0.04%
[rank0]:[titan] 2026-08-13 23:08:35,089 - root - INFO - step: 843  loss:  2.80096  grad_norm:  0.4379  memory:  0.20GiB(0.32%)  tps: 4,595  tflops: 0.14  mfu: 0.04%
[rank0]:[titan] 2026-08-13 23:08:35,535 - root - INFO - step: 844  loss:  2.57936  grad_norm:  0.4171  memory:  0.20GiB(0.32%)  tps: 4,614  tflops: 0.14  mfu: 0.04%
[rank0]:[titan] 2026-08-13 23:08:35,978 - root - INFO - step: 845  loss:  2.72591  grad_norm:  0.5398  memory:  0.20GiB(0.32%)  tps: 4,627  tflops: 0.14  mfu: 0.04%
[rank0]:[titan] 2026-08-13 23:08:36,419 - root - INFO - step: 846  loss:  2.67213  grad_norm:  0.4761  memory:  0.20GiB(0.32%)  tps: 4,658  tflops: 0.14  mfu: 0.04%
[rank0]:[titan] 2026-08-13 23:08:36,859 - root - INFO - step: 847  loss:  2.74254  grad_norm:  0.5763  memory:  0.20GiB(0.32%)  tps: 4,671  tflops: 0.14  mfu: 0.04%
[rank0]:[titan] 2026-08-13 23:08:37,298 - root - INFO - step: 848  loss:  2.59288  grad_norm:  0.5734  memory:  0.20GiB(0.32%)  tps: 4,680  tflops: 0.14  mfu: 0.04%
[rank0]:[titan] 2026-08-13 23:08:37,735 - root - INFO - step: 849  loss:  2.58523  grad_norm:  0.6404  memory:  0.20GiB(0.32%)  tps: 4,699  tflops: 0.14  mfu: 0.04%
[rank0]:[titan] 2026-08-13 23:08:37,738 - root - INFO - [GC] Performing periodic GC collection took 0.00 seconds
[rank0]:[titan] 2026-08-13 23:08:38,183 - root - INFO - step: 850  loss:  2.58278  grad_norm:  0.3968  memory:  0.20GiB(0.32%)  tps: 4,585  tflops: 0.14  mfu: 0.04%
[rank0]:[titan] 2026-08-13 23:08:38,663 - root - INFO - step: 851  loss:  2.70237  grad_norm:  0.4188  memory:  0.20GiB(0.32%)  tps: 4,276  tflops: 0.13  mfu: 0.04%
[rank0]:[titan] 2026-08-13 23:08:39,106 - root - INFO - step: 852  loss:  2.65475  grad_norm:  0.7555  memory:  0.20GiB(0.32%)  tps: 4,643  tflops: 0.14  mfu: 0.04%
[rank0]:[titan] 2026-08-13 23:08:39,583 - root - INFO - step: 853  loss:  2.71015  grad_norm:  0.7336  memory:  0.20GiB(0.32%)  tps: 4,303  tflops: 0.13  mfu: 0.04%
[rank0]:[titan] 2026-08-13 23:08:40,137 - root - INFO - step: 854  loss:  2.74665  grad_norm:  0.5143  memory:  0.20GiB(0.32%)  tps: 3,705  tflops: 0.11  mfu: 0.03%
[rank0]:[titan] 2026-08-13 23:08:41,296 - root - INFO - step: 855  loss:  2.82626  grad_norm:  0.5194  memory:  0.20GiB(0.32%)  tps: 1,769  tflops: 0.05  mfu: 0.02%
[rank0]:[titan] 2026-08-13 23:08:42,519 - root - INFO - step: 856  loss:  2.78256  grad_norm:  0.6464  memory:  0.20GiB(0.32%)  tps: 1,677  tflops: 0.05  mfu: 0.01%
[rank0]:[titan] 2026-08-13 23:08:43,258 - root - INFO - step: 857  loss:  2.79946  grad_norm:  0.6473  memory:  0.20GiB(0.32%)  tps: 2,774  tflops: 0.08  mfu: 0.02%
[rank0]:[titan] 2026-08-13 23:08:44,142 - root - INFO - step: 858  loss:  2.76881  grad_norm:  0.6313  memory:  0.20GiB(0.32%)  tps: 2,322  tflops: 0.07  mfu: 0.02%
[rank0]:[titan] 2026-08-13 23:08:44,847 - root - INFO - step: 859  loss:  2.80126  grad_norm:  0.6532  memory:  0.20GiB(0.32%)  tps: 2,908  tflops: 0.09  mfu: 0.03%
[rank0]:[titan] 2026-08-13 23:08:45,369 - root - INFO - step: 860  loss:  2.96138  grad_norm:  0.7558  memory:  0.20GiB(0.32%)  tps: 3,935  tflops: 0.12  mfu: 0.03%
[rank0]:[titan] 2026-08-13 23:08:46,015 - root - INFO - step: 861  loss:  3.20072  grad_norm:  1.3270  memory:  0.20GiB(0.32%)  tps: 3,180  tflops: 0.10  mfu: 0.03%
[rank0]:[titan] 2026-08-13 23:08:46,837 - root - INFO - step: 862  loss:  3.09426  grad_norm:  1.4938  memory:  0.20GiB(0.32%)  tps: 2,494  tflops: 0.08  mfu: 0.02%
[rank0]:[titan] 2026-08-13 23:08:47,797 - root - INFO - step: 863  loss:  3.09098  grad_norm:  1.5656  memory:  0.20GiB(0.32%)  tps: 2,136  tflops: 0.06  mfu: 0.02%
[rank0]:[titan] 2026-08-13 23:08:48,597 - root - INFO - step: 864  loss:  3.02001  grad_norm:  0.6939  memory:  0.20GiB(0.32%)  tps: 2,563  tflops: 0.08  mfu: 0.02%
[rank0]:[titan] 2026-08-13 23:08:49,364 - root - INFO - step: 865  loss:  2.66536  grad_norm:  0.6819  memory:  0.20GiB(0.32%)  tps: 2,675  tflops: 0.08  mfu: 0.02%
[rank0]:[titan] 2026-08-13 23:08:49,835 - root - INFO - step: 866  loss:  2.72662  grad_norm:  0.5640  memory:  0.20GiB(0.32%)  tps: 4,362  tflops: 0.13  mfu: 0.04%
[rank0]:[titan] 2026-08-13 23:08:50,283 - root - INFO - step: 867  loss:  2.68249  grad_norm:  0.7649  memory:  0.20GiB(0.32%)  tps: 4,586  tflops: 0.14  mfu: 0.04%
[rank0]:[titan] 2026-08-13 23:08:50,719 - root - INFO - step: 868  loss:  2.71240  grad_norm:  0.8112  memory:  0.20GiB(0.32%)  tps: 4,712  tflops: 0.14  mfu: 0.04%
[rank0]:[titan] 2026-08-13 23:08:51,155 - root - INFO - step: 869  loss:  2.67264  grad_norm:  0.5903  memory:  0.20GiB(0.32%)  tps: 4,710  tflops: 0.14  mfu: 0.04%
[rank0]:[titan] 2026-08-13 23:08:51,595 - root - INFO - step: 870  loss:  2.79635  grad_norm:  0.6296  memory:  0.20GiB(0.32%)  tps: 4,667  tflops: 0.14  mfu: 0.04%
[rank0]:[titan] 2026-08-13 23:08:52,031 - root - INFO - step: 871  loss:  2.71798  grad_norm:  0.8012  memory:  0.20GiB(0.32%)  tps: 4,713  tflops: 0.14  mfu: 0.04%
[rank0]:[titan] 2026-08-13 23:08:52,465 - root - INFO - step: 872  loss:  2.69560  grad_norm:  0.8282  memory:  0.20GiB(0.32%)  tps: 4,731  tflops: 0.14  mfu: 0.04%
[rank0]:[titan] 2026-08-13 23:08:52,898 - root - INFO - step: 873  loss:  2.73553  grad_norm:  0.5860  memory:  0.20GiB(0.32%)  tps: 4,746  tflops: 0.14  mfu: 0.04%
[rank0]:[titan] 2026-08-13 23:08:53,336 - root - INFO - step: 874  loss:  2.64481  grad_norm:  0.4145  memory:  0.20GiB(0.32%)  tps: 4,695  tflops: 0.14  mfu: 0.04%
[rank0]:[titan] 2026-08-13 23:08:53,769 - root - INFO - step: 875  loss:  2.75829  grad_norm:  0.5437  memory:  0.20GiB(0.32%)  tps: 4,742  tflops: 0.14  mfu: 0.04%
[rank0]:[titan] 2026-08-13 23:08:54,202 - root - INFO - step: 876  loss:  2.75931  grad_norm:  0.5956  memory:  0.20GiB(0.32%)  tps: 4,743  tflops: 0.14  mfu: 0.04%
[rank0]:[titan] 2026-08-13 23:08:54,637 - root - INFO - step: 877  loss:  2.72585  grad_norm:  0.5316  memory:  0.20GiB(0.32%)  tps: 4,718  tflops: 0.14  mfu: 0.04%
[rank0]:[titan] 2026-08-13 23:08:55,090 - root - INFO - step: 878  loss:  2.91531  grad_norm:  0.7492  memory:  0.20GiB(0.32%)  tps: 4,531  tflops: 0.14  mfu: 0.04%
[rank0]:[titan] 2026-08-13 23:08:55,538 - root - INFO - step: 879  loss:  3.07204  grad_norm:  1.0502  memory:  0.20GiB(0.32%)  tps: 4,594  tflops: 0.14  mfu: 0.04%
[rank0]:[titan] 2026-08-13 23:08:55,980 - root - INFO - step: 880  loss:  2.83175  grad_norm:  0.4966  memory:  0.20GiB(0.32%)  tps: 4,641  tflops: 0.14  mfu: 0.04%
[rank0]:[titan] 2026-08-13 23:08:56,423 - root - INFO - step: 881  loss:  2.89859  grad_norm:  0.5674  memory:  0.20GiB(0.32%)  tps: 4,639  tflops: 0.14  mfu: 0.04%
[rank0]:[titan] 2026-08-13 23:08:56,862 - root - INFO - step: 882  loss:  2.72261  grad_norm:  0.6565  memory:  0.20GiB(0.32%)  tps: 4,683  tflops: 0.14  mfu: 0.04%
[rank0]:[titan] 2026-08-13 23:08:57,308 - root - INFO - step: 883  loss:  2.74240  grad_norm:  0.5647  memory:  0.20GiB(0.32%)  tps: 4,609  tflops: 0.14  mfu: 0.04%
[rank0]:[titan] 2026-08-13 23:08:57,789 - root - INFO - step: 884  loss:  2.83678  grad_norm:  0.5188  memory:  0.20GiB(0.32%)  tps: 4,269  tflops: 0.13  mfu: 0.04%
[rank0]:[titan] 2026-08-13 23:08:58,291 - root - INFO - step: 885  loss:  2.75080  grad_norm:  0.5307  memory:  0.20GiB(0.32%)  tps: 4,094  tflops: 0.12  mfu: 0.04%
[rank0]:[titan] 2026-08-13 23:08:58,923 - root - INFO - step: 886  loss:  2.63338  grad_norm:  0.3517  memory:  0.20GiB(0.32%)  tps: 3,247  tflops: 0.10  mfu: 0.03%
[rank0]:[titan] 2026-08-13 23:09:00,327 - root - INFO - step: 887  loss:  2.66331  grad_norm:  0.4867  memory:  0.20GiB(0.32%)  tps: 1,460  tflops: 0.04  mfu: 0.01%
[rank0]:[titan] 2026-08-13 23:09:01,455 - root - INFO - step: 888  loss:  2.73801  grad_norm:  0.4529  memory:  0.20GiB(0.32%)  tps: 1,818  tflops: 0.06  mfu: 0.02%
[rank0]:[titan] 2026-08-13 23:09:02,256 - root - INFO - step: 889  loss:  2.74671  grad_norm:  0.4409  memory:  0.20GiB(0.32%)  tps: 2,562  tflops: 0.08  mfu: 0.02%
[rank0]:[titan] 2026-08-13 23:09:03,261 - root - INFO - step: 890  loss:  2.75331  grad_norm:  0.4634  memory:  0.20GiB(0.32%)  tps: 2,040  tflops: 0.06  mfu: 0.02%
[rank0]:[titan] 2026-08-13 23:09:04,030 - root - INFO - step: 891  loss:  2.73126  grad_norm:  0.5062  memory:  0.20GiB(0.32%)  tps: 2,669  tflops: 0.08  mfu: 0.02%
[rank0]:[titan] 2026-08-13 23:09:04,690 - root - INFO - step: 892  loss:  2.84266  grad_norm:  0.4749  memory:  0.20GiB(0.32%)  tps: 3,108  tflops: 0.09  mfu: 0.03%
[rank0]:[titan] 2026-08-13 23:09:05,314 - root - INFO - step: 893  loss:  2.63488  grad_norm:  0.5654  memory:  0.20GiB(0.32%)  tps: 3,291  tflops: 0.10  mfu: 0.03%
[rank0]:[titan] 2026-08-13 23:09:06,006 - root - INFO - step: 894  loss:  2.64904  grad_norm:  0.4106  memory:  0.20GiB(0.32%)  tps: 2,966  tflops: 0.09  mfu: 0.03%
[rank0]:[titan] 2026-08-13 23:09:06,778 - root - INFO - step: 895  loss:  2.79133  grad_norm:  0.3571  memory:  0.20GiB(0.32%)  tps: 2,657  tflops: 0.08  mfu: 0.02%
[rank0]:[titan] 2026-08-13 23:09:07,539 - root - INFO - step: 896  loss:  2.68581  grad_norm:  0.4572  memory:  0.20GiB(0.32%)  tps: 2,698  tflops: 0.08  mfu: 0.02%
[rank0]:[titan] 2026-08-13 23:09:08,202 - root - INFO - step: 897  loss:  2.60917  grad_norm:  0.4257  memory:  0.20GiB(0.32%)  tps: 3,094  tflops: 0.09  mfu: 0.03%
[rank0]:[titan] 2026-08-13 23:09:08,660 - root - INFO - step: 898  loss:  2.65380  grad_norm:  0.8681  memory:  0.20GiB(0.32%)  tps: 4,481  tflops: 0.14  mfu: 0.04%
[rank0]:[titan] 2026-08-13 23:09:09,103 - root - INFO - step: 899  loss:  2.51180  grad_norm:  0.6465  memory:  0.20GiB(0.32%)  tps: 4,640  tflops: 0.14  mfu: 0.04%
[rank0]:[titan] 2026-08-13 23:09:09,106 - root - INFO - [GC] Performing periodic GC collection took 0.00 seconds
[rank0]:[titan] 2026-08-13 23:09:09,552 - root - INFO - step: 900  loss:  2.57376  grad_norm:  0.4512  memory:  0.20GiB(0.32%)  tps: 4,579  tflops: 0.14  mfu: 0.04%
[rank0]:[titan] 2026-08-13 23:09:09,995 - root - INFO - step: 901  loss:  2.66955  grad_norm:  0.4698  memory:  0.20GiB(0.32%)  tps: 4,637  tflops: 0.14  mfu: 0.04%
[rank0]:[titan] 2026-08-13 23:09:10,440 - root - INFO - step: 902  loss:  2.67858  grad_norm:  0.5140  memory:  0.20GiB(0.32%)  tps: 4,620  tflops: 0.14  mfu: 0.04%
[rank0]:[titan] 2026-08-13 23:09:10,888 - root - INFO - step: 903  loss:  2.64161  grad_norm:  0.7177  memory:  0.20GiB(0.32%)  tps: 4,585  tflops: 0.14  mfu: 0.04%
[rank0]:[titan] 2026-08-13 23:09:11,359 - root - INFO - step: 904  loss:  2.73863  grad_norm:  0.4563  memory:  0.20GiB(0.32%)  tps: 4,354  tflops: 0.13  mfu: 0.04%
[rank0]:[titan] 2026-08-13 23:09:11,812 - root - INFO - step: 905  loss:  2.74524  grad_norm:  0.6893  memory:  0.20GiB(0.32%)  tps: 4,540  tflops: 0.14  mfu: 0.04%
[rank0]:[titan] 2026-08-13 23:09:12,258 - root - INFO - step: 906  loss:  2.66797  grad_norm:  0.7031  memory:  0.20GiB(0.32%)  tps: 4,609  tflops: 0.14  mfu: 0.04%
[rank0]:[titan] 2026-08-13 23:09:12,702 - root - INFO - step: 907  loss:  2.62353  grad_norm:  0.8847  memory:  0.20GiB(0.32%)  tps: 4,621  tflops: 0.14  mfu: 0.04%
[rank0]:[titan] 2026-08-13 23:09:13,146 - root - INFO - step: 908  loss:  2.68421  grad_norm:  0.5757  memory:  0.20GiB(0.32%)  tps: 4,626  tflops: 0.14  mfu: 0.04%
[rank0]:[titan] 2026-08-13 23:09:13,582 - root - INFO - step: 909  loss:  2.68932  grad_norm:  0.5761  memory:  0.20GiB(0.32%)  tps: 4,719  tflops: 0.14  mfu: 0.04%
[rank0]:[titan] 2026-08-13 23:09:14,019 - root - INFO - step: 910  loss:  2.67670  grad_norm:  0.5707  memory:  0.20GiB(0.32%)  tps: 4,694  tflops: 0.14  mfu: 0.04%
[rank0]:[titan] 2026-08-13 23:09:14,458 - root - INFO - step: 911  loss:  2.65856  grad_norm:  0.6425  memory:  0.20GiB(0.32%)  tps: 4,685  tflops: 0.14  mfu: 0.04%
[rank0]:[titan] 2026-08-13 23:09:14,931 - root - INFO - step: 912  loss:  2.64522  grad_norm:  0.7510  memory:  0.20GiB(0.32%)  tps: 4,344  tflops: 0.13  mfu: 0.04%
[rank0]:[titan] 2026-08-13 23:09:15,415 - root - INFO - step: 913  loss:  2.64272  grad_norm:  0.5208  memory:  0.20GiB(0.32%)  tps: 4,242  tflops: 0.13  mfu: 0.04%
[rank0]:[titan] 2026-08-13 23:09:15,864 - root - INFO - step: 914  loss:  2.71824  grad_norm:  0.4061  memory:  0.20GiB(0.32%)  tps: 4,573  tflops: 0.14  mfu: 0.04%
[rank0]:[titan] 2026-08-13 23:09:16,909 - root - INFO - step: 915  loss:  2.73979  grad_norm:  0.5420  memory:  0.20GiB(0.32%)  tps: 1,962  tflops: 0.06  mfu: 0.02%
[rank0]:[titan] 2026-08-13 23:09:18,304 - root - INFO - step: 916  loss:  2.75887  grad_norm:  0.3806  memory:  0.20GiB(0.32%)  tps: 1,470  tflops: 0.04  mfu: 0.01%
[rank0]:[titan] 2026-08-13 23:09:19,470 - root - INFO - step: 917  loss:  2.49875  grad_norm:  0.6697  memory:  0.20GiB(0.32%)  tps: 1,758  tflops: 0.05  mfu: 0.02%
[rank0]:[titan] 2026-08-13 23:09:20,291 - root - INFO - step: 918  loss:  2.60330  grad_norm:  0.3713  memory:  0.20GiB(0.32%)  tps: 2,499  tflops: 0.08  mfu: 0.02%
[rank0]:[titan] 2026-08-13 23:09:21,181 - root - INFO - step: 919  loss:  2.68590  grad_norm:  0.5182  memory:  0.20GiB(0.32%)  tps: 2,303  tflops: 0.07  mfu: 0.02%
[rank0]:[titan] 2026-08-13 23:09:22,028 - root - INFO - step: 920  loss:  2.69977  grad_norm:  0.4834  memory:  0.20GiB(0.32%)  tps: 2,421  tflops: 0.07  mfu: 0.02%
[rank0]:[titan] 2026-08-13 23:09:22,681 - root - INFO - step: 921  loss:  2.56400  grad_norm:  0.5086  memory:  0.20GiB(0.32%)  tps: 3,145  tflops: 0.10  mfu: 0.03%
[rank0]:[titan] 2026-08-13 23:09:23,462 - root - INFO - step: 922  loss:  2.51134  grad_norm:  0.4245  memory:  0.20GiB(0.32%)  tps: 2,626  tflops: 0.08  mfu: 0.02%
[rank0]:[titan] 2026-08-13 23:09:24,310 - root - INFO - step: 923  loss:  2.66579  grad_norm:  0.4364  memory:  0.20GiB(0.32%)  tps: 2,419  tflops: 0.07  mfu: 0.02%
[rank0]:[titan] 2026-08-13 23:09:25,140 - root - INFO - step: 924  loss:  2.68676  grad_norm:  0.5711  memory:  0.20GiB(0.32%)  tps: 2,472  tflops: 0.08  mfu: 0.02%
[rank0]:[titan] 2026-08-13 23:09:25,812 - root - INFO - step: 925  loss:  2.63973  grad_norm:  0.4338  memory:  0.20GiB(0.32%)  tps: 3,052  tflops: 0.09  mfu: 0.03%
[rank0]:[titan] 2026-08-13 23:09:26,270 - root - INFO - step: 926  loss:  2.76936  grad_norm:  0.9066  memory:  0.20GiB(0.32%)  tps: 4,486  tflops: 0.14  mfu: 0.04%
[rank0]:[titan] 2026-08-13 23:09:26,727 - root - INFO - step: 927  loss:  2.74389  grad_norm:  0.6002  memory:  0.20GiB(0.32%)  tps: 4,493  tflops: 0.14  mfu: 0.04%
[rank0]:[titan] 2026-08-13 23:09:27,163 - root - INFO - step: 928  loss:  2.64829  grad_norm:  0.6702  memory:  0.20GiB(0.32%)  tps: 4,715  tflops: 0.14  mfu: 0.04%
[rank0]:[titan] 2026-08-13 23:09:27,606 - root - INFO - step: 929  loss:  2.62990  grad_norm:  0.4950  memory:  0.20GiB(0.32%)  tps: 4,638  tflops: 0.14  mfu: 0.04%
[rank0]:[titan] 2026-08-13 23:09:28,043 - root - INFO - step: 930  loss:  2.57542  grad_norm:  0.6530  memory:  0.20GiB(0.32%)  tps: 4,698  tflops: 0.14  mfu: 0.04%
[rank0]:[titan] 2026-08-13 23:09:28,491 - root - INFO - step: 931  loss:  2.64460  grad_norm:  0.5914  memory:  0.20GiB(0.32%)  tps: 4,588  tflops: 0.14  mfu: 0.04%
[rank0]:[titan] 2026-08-13 23:09:28,935 - root - INFO - step: 932  loss:  2.64429  grad_norm:  0.4862  memory:  0.20GiB(0.32%)  tps: 4,632  tflops: 0.14  mfu: 0.04%
[rank0]:[titan] 2026-08-13 23:09:29,380 - root - INFO - step: 933  loss:  2.59562  grad_norm:  0.3753  memory:  0.20GiB(0.32%)  tps: 4,613  tflops: 0.14  mfu: 0.04%
[rank0]:[titan] 2026-08-13 23:09:29,824 - root - INFO - step: 934  loss:  2.61843  grad_norm:  0.6374  memory:  0.20GiB(0.32%)  tps: 4,626  tflops: 0.14  mfu: 0.04%
[rank0]:[titan] 2026-08-13 23:09:30,276 - root - INFO - step: 935  loss:  3.06551  grad_norm:  0.7875  memory:  0.20GiB(0.32%)  tps: 4,549  tflops: 0.14  mfu: 0.04%
[rank0]:[titan] 2026-08-13 23:09:30,720 - root - INFO - step: 936  loss:  2.71536  grad_norm:  0.6228  memory:  0.20GiB(0.32%)  tps: 4,623  tflops: 0.14  mfu: 0.04%
[rank0]:[titan] 2026-08-13 23:09:31,170 - root - INFO - step: 937  loss:  2.52843  grad_norm:  0.5811  memory:  0.20GiB(0.32%)  tps: 4,561  tflops: 0.14  mfu: 0.04%
[rank0]:[titan] 2026-08-13 23:09:31,622 - root - INFO - step: 938  loss:  2.60227  grad_norm:  0.5625  memory:  0.20GiB(0.32%)  tps: 4,546  tflops: 0.14  mfu: 0.04%
[rank0]:[titan] 2026-08-13 23:09:32,070 - root - INFO - step: 939  loss:  2.58417  grad_norm:  0.8036  memory:  0.20GiB(0.32%)  tps: 4,581  tflops: 0.14  mfu: 0.04%
[rank0]:[titan] 2026-08-13 23:09:32,517 - root - INFO - step: 940  loss:  2.57601  grad_norm:  0.8146  memory:  0.20GiB(0.32%)  tps: 4,599  tflops: 0.14  mfu: 0.04%
[rank0]:[titan] 2026-08-13 23:09:32,991 - root - INFO - step: 941  loss:  2.63033  grad_norm:  0.7328  memory:  0.20GiB(0.32%)  tps: 4,334  tflops: 0.13  mfu: 0.04%
[rank0]:[titan] 2026-08-13 23:09:33,473 - root - INFO - step: 942  loss:  2.70346  grad_norm:  0.4266  memory:  0.20GiB(0.32%)  tps: 4,260  tflops: 0.13  mfu: 0.04%
[rank0]:[titan] 2026-08-13 23:09:33,917 - root - INFO - step: 943  loss:  2.61381  grad_norm:  0.6518  memory:  0.20GiB(0.32%)  tps: 4,622  tflops: 0.14  mfu: 0.04%
[rank0]:[titan] 2026-08-13 23:09:34,936 - root - INFO - step: 944  loss:  2.76058  grad_norm:  0.4632  memory:  0.20GiB(0.32%)  tps: 2,012  tflops: 0.06  mfu: 0.02%
[rank0]:[titan] 2026-08-13 23:09:36,207 - root - INFO - step: 945  loss:  2.80024  grad_norm:  0.7122  memory:  0.20GiB(0.32%)  tps: 1,613  tflops: 0.05  mfu: 0.01%
[rank0]:[titan] 2026-08-13 23:09:37,231 - root - INFO - step: 946  loss:  2.72805  grad_norm:  0.6360  memory:  0.20GiB(0.32%)  tps: 2,003  tflops: 0.06  mfu: 0.02%
[rank0]:[titan] 2026-08-13 23:09:38,050 - root - INFO - step: 947  loss:  2.68203  grad_norm:  0.6679  memory:  0.20GiB(0.32%)  tps: 2,503  tflops: 0.08  mfu: 0.02%
[rank0]:[titan] 2026-08-13 23:09:38,803 - root - INFO - step: 948  loss:  2.76407  grad_norm:  0.6118  memory:  0.20GiB(0.32%)  tps: 2,727  tflops: 0.08  mfu: 0.02%
[rank0]:[titan] 2026-08-13 23:09:39,395 - root - INFO - step: 949  loss:  2.78804  grad_norm:  0.7020  memory:  0.20GiB(0.32%)  tps: 3,465  tflops: 0.11  mfu: 0.03%
[rank0]:[titan] 2026-08-13 23:09:39,399 - root - INFO - [GC] Performing periodic GC collection took 0.00 seconds
[rank0]:[titan] 2026-08-13 23:09:40,183 - root - INFO - step: 950  loss:  2.82897  grad_norm:  0.5696  memory:  0.20GiB(0.32%)  tps: 2,605  tflops: 0.08  mfu: 0.02%
[rank0]:[titan] 2026-08-13 23:09:40,973 - root - INFO - step: 951  loss:  2.69913  grad_norm:  0.4653  memory:  0.20GiB(0.32%)  tps: 2,596  tflops: 0.08  mfu: 0.02%
[rank0]:[titan] 2026-08-13 23:09:41,733 - root - INFO - step: 952  loss:  2.59903  grad_norm:  0.4354  memory:  0.20GiB(0.32%)  tps: 2,698  tflops: 0.08  mfu: 0.02%
[rank0]:[titan] 2026-08-13 23:09:42,373 - root - INFO - step: 953  loss:  2.62675  grad_norm:  0.3883  memory:  0.20GiB(0.32%)  tps: 3,206  tflops: 0.10  mfu: 0.03%
[rank0]:[titan] 2026-08-13 23:09:43,295 - root - INFO - step: 954  loss:  2.68711  grad_norm:  0.3781  memory:  0.20GiB(0.32%)  tps: 2,225  tflops: 0.07  mfu: 0.02%
[rank0]:[titan] 2026-08-13 23:09:43,849 - root - INFO - step: 955  loss:  2.66773  grad_norm:  0.6705  memory:  0.20GiB(0.32%)  tps: 3,703  tflops: 0.11  mfu: 0.03%
[rank0]:[titan] 2026-08-13 23:09:44,298 - root - INFO - step: 956  loss:  2.63543  grad_norm:  0.6697  memory:  0.20GiB(0.32%)  tps: 4,580  tflops: 0.14  mfu: 0.04%
[rank0]:[titan] 2026-08-13 23:09:44,742 - root - INFO - step: 957  loss:  2.56896  grad_norm:  0.5628  memory:  0.20GiB(0.32%)  tps: 4,620  tflops: 0.14  mfu: 0.04%
[rank0]:[titan] 2026-08-13 23:09:45,204 - root - INFO - step: 958  loss:  2.58559  grad_norm:  0.5767  memory:  0.20GiB(0.32%)  tps: 4,447  tflops: 0.14  mfu: 0.04%
[rank0]:[titan] 2026-08-13 23:09:45,646 - root - INFO - step: 959  loss:  2.73433  grad_norm:  0.4828  memory:  0.20GiB(0.32%)  tps: 4,653  tflops: 0.14  mfu: 0.04%
[rank0]:[titan] 2026-08-13 23:09:46,094 - root - INFO - step: 960  loss:  2.68096  grad_norm:  0.5179  memory:  0.20GiB(0.32%)  tps: 4,581  tflops: 0.14  mfu: 0.04%
[rank0]:[titan] 2026-08-13 23:09:46,544 - root - INFO - step: 961  loss:  2.65411  grad_norm:  0.4910  memory:  0.20GiB(0.32%)  tps: 4,562  tflops: 0.14  mfu: 0.04%
[rank0]:[titan] 2026-08-13 23:09:46,993 - root - INFO - step: 962  loss:  2.74757  grad_norm:  0.4810  memory:  0.20GiB(0.32%)  tps: 4,579  tflops: 0.14  mfu: 0.04%
[rank0]:[titan] 2026-08-13 23:09:47,441 - root - INFO - step: 963  loss:  2.63021  grad_norm:  0.5315  memory:  0.20GiB(0.32%)  tps: 4,583  tflops: 0.14  mfu: 0.04%
[rank0]:[titan] 2026-08-13 23:09:47,889 - root - INFO - step: 964  loss:  2.63785  grad_norm:  0.5189  memory:  0.20GiB(0.32%)  tps: 4,583  tflops: 0.14  mfu: 0.04%
[rank0]:[titan] 2026-08-13 23:09:48,334 - root - INFO - step: 965  loss:  2.61666  grad_norm:  0.5117  memory:  0.20GiB(0.32%)  tps: 4,624  tflops: 0.14  mfu: 0.04%
[rank0]:[titan] 2026-08-13 23:09:48,778 - root - INFO - step: 966  loss:  2.82276  grad_norm:  0.4825  memory:  0.20GiB(0.32%)  tps: 4,626  tflops: 0.14  mfu: 0.04%
[rank0]:[titan] 2026-08-13 23:09:49,222 - root - INFO - step: 967  loss:  2.67008  grad_norm:  0.5767  memory:  0.20GiB(0.32%)  tps: 4,621  tflops: 0.14  mfu: 0.04%
[rank0]:[titan] 2026-08-13 23:09:49,676 - root - INFO - step: 968  loss:  2.62737  grad_norm:  0.8675  memory:  0.20GiB(0.32%)  tps: 4,529  tflops: 0.14  mfu: 0.04%
[rank0]:[titan] 2026-08-13 23:09:50,126 - root - INFO - step: 969  loss:  2.70732  grad_norm:  0.5149  memory:  0.20GiB(0.32%)  tps: 4,558  tflops: 0.14  mfu: 0.04%
[rank0]:[titan] 2026-08-13 23:09:50,618 - root - INFO - step: 970  loss:  2.68869  grad_norm:  0.4942  memory:  0.20GiB(0.32%)  tps: 4,176  tflops: 0.13  mfu: 0.04%
[rank0]:[titan] 2026-08-13 23:09:51,063 - root - INFO - step: 971  loss:  2.67141  grad_norm:  0.5005  memory:  0.20GiB(0.32%)  tps: 4,619  tflops: 0.14  mfu: 0.04%
[rank0]:[titan] 2026-08-13 23:09:52,475 - root - INFO - step: 972  loss:  2.70821  grad_norm:  0.4381  memory:  0.20GiB(0.32%)  tps: 1,452  tflops: 0.04  mfu: 0.01%
[rank0]:[titan] 2026-08-13 23:09:53,780 - root - INFO - step: 973  loss:  2.87905  grad_norm:  0.4932  memory:  0.20GiB(0.32%)  tps: 1,571  tflops: 0.05  mfu: 0.01%
[rank0]:[titan] 2026-08-13 23:09:54,694 - root - INFO - step: 974  loss:  2.94983  grad_norm:  0.4973  memory:  0.20GiB(0.32%)  tps: 2,245  tflops: 0.07  mfu: 0.02%
[rank0]:[titan] 2026-08-13 23:09:55,805 - root - INFO - step: 975  loss:  2.78219  grad_norm:  0.3961  memory:  0.20GiB(0.32%)  tps: 1,845  tflops: 0.06  mfu: 0.02%
[rank0]:[titan] 2026-08-13 23:09:56,578 - root - INFO - step: 976  loss:  2.65292  grad_norm:  0.3790  memory:  0.20GiB(0.32%)  tps: 2,653  tflops: 0.08  mfu: 0.02%
[rank0]:[titan] 2026-08-13 23:09:57,250 - root - INFO - step: 977  loss:  2.62791  grad_norm:  0.4418  memory:  0.20GiB(0.32%)  tps: 3,056  tflops: 0.09  mfu: 0.03%
[rank0]:[titan] 2026-08-13 23:09:57,955 - root - INFO - step: 978  loss:  2.69447  grad_norm:  0.5143  memory:  0.20GiB(0.32%)  tps: 2,910  tflops: 0.09  mfu: 0.03%
[rank0]:[titan] 2026-08-13 23:09:58,734 - root - INFO - step: 979  loss:  2.65548  grad_norm:  0.4409  memory:  0.20GiB(0.32%)  tps: 2,633  tflops: 0.08  mfu: 0.02%
[rank0]:[titan] 2026-08-13 23:09:59,563 - root - INFO - step: 980  loss:  2.66331  grad_norm:  0.4977  memory:  0.20GiB(0.32%)  tps: 2,474  tflops: 0.08  mfu: 0.02%
[rank0]:[titan] 2026-08-13 23:10:00,385 - root - INFO - step: 981  loss:  2.65862  grad_norm:  0.6023  memory:  0.20GiB(0.32%)  tps: 2,496  tflops: 0.08  mfu: 0.02%
[rank0]:[titan] 2026-08-13 23:10:00,937 - root - INFO - step: 982  loss:  2.62322  grad_norm:  0.5425  memory:  0.20GiB(0.32%)  tps: 3,720  tflops: 0.11  mfu: 0.03%
[rank0]:[titan] 2026-08-13 23:10:01,374 - root - INFO - step: 983  loss:  2.56681  grad_norm:  0.5839  memory:  0.20GiB(0.32%)  tps: 4,701  tflops: 0.14  mfu: 0.04%
[rank0]:[titan] 2026-08-13 23:10:01,816 - root - INFO - step: 984  loss:  2.62571  grad_norm:  0.5044  memory:  0.20GiB(0.32%)  tps: 4,647  tflops: 0.14  mfu: 0.04%
[rank0]:[titan] 2026-08-13 23:10:02,260 - root - INFO - step: 985  loss:  2.65094  grad_norm:  0.6136  memory:  0.20GiB(0.32%)  tps: 4,631  tflops: 0.14  mfu: 0.04%
[rank0]:[titan] 2026-08-13 23:10:02,697 - root - INFO - step: 986  loss:  2.64907  grad_norm:  0.5627  memory:  0.20GiB(0.32%)  tps: 4,696  tflops: 0.14  mfu: 0.04%
[rank0]:[titan] 2026-08-13 23:10:03,145 - root - INFO - step: 987  loss:  2.79543  grad_norm:  0.6496  memory:  0.20GiB(0.32%)  tps: 4,588  tflops: 0.14  mfu: 0.04%
[rank0]:[titan] 2026-08-13 23:10:03,590 - root - INFO - step: 988  loss:  2.71001  grad_norm:  0.4962  memory:  0.20GiB(0.32%)  tps: 4,621  tflops: 0.14  mfu: 0.04%
[rank0]:[titan] 2026-08-13 23:10:04,037 - root - INFO - step: 989  loss:  2.83572  grad_norm:  0.5357  memory:  0.20GiB(0.32%)  tps: 4,592  tflops: 0.14  mfu: 0.04%
[rank0]:[titan] 2026-08-13 23:10:04,481 - root - INFO - step: 990  loss:  2.76095  grad_norm:  0.5305  memory:  0.20GiB(0.32%)  tps: 4,630  tflops: 0.14  mfu: 0.04%
[rank0]:[titan] 2026-08-13 23:10:04,926 - root - INFO - step: 991  loss:  2.73643  grad_norm:  0.5117  memory:  0.20GiB(0.32%)  tps: 4,614  tflops: 0.14  mfu: 0.04%
[rank0]:[titan] 2026-08-13 23:10:05,372 - root - INFO - step: 992  loss:  2.68291  grad_norm:  0.5370  memory:  0.20GiB(0.32%)  tps: 4,603  tflops: 0.14  mfu: 0.04%
[rank0]:[titan] 2026-08-13 23:10:05,811 - root - INFO - step: 993  loss:  2.66434  grad_norm:  0.3688  memory:  0.20GiB(0.32%)  tps: 4,681  tflops: 0.14  mfu: 0.04%
[rank0]:[titan] 2026-08-13 23:10:06,253 - root - INFO - step: 994  loss:  3.03944  grad_norm:  0.9878  memory:  0.20GiB(0.32%)  tps: 4,650  tflops: 0.14  mfu: 0.04%
[rank0]:[titan] 2026-08-13 23:10:06,695 - root - INFO - step: 995  loss:  2.71435  grad_norm:  0.5332  memory:  0.20GiB(0.32%)  tps: 4,650  tflops: 0.14  mfu: 0.04%
[rank0]:[titan] 2026-08-13 23:10:07,129 - root - INFO - step: 996  loss:  2.86990  grad_norm:  0.5576  memory:  0.20GiB(0.32%)  tps: 4,724  tflops: 0.14  mfu: 0.04%
[rank0]:[titan] 2026-08-13 23:10:07,578 - root - INFO - step: 997  loss:  2.83503  grad_norm:  0.5024  memory:  0.20GiB(0.32%)  tps: 4,585  tflops: 0.14  mfu: 0.04%
[rank0]:[titan] 2026-08-13 23:10:08,057 - root - INFO - step: 998  loss:  2.76828  grad_norm:  0.5805  memory:  0.20GiB(0.32%)  tps: 4,286  tflops: 0.13  mfu: 0.04%
[rank0]:[titan] 2026-08-13 23:10:08,534 - root - INFO - step: 999  loss:  2.69275  grad_norm:  0.4630  memory:  0.20GiB(0.32%)  tps: 4,307  tflops: 0.13  mfu: 0.04%
[rank0]:[titan] 2026-08-13 23:10:08,537 - root - INFO - [GC] Performing periodic GC collection took 0.00 seconds
[rank0]:[titan] 2026-08-13 23:10:08,982 - root - INFO - step: 1000  loss:  2.68309  grad_norm:  0.4890  memory:  0.20GiB(0.32%)  tps: 4,586  tflops: 0.14  mfu: 0.04%
[rank0]:[titan] 2026-08-13 23:10:08,983 - root - INFO - Sleeping 2 seconds for other ranks to complete
[rank0]:[titan] 2026-08-13 23:10:10,983 - root - INFO - Training completed
[rank0]:[titan] 2026-08-13 23:10:10,984 - root - INFO - Destroying the purge thread.
[rank0]:[titan] 2026-08-13 23:10:10,988 - root - INFO - Process group destroyed
